Hamiltonian_Index,Number_of_Sites,Max_Interactions,Ground_State_Density,Hamiltonian_Density,Overlap,Initial_State_Index,Algorithm,Budget,Budget_Fraction,Fidelity,Final_Pool_Size,Final_Pool_Fraction,Terminated_Early,Seed
7,12,2,0.162841796875,0.003173828125,0.09693981609639091,1713,BARK,1,0.000244140625,0.09693981609639091,2048.0,0.5,False,3394436632
7,12,2,0.162841796875,0.003173828125,0.09693981609639091,1713,BARK,2,0.00048828125,0.14555255376391563,2048.0,0.5,False,3394436632
7,12,2,0.162841796875,0.003173828125,0.09693981609639091,1713,BARK,3,0.000732421875,0.15228585947184467,2048.0,0.5,False,3394436632
7,12,2,0.162841796875,0.003173828125,0.09693981609639091,1713,BARK,4,0.0009765625,0.15301994650704523,2048.0,0.5,False,3394436632
7,12,2,0.162841796875,0.003173828125,0.09693981609639091,1713,BARK,5,0.001220703125,0.15326837893609357,2048.0,0.5,False,3394436632
7,12,2,0.162841796875,0.003173828125,0.09693981609639091,1713,BARK,6,0.00146484375,0.15443227354616323,2048.0,0.5,False,3394436632
7,12,2,0.162841796875,0.003173828125,0.09693981609639091,1713,BARK,8,0.001953125,0.15583880193615315,2048.0,0.5,False,3394436632
7,12,2,0.162841796875,0.003173828125,0.09693981609639091,1713,BARK,11,0.002685546875,0.15597454716678624,2048.0,0.5,False,3394436632
7,12,2,0.162841796875,0.003173828125,0.09693981609639091,1713,BARK,14,0.00341796875,0.15690048565318385,2048.0,0.5,False,3394436632
7,12,2,0.162841796875,0.003173828125,0.09693981609639091,1713,BARK,18,0.00439453125,0.1570226180433143,2048.0,0.5,False,3394436632
7,12,2,0.162841796875,0.003173828125,0.09693981609639091,1713,BARK,23,0.005615234375,0.15704894431025493,2048.0,0.5,False,3394436632
7,12,2,0.162841796875,0.003173828125,0.09693981609639091,1713,BARK,31,0.007568359375,0.7439057638168933,2048.0,0.5,False,3394436632
7,12,2,0.162841796875,0.003173828125,0.09693981609639091,1713,BARK,40,0.009765625,0.8011353379507079,2048.0,0.5,False,3394436632
7,12,2,0.162841796875,0.003173828125,0.09693981609639091,1713,BARK,52,0.0126953125,0.8088056856810599,2048.0,0.5,False,3394436632
7,12,2,0.162841796875,0.003173828125,0.09693981609639091,1713,BARK,67,0.016357421875,0.8161747064718579,2048.0,0.5,False,3394436632
7,12,2,0.162841796875,0.003173828125,0.09693981609639091,1713,BARK,87,0.021240234375,0.816616569342189,2048.0,0.5,False,3394436632
7,12,2,0.162841796875,0.003173828125,0.09693981609639091,1713,BARK,114,0.02783203125,0.817365077517718,2048.0,0.5,False,3394436632
7,12,2,0.162841796875,0.003173828125,0.09693981609639091,1713,BARK,148,0.0361328125,0.8174405478819051,2048.0,0.5,False,3394436632
7,12,2,0.162841796875,0.003173828125,0.09693981609639091,1713,BARK,192,0.046875,0.8337702879729285,2048.0,0.5,False,3394436632
7,12,2,0.162841796875,0.003173828125,0.09693981609639091,1713,BARK,250,0.06103515625,0.8740416114346755,2048.0,0.5,False,3394436632
7,12,2,0.162841796875,0.003173828125,0.09693981609639091,1713,BARK,325,0.079345703125,0.8707565682332544,2048.0,0.5,False,3394436632
7,12,2,0.162841796875,0.003173828125,0.09693981609639091,1713,BARK,423,0.103271484375,0.9354325631700748,2048.0,0.5,False,3394436632
7,12,2,0.162841796875,0.003173828125,0.09693981609639091,1713,BARK,550,0.13427734375,0.984989008462245,2048.0,0.5,False,3394436632
7,12,2,0.162841796875,0.003173828125,0.09693981609639091,1713,BARK,715,0.174560546875,0.998276650612097,2048.0,0.5,False,3394436632
7,12,2,0.162841796875,0.003173828125,0.09693981609639091,1713,BARK,931,0.227294921875,0.9996631450110345,2048.0,0.5,False,3394436632
7,12,2,0.162841796875,0.003173828125,0.09693981609639091,1713,BARK,1210,0.29541015625,0.9999735532748464,2048.0,0.5,False,3394436632
7,12,2,0.162841796875,0.003173828125,0.09693981609639091,1713,BARK,1575,0.384521484375,0.9999969350850336,2048.0,0.5,False,3394436632
7,12,2,0.162841796875,0.003173828125,0.09693981609639091,1713,BARK,2048,0.5,1.0000000000000004,2048.0,0.5,False,3394436632
7,12,2,0.162841796875,0.003173828125,0.09693981609639091,1713,Simplified BARK,1,0.000244140625,0.09693981609639091,2048.0,0.5,False,3394436632
7,12,2,0.162841796875,0.003173828125,0.09693981609639091,1713,Simplified BARK,2,0.00048828125,0.10087906771742788,2048.0,0.5,False,3394436632
7,12,2,0.162841796875,0.003173828125,0.09693981609639091,1713,Simplified BARK,3,0.000732421875,0.14838348811115662,2048.0,0.5,False,3394436632
7,12,2,0.162841796875,0.003173828125,0.09693981609639091,1713,Simplified BARK,4,0.0009765625,0.15147114132835116,2048.0,0.5,False,3394436632
7,12,2,0.162841796875,0.003173828125,0.09693981609639091,1713,Simplified BARK,5,0.001220703125,0.19902782150413798,2048.0,0.5,False,3394436632
7,12,2,0.162841796875,0.003173828125,0.09693981609639091,1713,Simplified BARK,6,0.00146484375,0.20363837569988844,2048.0,0.5,False,3394436632
7,12,2,0.162841796875,0.003173828125,0.09693981609639091,1713,Simplified BARK,8,0.001953125,0.24110683433945915,2048.0,0.5,False,3394436632
7,12,2,0.162841796875,0.003173828125,0.09693981609639091,1713,Simplified BARK,11,0.002685546875,0.7524610739719968,2048.0,0.5,False,3394436632
7,12,2,0.162841796875,0.003173828125,0.09693981609639091,1713,Simplified BARK,14,0.00341796875,0.767648959298803,2048.0,0.5,False,3394436632
7,12,2,0.162841796875,0.003173828125,0.09693981609639091,1713,Simplified BARK,18,0.00439453125,0.7753935645361972,2048.0,0.5,False,3394436632
7,12,2,0.162841796875,0.003173828125,0.09693981609639091,1713,Simplified BARK,23,0.005615234375,0.790052689360362,2048.0,0.5,False,3394436632
7,12,2,0.162841796875,0.003173828125,0.09693981609639091,1713,Simplified BARK,31,0.007568359375,0.7906809399952507,2048.0,0.5,False,3394436632
7,12,2,0.162841796875,0.003173828125,0.09693981609639091,1713,Simplified BARK,40,0.009765625,0.7909901539273024,2048.0,0.5,False,3394436632
7,12,2,0.162841796875,0.003173828125,0.09693981609639091,1713,Simplified BARK,52,0.0126953125,0.7922013524466723,2048.0,0.5,False,3394436632
7,12,2,0.162841796875,0.003173828125,0.09693981609639091,1713,Simplified BARK,67,0.016357421875,0.7922065440530844,2048.0,0.5,False,3394436632
7,12,2,0.162841796875,0.003173828125,0.09693981609639091,1713,Simplified BARK,87,0.021240234375,0.7922463503036232,2048.0,0.5,False,3394436632
7,12,2,0.162841796875,0.003173828125,0.09693981609639091,1713,Simplified BARK,114,0.02783203125,0.7923461709967331,2048.0,0.5,False,3394436632
7,12,2,0.162841796875,0.003173828125,0.09693981609639091,1713,Simplified BARK,148,0.0361328125,0.8327143490320649,2048.0,0.5,False,3394436632
7,12,2,0.162841796875,0.003173828125,0.09693981609639091,1713,Simplified BARK,192,0.046875,0.8327485438487496,2048.0,0.5,False,3394436632
7,12,2,0.162841796875,0.003173828125,0.09693981609639091,1713,Simplified BARK,250,0.06103515625,0.8327452572955606,2048.0,0.5,False,3394436632
7,12,2,0.162841796875,0.003173828125,0.09693981609639091,1713,Simplified BARK,325,0.079345703125,0.8327786662078408,2048.0,0.5,False,3394436632
7,12,2,0.162841796875,0.003173828125,0.09693981609639091,1713,Simplified BARK,423,0.103271484375,0.8337463513255973,2048.0,0.5,False,3394436632
7,12,2,0.162841796875,0.003173828125,0.09693981609639091,1713,Simplified BARK,550,0.13427734375,0.852697804620147,2048.0,0.5,False,3394436632
7,12,2,0.162841796875,0.003173828125,0.09693981609639091,1713,Simplified BARK,715,0.174560546875,0.8606429029323261,2048.0,0.5,False,3394436632
7,12,2,0.162841796875,0.003173828125,0.09693981609639091,1713,Simplified BARK,931,0.227294921875,0.8735047198993866,2048.0,0.5,False,3394436632
7,12,2,0.162841796875,0.003173828125,0.09693981609639091,1713,Simplified BARK,1210,0.29541015625,0.8758991013497793,2048.0,0.5,False,3394436632
7,12,2,0.162841796875,0.003173828125,0.09693981609639091,1713,Simplified BARK,1575,0.384521484375,0.9968052480727487,2048.0,0.5,False,3394436632
7,12,2,0.162841796875,0.003173828125,0.09693981609639091,1713,Simplified BARK,2048,0.5,1.0000000000000009,2048.0,0.5,False,3394436632
7,12,2,0.162841796875,0.003173828125,0.09693981609639091,1713,SKQD,1,0.000244140625,0.09693981609639091,789.6666666666666,0.19278971354166666,True,3394436632
7,12,2,0.162841796875,0.003173828125,0.09693981609639091,1713,SKQD,2,0.00048828125,0.09693981609639091,789.6666666666666,0.19278971354166666,True,3394436632
7,12,2,0.162841796875,0.003173828125,0.09693981609639091,1713,SKQD,3,0.000732421875,0.09693981609639091,789.6666666666666,0.19278971354166666,True,3394436632
7,12,2,0.162841796875,0.003173828125,0.09693981609639091,1713,SKQD,4,0.0009765625,0.09693981609639091,789.6666666666666,0.19278971354166666,True,3394436632
7,12,2,0.162841796875,0.003173828125,0.09693981609639091,1713,SKQD,5,0.001220703125,0.1711177383333291,789.6666666666666,0.19278971354166666,True,3394436632
7,12,2,0.162841796875,0.003173828125,0.09693981609639091,1713,SKQD,6,0.00146484375,0.1711177383333291,789.6666666666666,0.19278971354166666,True,3394436632
7,12,2,0.162841796875,0.003173828125,0.09693981609639091,1713,SKQD,8,0.001953125,0.20021104850778312,789.6666666666666,0.19278971354166666,True,3394436632
7,12,2,0.162841796875,0.003173828125,0.09693981609639091,1713,SKQD,11,0.002685546875,0.2038383314345187,789.6666666666666,0.19278971354166666,True,3394436632
7,12,2,0.162841796875,0.003173828125,0.09693981609639091,1713,SKQD,14,0.00341796875,0.23412185944933261,789.6666666666666,0.19278971354166666,True,3394436632
7,12,2,0.162841796875,0.003173828125,0.09693981609639091,1713,SKQD,18,0.00439453125,0.23412185944933261,789.6666666666666,0.19278971354166666,True,3394436632
7,12,2,0.162841796875,0.003173828125,0.09693981609639091,1713,SKQD,23,0.005615234375,0.3202313580936472,789.6666666666666,0.19278971354166666,True,3394436632
7,12,2,0.162841796875,0.003173828125,0.09693981609639091,1713,SKQD,31,0.007568359375,0.3202313580936472,789.6666666666666,0.19278971354166666,True,3394436632
7,12,2,0.162841796875,0.003173828125,0.09693981609639091,1713,SKQD,40,0.009765625,0.4113960882100162,789.6666666666666,0.19278971354166666,True,3394436632
7,12,2,0.162841796875,0.003173828125,0.09693981609639091,1713,SKQD,52,0.0126953125,0.5596798105464501,789.6666666666666,0.19278971354166666,True,3394436632
7,12,2,0.162841796875,0.003173828125,0.09693981609639091,1713,SKQD,67,0.016357421875,0.5735573163748486,789.6666666666666,0.19278971354166666,True,3394436632
7,12,2,0.162841796875,0.003173828125,0.09693981609639091,1713,SKQD,87,0.021240234375,0.7364238133628676,789.6666666666666,0.19278971354166666,True,3394436632
7,12,2,0.162841796875,0.003173828125,0.09693981609639091,1713,SKQD,114,0.02783203125,0.8861062925197304,789.6666666666666,0.19278971354166666,True,3394436632
7,12,2,0.162841796875,0.003173828125,0.09693981609639091,1713,SKQD,148,0.0361328125,0.8981609045777504,789.6666666666666,0.19278971354166666,True,3394436632
7,12,2,0.162841796875,0.003173828125,0.09693981609639091,1713,SKQD,192,0.046875,0.946257347480688,789.6666666666666,0.19278971354166666,True,3394436632
7,12,2,0.162841796875,0.003173828125,0.09693981609639091,1713,SKQD,250,0.06103515625,0.9626632699924963,789.6666666666666,0.19278971354166666,True,3394436632
7,12,2,0.162841796875,0.003173828125,0.09693981609639091,1713,SKQD,325,0.079345703125,0.9693603399670933,789.6666666666666,0.19278971354166666,True,3394436632
7,12,2,0.162841796875,0.003173828125,0.09693981609639091,1713,SKQD,423,0.103271484375,0.9859226595376286,789.6666666666666,0.19278971354166666,True,3394436632
7,12,2,0.162841796875,0.003173828125,0.09693981609639091,1713,SKQD,550,0.13427734375,0.9926992787431269,789.6666666666666,0.19278971354166666,True,3394436632
7,12,2,0.162841796875,0.003173828125,0.09693981609639091,1713,SKQD,715,0.174560546875,0.9970144932739403,789.6666666666666,0.19278971354166666,True,3394436632
7,12,2,0.162841796875,0.003173828125,0.09693981609639091,1713,SKQD,931,0.227294921875,0.9976636706198582,789.6666666666666,0.19278971354166666,True,3394436632
7,12,2,0.162841796875,0.003173828125,0.09693981609639091,1713,SKQD,1210,0.29541015625,0.9976636706198582,789.6666666666666,0.19278971354166666,True,3394436632
7,12,2,0.162841796875,0.003173828125,0.09693981609639091,1713,SKQD,1575,0.384521484375,0.9976636706198582,789.6666666666666,0.19278971354166666,True,3394436632
7,12,2,0.162841796875,0.003173828125,0.09693981609639091,1713,SKQD,2048,0.5,0.9976636706198582,789.6666666666666,0.19278971354166666,True,3394436632
7,12,2,0.162841796875,0.003173828125,0.09693981609639091,1713,Ceiling,1,0.000244140625,0.31583661337060653,2048.0,0.5,False,3394436632
7,12,2,0.162841796875,0.003173828125,0.09693981609639091,1713,Ceiling,2,0.00048828125,0.47805038240651115,2048.0,0.5,False,3394436632
7,12,2,0.162841796875,0.003173828125,0.09693981609639091,1713,Ceiling,3,0.000732421875,0.574990198502902,2048.0,0.5,False,3394436632
7,12,2,0.162841796875,0.003173828125,0.09693981609639091,1713,Ceiling,4,0.0009765625,0.6548857163417323,2048.0,0.5,False,3394436632
7,12,2,0.162841796875,0.003173828125,0.09693981609639091,1713,Ceiling,5,0.001220703125,0.7046217729400529,2048.0,0.5,False,3394436632
7,12,2,0.162841796875,0.003173828125,0.09693981609639091,1713,Ceiling,6,0.00146484375,0.7456393602749273,2048.0,0.5,False,3394436632
7,12,2,0.162841796875,0.003173828125,0.09693981609639091,1713,Ceiling,8,0.001953125,0.7940882553010631,2048.0,0.5,False,3394436632
7,12,2,0.162841796875,0.003173828125,0.09693981609639091,1713,Ceiling,11,0.002685546875,0.8376775572088674,2048.0,0.5,False,3394436632
7,12,2,0.162841796875,0.003173828125,0.09693981609639091,1713,Ceiling,14,0.00341796875,0.8621810909613401,2048.0,0.5,False,3394436632
7,12,2,0.162841796875,0.003173828125,0.09693981609639091,1713,Ceiling,18,0.00439453125,0.8887694550121712,2048.0,0.5,False,3394436632
7,12,2,0.162841796875,0.003173828125,0.09693981609639091,1713,Ceiling,23,0.005615234375,0.9096748379235153,2048.0,0.5,False,3394436632
7,12,2,0.162841796875,0.003173828125,0.09693981609639091,1713,Ceiling,31,0.007568359375,0.9322995445596177,2048.0,0.5,False,3394436632
7,12,2,0.162841796875,0.003173828125,0.09693981609639091,1713,Ceiling,40,0.009765625,0.9490167738477369,2048.0,0.5,False,3394436632
7,12,2,0.162841796875,0.003173828125,0.09693981609639091,1713,Ceiling,52,0.0126953125,0.9634757749031155,2048.0,0.5,False,3394436632
7,12,2,0.162841796875,0.003173828125,0.09693981609639091,1713,Ceiling,67,0.016357421875,0.9737054154146882,2048.0,0.5,False,3394436632
7,12,2,0.162841796875,0.003173828125,0.09693981609639091,1713,Ceiling,87,0.021240234375,0.9820606929585596,2048.0,0.5,False,3394436632
7,12,2,0.162841796875,0.003173828125,0.09693981609639091,1713,Ceiling,114,0.02783203125,0.9883328604499451,2048.0,0.5,False,3394436632
7,12,2,0.162841796875,0.003173828125,0.09693981609639091,1713,Ceiling,148,0.0361328125,0.9924727590712832,2048.0,0.5,False,3394436632
7,12,2,0.162841796875,0.003173828125,0.09693981609639091,1713,Ceiling,192,0.046875,0.9952963360887424,2048.0,0.5,False,3394436632
7,12,2,0.162841796875,0.003173828125,0.09693981609639091,1713,Ceiling,250,0.06103515625,0.9972433877951887,2048.0,0.5,False,3394436632
7,12,2,0.162841796875,0.003173828125,0.09693981609639091,1713,Ceiling,325,0.079345703125,0.9985032578981418,2048.0,0.5,False,3394436632
7,12,2,0.162841796875,0.003173828125,0.09693981609639091,1713,Ceiling,423,0.103271484375,0.9992528760358497,2048.0,0.5,False,3394436632
7,12,2,0.162841796875,0.003173828125,0.09693981609639091,1713,Ceiling,550,0.13427734375,0.9996629237675607,2048.0,0.5,False,3394436632
7,12,2,0.162841796875,0.003173828125,0.09693981609639091,1713,Ceiling,715,0.174560546875,0.999878032148167,2048.0,0.5,False,3394436632
7,12,2,0.162841796875,0.003173828125,0.09693981609639091,1713,Ceiling,931,0.227294921875,0.9999637336494701,2048.0,0.5,False,3394436632
7,12,2,0.162841796875,0.003173828125,0.09693981609639091,1713,Ceiling,1210,0.29541015625,0.9999928275579324,2048.0,0.5,False,3394436632
7,12,2,0.162841796875,0.003173828125,0.09693981609639091,1713,Ceiling,1575,0.384521484375,0.9999995096789813,2048.0,0.5,False,3394436632
7,12,2,0.162841796875,0.003173828125,0.09693981609639091,1713,Ceiling,2048,0.5,1.0,2048.0,0.5,False,3394436632
7,12,2,0.162841796875,0.003173828125,0.16221376903590462,2034,BARK,1,0.000244140625,0.16221376903590462,2048.0,0.5,False,3394436632
7,12,2,0.162841796875,0.003173828125,0.16221376903590462,2034,BARK,2,0.00048828125,0.47436847815699623,2048.0,0.5,False,3394436632
7,12,2,0.162841796875,0.003173828125,0.16221376903590462,2034,BARK,3,0.000732421875,0.5367137228849639,2048.0,0.5,False,3394436632
7,12,2,0.162841796875,0.003173828125,0.16221376903590462,2034,BARK,4,0.0009765625,0.5804196504910458,2048.0,0.5,False,3394436632
7,12,2,0.162841796875,0.003173828125,0.16221376903590462,2034,BARK,5,0.001220703125,0.6002076024691267,2048.0,0.5,False,3394436632
7,12,2,0.162841796875,0.003173828125,0.16221376903590462,2034,BARK,6,0.00146484375,0.7299025937553345,2048.0,0.5,False,3394436632
7,12,2,0.162841796875,0.003173828125,0.16221376903590462,2034,BARK,8,0.001953125,0.7439055750974127,2048.0,0.5,False,3394436632
7,12,2,0.162841796875,0.003173828125,0.16221376903590462,2034,BARK,11,0.002685546875,0.7496428655546508,2048.0,0.5,False,3394436632
7,12,2,0.162841796875,0.003173828125,0.16221376903590462,2034,BARK,14,0.00341796875,0.757970122070221,2048.0,0.5,False,3394436632
7,12,2,0.162841796875,0.003173828125,0.16221376903590462,2034,BARK,18,0.00439453125,0.7746523094663382,2048.0,0.5,False,3394436632
7,12,2,0.162841796875,0.003173828125,0.16221376903590462,2034,BARK,23,0.005615234375,0.7751556207189517,2048.0,0.5,False,3394436632
7,12,2,0.162841796875,0.003173828125,0.16221376903590462,2034,BARK,31,0.007568359375,0.7723220291388917,2048.0,0.5,False,3394436632
7,12,2,0.162841796875,0.003173828125,0.16221376903590462,2034,BARK,40,0.009765625,0.8079588115010049,2048.0,0.5,False,3394436632
7,12,2,0.162841796875,0.003173828125,0.16221376903590462,2034,BARK,52,0.0126953125,0.8197584098937075,2048.0,0.5,False,3394436632
7,12,2,0.162841796875,0.003173828125,0.16221376903590462,2034,BARK,67,0.016357421875,0.8209935870506198,2048.0,0.5,False,3394436632
7,12,2,0.162841796875,0.003173828125,0.16221376903590462,2034,BARK,87,0.021240234375,0.8204941965742543,2048.0,0.5,False,3394436632
7,12,2,0.162841796875,0.003173828125,0.16221376903590462,2034,BARK,114,0.02783203125,0.8956153538994335,2048.0,0.5,False,3394436632
7,12,2,0.162841796875,0.003173828125,0.16221376903590462,2034,BARK,148,0.0361328125,0.9044257255949018,2048.0,0.5,False,3394436632
7,12,2,0.162841796875,0.003173828125,0.16221376903590462,2034,BARK,192,0.046875,0.9062692545406125,2048.0,0.5,False,3394436632
7,12,2,0.162841796875,0.003173828125,0.16221376903590462,2034,BARK,250,0.06103515625,0.9154579945262087,2048.0,0.5,False,3394436632
7,12,2,0.162841796875,0.003173828125,0.16221376903590462,2034,BARK,325,0.079345703125,0.9537974752736782,2048.0,0.5,False,3394436632
7,12,2,0.162841796875,0.003173828125,0.16221376903590462,2034,BARK,423,0.103271484375,0.9842058600012732,2048.0,0.5,False,3394436632
7,12,2,0.162841796875,0.003173828125,0.16221376903590462,2034,BARK,550,0.13427734375,0.9904600736568339,2048.0,0.5,False,3394436632
7,12,2,0.162841796875,0.003173828125,0.16221376903590462,2034,BARK,715,0.174560546875,0.9982077091957762,2048.0,0.5,False,3394436632
7,12,2,0.162841796875,0.003173828125,0.16221376903590462,2034,BARK,931,0.227294921875,0.9990976216963566,2048.0,0.5,False,3394436632
7,12,2,0.162841796875,0.003173828125,0.16221376903590462,2034,BARK,1210,0.29541015625,0.999967734875786,2048.0,0.5,False,3394436632
7,12,2,0.162841796875,0.003173828125,0.16221376903590462,2034,BARK,1575,0.384521484375,0.9999967642981014,2048.0,0.5,False,3394436632
7,12,2,0.162841796875,0.003173828125,0.16221376903590462,2034,BARK,2048,0.5,1.0000000000000004,2048.0,0.5,False,3394436632
7,12,2,0.162841796875,0.003173828125,0.16221376903590462,2034,Simplified BARK,1,0.000244140625,0.16221376903590462,2048.0,0.5,False,3394436632
7,12,2,0.162841796875,0.003173828125,0.16221376903590462,2034,Simplified BARK,2,0.00048828125,0.1682225173086418,2048.0,0.5,False,3394436632
7,12,2,0.162841796875,0.003173828125,0.16221376903590462,2034,Simplified BARK,3,0.000732421875,0.482272582254336,2048.0,0.5,False,3394436632
7,12,2,0.162841796875,0.003173828125,0.16221376903590462,2034,Simplified BARK,4,0.0009765625,0.4918807086366068,2048.0,0.5,False,3394436632
7,12,2,0.162841796875,0.003173828125,0.16221376903590462,2034,Simplified BARK,5,0.001220703125,0.5521602870181528,2048.0,0.5,False,3394436632
7,12,2,0.162841796875,0.003173828125,0.16221376903590462,2034,Simplified BARK,6,0.00146484375,0.5565592886685011,2048.0,0.5,False,3394436632
7,12,2,0.162841796875,0.003173828125,0.16221376903590462,2034,Simplified BARK,8,0.001953125,0.601906563280699,2048.0,0.5,False,3394436632
7,12,2,0.162841796875,0.003173828125,0.16221376903590462,2034,Simplified BARK,11,0.002685546875,0.7496428655546502,2048.0,0.5,False,3394436632
7,12,2,0.162841796875,0.003173828125,0.16221376903590462,2034,Simplified BARK,14,0.00341796875,0.7676489592988024,2048.0,0.5,False,3394436632
7,12,2,0.162841796875,0.003173828125,0.16221376903590462,2034,Simplified BARK,18,0.00439453125,0.7753935645361969,2048.0,0.5,False,3394436632
7,12,2,0.162841796875,0.003173828125,0.16221376903590462,2034,Simplified BARK,23,0.005615234375,0.790052689360362,2048.0,0.5,False,3394436632
7,12,2,0.162841796875,0.003173828125,0.16221376903590462,2034,Simplified BARK,31,0.007568359375,0.79068093999525,2048.0,0.5,False,3394436632
7,12,2,0.162841796875,0.003173828125,0.16221376903590462,2034,Simplified BARK,40,0.009765625,0.7909901539273024,2048.0,0.5,False,3394436632
7,12,2,0.162841796875,0.003173828125,0.16221376903590462,2034,Simplified BARK,52,0.0126953125,0.7922013524466723,2048.0,0.5,False,3394436632
7,12,2,0.162841796875,0.003173828125,0.16221376903590462,2034,Simplified BARK,67,0.016357421875,0.7922065440530844,2048.0,0.5,False,3394436632
7,12,2,0.162841796875,0.003173828125,0.16221376903590462,2034,Simplified BARK,87,0.021240234375,0.7922463503036228,2048.0,0.5,False,3394436632
7,12,2,0.162841796875,0.003173828125,0.16221376903590462,2034,Simplified BARK,114,0.02783203125,0.7923461709967321,2048.0,0.5,False,3394436632
7,12,2,0.162841796875,0.003173828125,0.16221376903590462,2034,Simplified BARK,148,0.0361328125,0.8327143490320644,2048.0,0.5,False,3394436632
7,12,2,0.162841796875,0.003173828125,0.16221376903590462,2034,Simplified BARK,192,0.046875,0.8327485438487494,2048.0,0.5,False,3394436632
7,12,2,0.162841796875,0.003173828125,0.16221376903590462,2034,Simplified BARK,250,0.06103515625,0.832745257295561,2048.0,0.5,False,3394436632
7,12,2,0.162841796875,0.003173828125,0.16221376903590462,2034,Simplified BARK,325,0.079345703125,0.8327786662078406,2048.0,0.5,False,3394436632
7,12,2,0.162841796875,0.003173828125,0.16221376903590462,2034,Simplified BARK,423,0.103271484375,0.8337463513255974,2048.0,0.5,False,3394436632
7,12,2,0.162841796875,0.003173828125,0.16221376903590462,2034,Simplified BARK,550,0.13427734375,0.8526978046201482,2048.0,0.5,False,3394436632
7,12,2,0.162841796875,0.003173828125,0.16221376903590462,2034,Simplified BARK,715,0.174560546875,0.8606429029323264,2048.0,0.5,False,3394436632
7,12,2,0.162841796875,0.003173828125,0.16221376903590462,2034,Simplified BARK,931,0.227294921875,0.8735047198993868,2048.0,0.5,False,3394436632
7,12,2,0.162841796875,0.003173828125,0.16221376903590462,2034,Simplified BARK,1210,0.29541015625,0.8758991013497793,2048.0,0.5,False,3394436632
7,12,2,0.162841796875,0.003173828125,0.16221376903590462,2034,Simplified BARK,1575,0.384521484375,0.996805248072749,2048.0,0.5,False,3394436632
7,12,2,0.162841796875,0.003173828125,0.16221376903590462,2034,Simplified BARK,2048,0.5,1.0000000000000013,2048.0,0.5,False,3394436632
7,12,2,0.162841796875,0.003173828125,0.16221376903590462,2034,SKQD,1,0.000244140625,0.16221376903590462,903.6666666666666,0.22062174479166666,True,3394436632
7,12,2,0.162841796875,0.003173828125,0.16221376903590462,2034,SKQD,2,0.00048828125,0.16221376903590462,903.6666666666666,0.22062174479166666,True,3394436632
7,12,2,0.162841796875,0.003173828125,0.16221376903590462,2034,SKQD,3,0.000732421875,0.16221376903590462,903.6666666666666,0.22062174479166666,True,3394436632
7,12,2,0.162841796875,0.003173828125,0.16221376903590462,2034,SKQD,4,0.0009765625,0.16221376903590462,903.6666666666666,0.22062174479166666,True,3394436632
7,12,2,0.162841796875,0.003173828125,0.16221376903590462,2034,SKQD,5,0.001220703125,0.16221376903590462,903.6666666666666,0.22062174479166666,True,3394436632
7,12,2,0.162841796875,0.003173828125,0.16221376903590462,2034,SKQD,6,0.00146484375,0.16221376903590462,903.6666666666666,0.22062174479166666,True,3394436632
7,12,2,0.162841796875,0.003173828125,0.16221376903590462,2034,SKQD,8,0.001953125,0.16221376903590462,903.6666666666666,0.22062174479166666,True,3394436632
7,12,2,0.162841796875,0.003173828125,0.16221376903590462,2034,SKQD,11,0.002685546875,0.16221376903590462,903.6666666666666,0.22062174479166666,True,3394436632
7,12,2,0.162841796875,0.003173828125,0.16221376903590462,2034,SKQD,14,0.00341796875,0.16221376903590462,903.6666666666666,0.22062174479166666,True,3394436632
7,12,2,0.162841796875,0.003173828125,0.16221376903590462,2034,SKQD,18,0.00439453125,0.16221376903590462,903.6666666666666,0.22062174479166666,True,3394436632
7,12,2,0.162841796875,0.003173828125,0.16221376903590462,2034,SKQD,23,0.005615234375,0.16221376903590462,903.6666666666666,0.22062174479166666,True,3394436632
7,12,2,0.162841796875,0.003173828125,0.16221376903590462,2034,SKQD,31,0.007568359375,0.33743773334196564,903.6666666666666,0.22062174479166666,True,3394436632
7,12,2,0.162841796875,0.003173828125,0.16221376903590462,2034,SKQD,40,0.009765625,0.5091254818092997,903.6666666666666,0.22062174479166666,True,3394436632
7,12,2,0.162841796875,0.003173828125,0.16221376903590462,2034,SKQD,52,0.0126953125,0.6883670599966978,903.6666666666666,0.22062174479166666,True,3394436632
7,12,2,0.162841796875,0.003173828125,0.16221376903590462,2034,SKQD,67,0.016357421875,0.7241713859039596,903.6666666666666,0.22062174479166666,True,3394436632
7,12,2,0.162841796875,0.003173828125,0.16221376903590462,2034,SKQD,87,0.021240234375,0.7900524242575728,903.6666666666666,0.22062174479166666,True,3394436632
7,12,2,0.162841796875,0.003173828125,0.16221376903590462,2034,SKQD,114,0.02783203125,0.7993290112754657,903.6666666666666,0.22062174479166666,True,3394436632
7,12,2,0.162841796875,0.003173828125,0.16221376903590462,2034,SKQD,148,0.0361328125,0.8478772991494772,903.6666666666666,0.22062174479166666,True,3394436632
7,12,2,0.162841796875,0.003173828125,0.16221376903590462,2034,SKQD,192,0.046875,0.8783353087587762,903.6666666666666,0.22062174479166666,True,3394436632
7,12,2,0.162841796875,0.003173828125,0.16221376903590462,2034,SKQD,250,0.06103515625,0.9037528887876504,903.6666666666666,0.22062174479166666,True,3394436632
7,12,2,0.162841796875,0.003173828125,0.16221376903590462,2034,SKQD,325,0.079345703125,0.9401088973430514,903.6666666666666,0.22062174479166666,True,3394436632
7,12,2,0.162841796875,0.003173828125,0.16221376903590462,2034,SKQD,423,0.103271484375,0.9660582617137945,903.6666666666666,0.22062174479166666,True,3394436632
7,12,2,0.162841796875,0.003173828125,0.16221376903590462,2034,SKQD,550,0.13427734375,0.9805961484152942,903.6666666666666,0.22062174479166666,True,3394436632
7,12,2,0.162841796875,0.003173828125,0.16221376903590462,2034,SKQD,715,0.174560546875,0.9935625729420057,903.6666666666666,0.22062174479166666,True,3394436632
7,12,2,0.162841796875,0.003173828125,0.16221376903590462,2034,SKQD,931,0.227294921875,0.9970400809829675,903.6666666666666,0.22062174479166666,True,3394436632
7,12,2,0.162841796875,0.003173828125,0.16221376903590462,2034,SKQD,1210,0.29541015625,0.9971253310086965,903.6666666666666,0.22062174479166666,True,3394436632
7,12,2,0.162841796875,0.003173828125,0.16221376903590462,2034,SKQD,1575,0.384521484375,0.9971253310086965,903.6666666666666,0.22062174479166666,True,3394436632
7,12,2,0.162841796875,0.003173828125,0.16221376903590462,2034,SKQD,2048,0.5,0.9971253310086965,903.6666666666666,0.22062174479166666,True,3394436632
7,12,2,0.162841796875,0.003173828125,0.16221376903590462,2034,Ceiling,1,0.000244140625,0.31583661337060653,2048.0,0.5,False,3394436632
7,12,2,0.162841796875,0.003173828125,0.16221376903590462,2034,Ceiling,2,0.00048828125,0.47805038240651115,2048.0,0.5,False,3394436632
7,12,2,0.162841796875,0.003173828125,0.16221376903590462,2034,Ceiling,3,0.000732421875,0.574990198502902,2048.0,0.5,False,3394436632
7,12,2,0.162841796875,0.003173828125,0.16221376903590462,2034,Ceiling,4,0.0009765625,0.6548857163417323,2048.0,0.5,False,3394436632
7,12,2,0.162841796875,0.003173828125,0.16221376903590462,2034,Ceiling,5,0.001220703125,0.7046217729400529,2048.0,0.5,False,3394436632
7,12,2,0.162841796875,0.003173828125,0.16221376903590462,2034,Ceiling,6,0.00146484375,0.7456393602749273,2048.0,0.5,False,3394436632
7,12,2,0.162841796875,0.003173828125,0.16221376903590462,2034,Ceiling,8,0.001953125,0.7940882553010631,2048.0,0.5,False,3394436632
7,12,2,0.162841796875,0.003173828125,0.16221376903590462,2034,Ceiling,11,0.002685546875,0.8376775572088674,2048.0,0.5,False,3394436632
7,12,2,0.162841796875,0.003173828125,0.16221376903590462,2034,Ceiling,14,0.00341796875,0.8621810909613401,2048.0,0.5,False,3394436632
7,12,2,0.162841796875,0.003173828125,0.16221376903590462,2034,Ceiling,18,0.00439453125,0.8887694550121712,2048.0,0.5,False,3394436632
7,12,2,0.162841796875,0.003173828125,0.16221376903590462,2034,Ceiling,23,0.005615234375,0.9096748379235153,2048.0,0.5,False,3394436632
7,12,2,0.162841796875,0.003173828125,0.16221376903590462,2034,Ceiling,31,0.007568359375,0.9322995445596177,2048.0,0.5,False,3394436632
7,12,2,0.162841796875,0.003173828125,0.16221376903590462,2034,Ceiling,40,0.009765625,0.9490167738477369,2048.0,0.5,False,3394436632
7,12,2,0.162841796875,0.003173828125,0.16221376903590462,2034,Ceiling,52,0.0126953125,0.9634757749031155,2048.0,0.5,False,3394436632
7,12,2,0.162841796875,0.003173828125,0.16221376903590462,2034,Ceiling,67,0.016357421875,0.9737054154146882,2048.0,0.5,False,3394436632
7,12,2,0.162841796875,0.003173828125,0.16221376903590462,2034,Ceiling,87,0.021240234375,0.9820606929585596,2048.0,0.5,False,3394436632
7,12,2,0.162841796875,0.003173828125,0.16221376903590462,2034,Ceiling,114,0.02783203125,0.9883328604499451,2048.0,0.5,False,3394436632
7,12,2,0.162841796875,0.003173828125,0.16221376903590462,2034,Ceiling,148,0.0361328125,0.9924727590712832,2048.0,0.5,False,3394436632
7,12,2,0.162841796875,0.003173828125,0.16221376903590462,2034,Ceiling,192,0.046875,0.9952963360887424,2048.0,0.5,False,3394436632
7,12,2,0.162841796875,0.003173828125,0.16221376903590462,2034,Ceiling,250,0.06103515625,0.9972433877951887,2048.0,0.5,False,3394436632
7,12,2,0.162841796875,0.003173828125,0.16221376903590462,2034,Ceiling,325,0.079345703125,0.9985032578981418,2048.0,0.5,False,3394436632
7,12,2,0.162841796875,0.003173828125,0.16221376903590462,2034,Ceiling,423,0.103271484375,0.9992528760358497,2048.0,0.5,False,3394436632
7,12,2,0.162841796875,0.003173828125,0.16221376903590462,2034,Ceiling,550,0.13427734375,0.9996629237675607,2048.0,0.5,False,3394436632
7,12,2,0.162841796875,0.003173828125,0.16221376903590462,2034,Ceiling,715,0.174560546875,0.999878032148167,2048.0,0.5,False,3394436632
7,12,2,0.162841796875,0.003173828125,0.16221376903590462,2034,Ceiling,931,0.227294921875,0.9999637336494701,2048.0,0.5,False,3394436632
7,12,2,0.162841796875,0.003173828125,0.16221376903590462,2034,Ceiling,1210,0.29541015625,0.9999928275579324,2048.0,0.5,False,3394436632
7,12,2,0.162841796875,0.003173828125,0.16221376903590462,2034,Ceiling,1575,0.384521484375,0.9999995096789813,2048.0,0.5,False,3394436632
7,12,2,0.162841796875,0.003173828125,0.16221376903590462,2034,Ceiling,2048,0.5,1.0,2048.0,0.5,False,3394436632
7,12,2,0.162841796875,0.003173828125,0.31583661337060653,1714,BARK,1,0.000244140625,0.31583661337060653,2048.0,0.5,False,3394436632
7,12,2,0.162841796875,0.003173828125,0.31583661337060653,1714,BARK,2,0.00048828125,0.47436847815699623,2048.0,0.5,False,3394436632
7,12,2,0.162841796875,0.003173828125,0.31583661337060653,1714,BARK,3,0.000732421875,0.49639372276832683,2048.0,0.5,False,3394436632
7,12,2,0.162841796875,0.003173828125,0.31583661337060653,1714,BARK,4,0.0009765625,0.49880701501039615,2048.0,0.5,False,3394436632
7,12,2,0.162841796875,0.003173828125,0.31583661337060653,1714,BARK,5,0.001220703125,0.4996360705456619,2048.0,0.5,False,3394436632
7,12,2,0.162841796875,0.003173828125,0.31583661337060653,1714,BARK,6,0.00146484375,0.5035070307379175,2048.0,0.5,False,3394436632
7,12,2,0.162841796875,0.003173828125,0.31583661337060653,1714,BARK,8,0.001953125,0.5081773779122439,2048.0,0.5,False,3394436632
7,12,2,0.162841796875,0.003173828125,0.31583661337060653,1714,BARK,11,0.002685546875,0.508725938527964,2048.0,0.5,False,3394436632
7,12,2,0.162841796875,0.003173828125,0.31583661337060653,1714,BARK,14,0.00341796875,0.5116973075036187,2048.0,0.5,False,3394436632
7,12,2,0.162841796875,0.003173828125,0.31583661337060653,1714,BARK,18,0.00439453125,0.5119802789392273,2048.0,0.5,False,3394436632
7,12,2,0.162841796875,0.003173828125,0.31583661337060653,1714,BARK,23,0.005615234375,0.5120799577406425,2048.0,0.5,False,3394436632
7,12,2,0.162841796875,0.003173828125,0.31583661337060653,1714,BARK,31,0.007568359375,0.5227272440657806,2048.0,0.5,False,3394436632
7,12,2,0.162841796875,0.003173828125,0.31583661337060653,1714,BARK,40,0.009765625,0.5415527367379486,2048.0,0.5,False,3394436632
7,12,2,0.162841796875,0.003173828125,0.31583661337060653,1714,BARK,52,0.0126953125,0.5416884031644087,2048.0,0.5,False,3394436632
7,12,2,0.162841796875,0.003173828125,0.31583661337060653,1714,BARK,67,0.016357421875,0.5547768120571647,2048.0,0.5,False,3394436632
7,12,2,0.162841796875,0.003173828125,0.31583661337060653,1714,BARK,87,0.021240234375,0.6643269286563331,2048.0,0.5,False,3394436632
7,12,2,0.162841796875,0.003173828125,0.31583661337060653,1714,BARK,114,0.02783203125,0.813815026179769,2048.0,0.5,False,3394436632
7,12,2,0.162841796875,0.003173828125,0.31583661337060653,1714,BARK,148,0.0361328125,0.8243179984577363,2048.0,0.5,False,3394436632
7,12,2,0.162841796875,0.003173828125,0.31583661337060653,1714,BARK,192,0.046875,0.8514487428140032,2048.0,0.5,False,3394436632
7,12,2,0.162841796875,0.003173828125,0.31583661337060653,1714,BARK,250,0.06103515625,0.9204378048403522,2048.0,0.5,False,3394436632
7,12,2,0.162841796875,0.003173828125,0.31583661337060653,1714,BARK,325,0.079345703125,0.9438059221421453,2048.0,0.5,False,3394436632
7,12,2,0.162841796875,0.003173828125,0.31583661337060653,1714,BARK,423,0.103271484375,0.9644163520664953,2048.0,0.5,False,3394436632
7,12,2,0.162841796875,0.003173828125,0.31583661337060653,1714,BARK,550,0.13427734375,0.9917589193849056,2048.0,0.5,False,3394436632
7,12,2,0.162841796875,0.003173828125,0.31583661337060653,1714,BARK,715,0.174560546875,0.999061649521442,2048.0,0.5,False,3394436632
7,12,2,0.162841796875,0.003173828125,0.31583661337060653,1714,BARK,931,0.227294921875,0.9998696795716732,2048.0,0.5,False,3394436632
7,12,2,0.162841796875,0.003173828125,0.31583661337060653,1714,BARK,1210,0.29541015625,0.9999741012180529,2048.0,0.5,False,3394436632
7,12,2,0.162841796875,0.003173828125,0.31583661337060653,1714,BARK,1575,0.384521484375,0.9999980398861315,2048.0,0.5,False,3394436632
7,12,2,0.162841796875,0.003173828125,0.31583661337060653,1714,BARK,2048,0.5,1.0000000000000009,2048.0,0.5,False,3394436632
7,12,2,0.162841796875,0.003173828125,0.31583661337060653,1714,Simplified BARK,1,0.000244140625,0.31583661337060653,2048.0,0.5,False,3394436632
7,12,2,0.162841796875,0.003173828125,0.31583661337060653,1714,Simplified BARK,2,0.00048828125,0.32747957610313033,2048.0,0.5,False,3394436632
7,12,2,0.162841796875,0.003173828125,0.31583661337060653,1714,Simplified BARK,3,0.000732421875,0.4824195439716943,2048.0,0.5,False,3394436632
7,12,2,0.162841796875,0.003173828125,0.31583661337060653,1714,Simplified BARK,4,0.0009765625,0.4918807086366065,2048.0,0.5,False,3394436632
7,12,2,0.162841796875,0.003173828125,0.31583661337060653,1714,Simplified BARK,5,0.001220703125,0.552160287018153,2048.0,0.5,False,3394436632
7,12,2,0.162841796875,0.003173828125,0.31583661337060653,1714,Simplified BARK,6,0.00146484375,0.556559288668501,2048.0,0.5,False,3394436632
7,12,2,0.162841796875,0.003173828125,0.31583661337060653,1714,Simplified BARK,8,0.001953125,0.6019065632806994,2048.0,0.5,False,3394436632
7,12,2,0.162841796875,0.003173828125,0.31583661337060653,1714,Simplified BARK,11,0.002685546875,0.7496428655546504,2048.0,0.5,False,3394436632
7,12,2,0.162841796875,0.003173828125,0.31583661337060653,1714,Simplified BARK,14,0.00341796875,0.767648959298803,2048.0,0.5,False,3394436632
7,12,2,0.162841796875,0.003173828125,0.31583661337060653,1714,Simplified BARK,18,0.00439453125,0.7753935645361972,2048.0,0.5,False,3394436632
7,12,2,0.162841796875,0.003173828125,0.31583661337060653,1714,Simplified BARK,23,0.005615234375,0.7900526893603623,2048.0,0.5,False,3394436632
7,12,2,0.162841796875,0.003173828125,0.31583661337060653,1714,Simplified BARK,31,0.007568359375,0.7906809399952505,2048.0,0.5,False,3394436632
7,12,2,0.162841796875,0.003173828125,0.31583661337060653,1714,Simplified BARK,40,0.009765625,0.7909901539273027,2048.0,0.5,False,3394436632
7,12,2,0.162841796875,0.003173828125,0.31583661337060653,1714,Simplified BARK,52,0.0126953125,0.7922013524466724,2048.0,0.5,False,3394436632
7,12,2,0.162841796875,0.003173828125,0.31583661337060653,1714,Simplified BARK,67,0.016357421875,0.7922065440530844,2048.0,0.5,False,3394436632
7,12,2,0.162841796875,0.003173828125,0.31583661337060653,1714,Simplified BARK,87,0.021240234375,0.7922463503036232,2048.0,0.5,False,3394436632
7,12,2,0.162841796875,0.003173828125,0.31583661337060653,1714,Simplified BARK,114,0.02783203125,0.7923461709967328,2048.0,0.5,False,3394436632
7,12,2,0.162841796875,0.003173828125,0.31583661337060653,1714,Simplified BARK,148,0.0361328125,0.8327143490320646,2048.0,0.5,False,3394436632
7,12,2,0.162841796875,0.003173828125,0.31583661337060653,1714,Simplified BARK,192,0.046875,0.8327485438487492,2048.0,0.5,False,3394436632
7,12,2,0.162841796875,0.003173828125,0.31583661337060653,1714,Simplified BARK,250,0.06103515625,0.832745257295561,2048.0,0.5,False,3394436632
7,12,2,0.162841796875,0.003173828125,0.31583661337060653,1714,Simplified BARK,325,0.079345703125,0.8327786662078408,2048.0,0.5,False,3394436632
7,12,2,0.162841796875,0.003173828125,0.31583661337060653,1714,Simplified BARK,423,0.103271484375,0.833746351325597,2048.0,0.5,False,3394436632
7,12,2,0.162841796875,0.003173828125,0.31583661337060653,1714,Simplified BARK,550,0.13427734375,0.8526978046201472,2048.0,0.5,False,3394436632
7,12,2,0.162841796875,0.003173828125,0.31583661337060653,1714,Simplified BARK,715,0.174560546875,0.8606429029323264,2048.0,0.5,False,3394436632
7,12,2,0.162841796875,0.003173828125,0.31583661337060653,1714,Simplified BARK,931,0.227294921875,0.8735047198993864,2048.0,0.5,False,3394436632
7,12,2,0.162841796875,0.003173828125,0.31583661337060653,1714,Simplified BARK,1210,0.29541015625,0.8758991013497793,2048.0,0.5,False,3394436632
7,12,2,0.162841796875,0.003173828125,0.31583661337060653,1714,Simplified BARK,1575,0.384521484375,0.9968052480727487,2048.0,0.5,False,3394436632
7,12,2,0.162841796875,0.003173828125,0.31583661337060653,1714,Simplified BARK,2048,0.5,1.0000000000000009,2048.0,0.5,False,3394436632
7,12,2,0.162841796875,0.003173828125,0.31583661337060653,1714,SKQD,1,0.000244140625,0.31583661337060653,708.0,0.1728515625,True,3394436632
7,12,2,0.162841796875,0.003173828125,0.31583661337060653,1714,SKQD,2,0.00048828125,0.31583661337060653,708.0,0.1728515625,True,3394436632
7,12,2,0.162841796875,0.003173828125,0.31583661337060653,1714,SKQD,3,0.000732421875,0.31583661337060653,708.0,0.1728515625,True,3394436632
7,12,2,0.162841796875,0.003173828125,0.31583661337060653,1714,SKQD,4,0.0009765625,0.31583661337060653,708.0,0.1728515625,True,3394436632
7,12,2,0.162841796875,0.003173828125,0.31583661337060653,1714,SKQD,5,0.001220703125,0.31583661337060653,708.0,0.1728515625,True,3394436632
7,12,2,0.162841796875,0.003173828125,0.31583661337060653,1714,SKQD,6,0.00146484375,0.31583661337060653,708.0,0.1728515625,True,3394436632
7,12,2,0.162841796875,0.003173828125,0.31583661337060653,1714,SKQD,8,0.001953125,0.31583661337060653,708.0,0.1728515625,True,3394436632
7,12,2,0.162841796875,0.003173828125,0.31583661337060653,1714,SKQD,11,0.002685546875,0.4845989714599779,708.0,0.1728515625,True,3394436632
7,12,2,0.162841796875,0.003173828125,0.31583661337060653,1714,SKQD,14,0.00341796875,0.5704918149966268,708.0,0.1728515625,True,3394436632
7,12,2,0.162841796875,0.003173828125,0.31583661337060653,1714,SKQD,18,0.00439453125,0.5704918149966268,708.0,0.1728515625,True,3394436632
7,12,2,0.162841796875,0.003173828125,0.31583661337060653,1714,SKQD,23,0.005615234375,0.6469688025097781,708.0,0.1728515625,True,3394436632
7,12,2,0.162841796875,0.003173828125,0.31583661337060653,1714,SKQD,31,0.007568359375,0.6469688025097781,708.0,0.1728515625,True,3394436632
7,12,2,0.162841796875,0.003173828125,0.31583661337060653,1714,SKQD,40,0.009765625,0.6981479408837474,708.0,0.1728515625,True,3394436632
7,12,2,0.162841796875,0.003173828125,0.31583661337060653,1714,SKQD,52,0.0126953125,0.7607595597193346,708.0,0.1728515625,True,3394436632
7,12,2,0.162841796875,0.003173828125,0.31583661337060653,1714,SKQD,67,0.016357421875,0.8315036835300565,708.0,0.1728515625,True,3394436632
7,12,2,0.162841796875,0.003173828125,0.31583661337060653,1714,SKQD,87,0.021240234375,0.8434062053774035,708.0,0.1728515625,True,3394436632
7,12,2,0.162841796875,0.003173828125,0.31583661337060653,1714,SKQD,114,0.02783203125,0.856224422046275,708.0,0.1728515625,True,3394436632
7,12,2,0.162841796875,0.003173828125,0.31583661337060653,1714,SKQD,148,0.0361328125,0.8885849864889104,708.0,0.1728515625,True,3394436632
7,12,2,0.162841796875,0.003173828125,0.31583661337060653,1714,SKQD,192,0.046875,0.9122384610012851,708.0,0.1728515625,True,3394436632
7,12,2,0.162841796875,0.003173828125,0.31583661337060653,1714,SKQD,250,0.06103515625,0.9437105395030189,708.0,0.1728515625,True,3394436632
7,12,2,0.162841796875,0.003173828125,0.31583661337060653,1714,SKQD,325,0.079345703125,0.9658286229779742,708.0,0.1728515625,True,3394436632
7,12,2,0.162841796875,0.003173828125,0.31583661337060653,1714,SKQD,423,0.103271484375,0.9863415873293148,708.0,0.1728515625,True,3394436632
7,12,2,0.162841796875,0.003173828125,0.31583661337060653,1714,SKQD,550,0.13427734375,0.9919751361764039,708.0,0.1728515625,True,3394436632
7,12,2,0.162841796875,0.003173828125,0.31583661337060653,1714,SKQD,715,0.174560546875,0.9962851219031984,708.0,0.1728515625,True,3394436632
7,12,2,0.162841796875,0.003173828125,0.31583661337060653,1714,SKQD,931,0.227294921875,0.9963051553033448,708.0,0.1728515625,True,3394436632
7,12,2,0.162841796875,0.003173828125,0.31583661337060653,1714,SKQD,1210,0.29541015625,0.9963051553033448,708.0,0.1728515625,True,3394436632
7,12,2,0.162841796875,0.003173828125,0.31583661337060653,1714,SKQD,1575,0.384521484375,0.9963051553033448,708.0,0.1728515625,True,3394436632
7,12,2,0.162841796875,0.003173828125,0.31583661337060653,1714,SKQD,2048,0.5,0.9963051553033448,708.0,0.1728515625,True,3394436632
7,12,2,0.162841796875,0.003173828125,0.31583661337060653,1714,Ceiling,1,0.000244140625,0.31583661337060653,2048.0,0.5,False,3394436632
7,12,2,0.162841796875,0.003173828125,0.31583661337060653,1714,Ceiling,2,0.00048828125,0.47805038240651115,2048.0,0.5,False,3394436632
7,12,2,0.162841796875,0.003173828125,0.31583661337060653,1714,Ceiling,3,0.000732421875,0.574990198502902,2048.0,0.5,False,3394436632
7,12,2,0.162841796875,0.003173828125,0.31583661337060653,1714,Ceiling,4,0.0009765625,0.6548857163417323,2048.0,0.5,False,3394436632
7,12,2,0.162841796875,0.003173828125,0.31583661337060653,1714,Ceiling,5,0.001220703125,0.7046217729400529,2048.0,0.5,False,3394436632
7,12,2,0.162841796875,0.003173828125,0.31583661337060653,1714,Ceiling,6,0.00146484375,0.7456393602749273,2048.0,0.5,False,3394436632
7,12,2,0.162841796875,0.003173828125,0.31583661337060653,1714,Ceiling,8,0.001953125,0.7940882553010631,2048.0,0.5,False,3394436632
7,12,2,0.162841796875,0.003173828125,0.31583661337060653,1714,Ceiling,11,0.002685546875,0.8376775572088674,2048.0,0.5,False,3394436632
7,12,2,0.162841796875,0.003173828125,0.31583661337060653,1714,Ceiling,14,0.00341796875,0.8621810909613401,2048.0,0.5,False,3394436632
7,12,2,0.162841796875,0.003173828125,0.31583661337060653,1714,Ceiling,18,0.00439453125,0.8887694550121712,2048.0,0.5,False,3394436632
7,12,2,0.162841796875,0.003173828125,0.31583661337060653,1714,Ceiling,23,0.005615234375,0.9096748379235153,2048.0,0.5,False,3394436632
7,12,2,0.162841796875,0.003173828125,0.31583661337060653,1714,Ceiling,31,0.007568359375,0.9322995445596177,2048.0,0.5,False,3394436632
7,12,2,0.162841796875,0.003173828125,0.31583661337060653,1714,Ceiling,40,0.009765625,0.9490167738477369,2048.0,0.5,False,3394436632
7,12,2,0.162841796875,0.003173828125,0.31583661337060653,1714,Ceiling,52,0.0126953125,0.9634757749031155,2048.0,0.5,False,3394436632
7,12,2,0.162841796875,0.003173828125,0.31583661337060653,1714,Ceiling,67,0.016357421875,0.9737054154146882,2048.0,0.5,False,3394436632
7,12,2,0.162841796875,0.003173828125,0.31583661337060653,1714,Ceiling,87,0.021240234375,0.9820606929585596,2048.0,0.5,False,3394436632
7,12,2,0.162841796875,0.003173828125,0.31583661337060653,1714,Ceiling,114,0.02783203125,0.9883328604499451,2048.0,0.5,False,3394436632
7,12,2,0.162841796875,0.003173828125,0.31583661337060653,1714,Ceiling,148,0.0361328125,0.9924727590712832,2048.0,0.5,False,3394436632
7,12,2,0.162841796875,0.003173828125,0.31583661337060653,1714,Ceiling,192,0.046875,0.9952963360887424,2048.0,0.5,False,3394436632
7,12,2,0.162841796875,0.003173828125,0.31583661337060653,1714,Ceiling,250,0.06103515625,0.9972433877951887,2048.0,0.5,False,3394436632
7,12,2,0.162841796875,0.003173828125,0.31583661337060653,1714,Ceiling,325,0.079345703125,0.9985032578981418,2048.0,0.5,False,3394436632
7,12,2,0.162841796875,0.003173828125,0.31583661337060653,1714,Ceiling,423,0.103271484375,0.9992528760358497,2048.0,0.5,False,3394436632
7,12,2,0.162841796875,0.003173828125,0.31583661337060653,1714,Ceiling,550,0.13427734375,0.9996629237675607,2048.0,0.5,False,3394436632
7,12,2,0.162841796875,0.003173828125,0.31583661337060653,1714,Ceiling,715,0.174560546875,0.999878032148167,2048.0,0.5,False,3394436632
7,12,2,0.162841796875,0.003173828125,0.31583661337060653,1714,Ceiling,931,0.227294921875,0.9999637336494701,2048.0,0.5,False,3394436632
7,12,2,0.162841796875,0.003173828125,0.31583661337060653,1714,Ceiling,1210,0.29541015625,0.9999928275579324,2048.0,0.5,False,3394436632
7,12,2,0.162841796875,0.003173828125,0.31583661337060653,1714,Ceiling,1575,0.384521484375,0.9999995096789813,2048.0,0.5,False,3394436632
7,12,2,0.162841796875,0.003173828125,0.31583661337060653,1714,Ceiling,2048,0.5,1.0,2048.0,0.5,False,3394436632
7,12,2,0.162841796875,0.003173828125,0.0,21,BARK,1,0.000244140625,0.0,2048.0,0.5,False,3394436632
7,12,2,0.162841796875,0.003173828125,0.0,21,BARK,2,0.00048828125,2.161797833734736e-37,2048.0,0.5,False,3394436632
7,12,2,0.162841796875,0.003173828125,0.0,21,BARK,3,0.000732421875,2.7675664492111857e-35,2048.0,0.5,False,3394436632
7,12,2,0.162841796875,0.003173828125,0.0,21,BARK,4,0.0009765625,2.1934701920723502e-35,2048.0,0.5,False,3394436632
7,12,2,0.162841796875,0.003173828125,0.0,21,BARK,5,0.001220703125,1.5931088797187534e-35,2048.0,0.5,False,3394436632
7,12,2,0.162841796875,0.003173828125,0.0,21,BARK,6,0.00146484375,2.3737649561952858e-35,2048.0,0.5,False,3394436632
7,12,2,0.162841796875,0.003173828125,0.0,21,BARK,8,0.001953125,2.8810339399050073e-35,2048.0,0.5,False,3394436632
7,12,2,0.162841796875,0.003173828125,0.0,21,BARK,11,0.002685546875,3.557698329144455e-36,2048.0,0.5,False,3394436632
7,12,2,0.162841796875,0.003173828125,0.0,21,BARK,14,0.00341796875,3.3706461255135866e-36,2048.0,0.5,False,3394436632
7,12,2,0.162841796875,0.003173828125,0.0,21,BARK,18,0.00439453125,3.142813057581303e-36,2048.0,0.5,False,3394436632
7,12,2,0.162841796875,0.003173828125,0.0,21,BARK,23,0.005615234375,3.922936418992462e-36,2048.0,0.5,False,3394436632
7,12,2,0.162841796875,0.003173828125,0.0,21,BARK,31,0.007568359375,4.211877799699465e-36,2048.0,0.5,False,3394436632
7,12,2,0.162841796875,0.003173828125,0.0,21,BARK,40,0.009765625,4.510443160905154e-36,2048.0,0.5,False,3394436632
7,12,2,0.162841796875,0.003173828125,0.0,21,BARK,52,0.0126953125,4.380875097476881e-36,2048.0,0.5,False,3394436632
7,12,2,0.162841796875,0.003173828125,0.0,21,BARK,67,0.016357421875,4.449451042448674e-36,2048.0,0.5,False,3394436632
7,12,2,0.162841796875,0.003173828125,0.0,21,BARK,87,0.021240234375,5.016196729327889e-36,2048.0,0.5,False,3394436632
7,12,2,0.162841796875,0.003173828125,0.0,21,BARK,114,0.02783203125,5.428644603979066e-36,2048.0,0.5,False,3394436632
7,12,2,0.162841796875,0.003173828125,0.0,21,BARK,148,0.0361328125,5.4486769902620446e-36,2048.0,0.5,False,3394436632
7,12,2,0.162841796875,0.003173828125,0.0,21,BARK,192,0.046875,5.746537490094631e-36,2048.0,0.5,False,3394436632
7,12,2,0.162841796875,0.003173828125,0.0,21,BARK,250,0.06103515625,5.8211422410322607e-36,2048.0,0.5,False,3394436632
7,12,2,0.162841796875,0.003173828125,0.0,21,BARK,325,0.079345703125,6.010290992699977e-36,2048.0,0.5,False,3394436632
7,12,2,0.162841796875,0.003173828125,0.0,21,BARK,423,0.103271484375,6.53265091600862e-36,2048.0,0.5,False,3394436632
7,12,2,0.162841796875,0.003173828125,0.0,21,BARK,550,0.13427734375,6.734963408516423e-36,2048.0,0.5,False,3394436632
7,12,2,0.162841796875,0.003173828125,0.0,21,BARK,715,0.174560546875,7.104783076340682e-36,2048.0,0.5,False,3394436632
7,12,2,0.162841796875,0.003173828125,0.0,21,BARK,931,0.227294921875,7.232758443373218e-36,2048.0,0.5,False,3394436632
7,12,2,0.162841796875,0.003173828125,0.0,21,BARK,1210,0.29541015625,7.101487798172192e-36,2048.0,0.5,False,3394436632
7,12,2,0.162841796875,0.003173828125,0.0,21,BARK,1575,0.384521484375,7.121741832018906e-36,2048.0,0.5,False,3394436632
7,12,2,0.162841796875,0.003173828125,0.0,21,BARK,2048,0.5,7.143497831705165e-36,2048.0,0.5,False,3394436632
7,12,2,0.162841796875,0.003173828125,0.0,21,Simplified BARK,1,0.000244140625,0.0,2048.0,0.5,False,3394436632
7,12,2,0.162841796875,0.003173828125,0.0,21,Simplified BARK,2,0.00048828125,3.214355270524407e-37,2048.0,0.5,False,3394436632
7,12,2,0.162841796875,0.003173828125,0.0,21,Simplified BARK,3,0.000732421875,1.3681295495161417e-38,2048.0,0.5,False,3394436632
7,12,2,0.162841796875,0.003173828125,0.0,21,Simplified BARK,4,0.0009765625,9.642802375407646e-39,2048.0,0.5,False,3394436632
7,12,2,0.162841796875,0.003173828125,0.0,21,Simplified BARK,5,0.001220703125,2.67216474186275e-33,2048.0,0.5,False,3394436632
7,12,2,0.162841796875,0.003173828125,0.0,21,Simplified BARK,6,0.00146484375,2.552744710219505e-33,2048.0,0.5,False,3394436632
7,12,2,0.162841796875,0.003173828125,0.0,21,Simplified BARK,8,0.001953125,1.6789938174449554e-33,2048.0,0.5,False,3394436632
7,12,2,0.162841796875,0.003173828125,0.0,21,Simplified BARK,11,0.002685546875,1.2719076530892453e-33,2048.0,0.5,False,3394436632
7,12,2,0.162841796875,0.003173828125,0.0,21,Simplified BARK,14,0.00341796875,1.2500640783819003e-33,2048.0,0.5,False,3394436632
7,12,2,0.162841796875,0.003173828125,0.0,21,Simplified BARK,18,0.00439453125,1.2281831494624362e-33,2048.0,0.5,False,3394436632
7,12,2,0.162841796875,0.003173828125,0.0,21,Simplified BARK,23,0.005615234375,1.1516857439691667e-33,2048.0,0.5,False,3394436632
7,12,2,0.162841796875,0.003173828125,0.0,21,Simplified BARK,31,0.007568359375,9.614489345764672e-34,2048.0,0.5,False,3394436632
7,12,2,0.162841796875,0.003173828125,0.0,21,Simplified BARK,40,0.009765625,2.613247930452934e-34,2048.0,0.5,False,3394436632
7,12,2,0.162841796875,0.003173828125,0.0,21,Simplified BARK,52,0.0126953125,3.555144868747241e-36,2048.0,0.5,False,3394436632
7,12,2,0.162841796875,0.003173828125,0.0,21,Simplified BARK,67,0.016357421875,1.9167861618788045e-36,2048.0,0.5,False,3394436632
7,12,2,0.162841796875,0.003173828125,0.0,21,Simplified BARK,87,0.021240234375,1.907140319826534e-36,2048.0,0.5,False,3394436632
7,12,2,0.162841796875,0.003173828125,0.0,21,Simplified BARK,114,0.02783203125,1.9589380609775755e-36,2048.0,0.5,False,3394436632
7,12,2,0.162841796875,0.003173828125,0.0,21,Simplified BARK,148,0.0361328125,2.0357000290242983e-36,2048.0,0.5,False,3394436632
7,12,2,0.162841796875,0.003173828125,0.0,21,Simplified BARK,192,0.046875,1.8472700515786274e-36,2048.0,0.5,False,3394436632
7,12,2,0.162841796875,0.003173828125,0.0,21,Simplified BARK,250,0.06103515625,1.8880319200799598e-36,2048.0,0.5,False,3394436632
7,12,2,0.162841796875,0.003173828125,0.0,21,Simplified BARK,325,0.079345703125,1.985134500515114e-36,2048.0,0.5,False,3394436632
7,12,2,0.162841796875,0.003173828125,0.0,21,Simplified BARK,423,0.103271484375,3.683124646367121e-36,2048.0,0.5,False,3394436632
7,12,2,0.162841796875,0.003173828125,0.0,21,Simplified BARK,550,0.13427734375,2.5613794778717014e-35,2048.0,0.5,False,3394436632
7,12,2,0.162841796875,0.003173828125,0.0,21,Simplified BARK,715,0.174560546875,1.8536579469907716e-35,2048.0,0.5,False,3394436632
7,12,2,0.162841796875,0.003173828125,0.0,21,Simplified BARK,931,0.227294921875,1.7982524978336058e-35,2048.0,0.5,False,3394436632
7,12,2,0.162841796875,0.003173828125,0.0,21,Simplified BARK,1210,0.29541015625,1.3350638272619245e-35,2048.0,0.5,False,3394436632
7,12,2,0.162841796875,0.003173828125,0.0,21,Simplified BARK,1575,0.384521484375,9.02873055919058e-35,2048.0,0.5,False,3394436632
7,12,2,0.162841796875,0.003173828125,0.0,21,Simplified BARK,2048,0.5,7.143497823365344e-36,2048.0,0.5,False,3394436632
7,12,2,0.162841796875,0.003173828125,0.0,21,SKQD,1,0.000244140625,0.0,130.33333333333334,0.031819661458333336,True,3394436632
7,12,2,0.162841796875,0.003173828125,0.0,21,SKQD,2,0.00048828125,1.2159289126856518e-37,130.33333333333334,0.031819661458333336,True,3394436632
7,12,2,0.162841796875,0.003173828125,0.0,21,SKQD,3,0.000732421875,4.174069932631578e-37,130.33333333333334,0.031819661458333336,True,3394436632
7,12,2,0.162841796875,0.003173828125,0.0,21,SKQD,4,0.0009765625,2.4039857863637933e-37,130.33333333333334,0.031819661458333336,True,3394436632
7,12,2,0.162841796875,0.003173828125,0.0,21,SKQD,5,0.001220703125,2.4039857863637933e-37,130.33333333333334,0.031819661458333336,True,3394436632
7,12,2,0.162841796875,0.003173828125,0.0,21,SKQD,6,0.00146484375,2.4039857863637933e-37,130.33333333333334,0.031819661458333336,True,3394436632
7,12,2,0.162841796875,0.003173828125,0.0,21,SKQD,8,0.001953125,5.879319872005702e-37,130.33333333333334,0.031819661458333336,True,3394436632
7,12,2,0.162841796875,0.003173828125,0.0,21,SKQD,11,0.002685546875,1.3300211544079672e-38,130.33333333333334,0.031819661458333336,True,3394436632
7,12,2,0.162841796875,0.003173828125,0.0,21,SKQD,14,0.00341796875,3.627526412073592e-38,130.33333333333334,0.031819661458333336,True,3394436632
7,12,2,0.162841796875,0.003173828125,0.0,21,SKQD,18,0.00439453125,2.0144809061156635e-38,130.33333333333334,0.031819661458333336,True,3394436632
7,12,2,0.162841796875,0.003173828125,0.0,21,SKQD,23,0.005615234375,2.1882281232549281e-38,130.33333333333334,0.031819661458333336,True,3394436632
7,12,2,0.162841796875,0.003173828125,0.0,21,SKQD,31,0.007568359375,2.1882281232549281e-38,130.33333333333334,0.031819661458333336,True,3394436632
7,12,2,0.162841796875,0.003173828125,0.0,21,SKQD,40,0.009765625,1.1044929560239957e-37,130.33333333333334,0.031819661458333336,True,3394436632
7,12,2,0.162841796875,0.003173828125,0.0,21,SKQD,52,0.0126953125,1.2092167291683441e-37,130.33333333333334,0.031819661458333336,True,3394436632
7,12,2,0.162841796875,0.003173828125,0.0,21,SKQD,67,0.016357421875,2.0670622072921443e-37,130.33333333333334,0.031819661458333336,True,3394436632
7,12,2,0.162841796875,0.003173828125,0.0,21,SKQD,87,0.021240234375,1.3888765199349661e-36,130.33333333333334,0.031819661458333336,True,3394436632
7,12,2,0.162841796875,0.003173828125,0.0,21,SKQD,114,0.02783203125,1.3442054044691793e-36,130.33333333333334,0.031819661458333336,True,3394436632
7,12,2,0.162841796875,0.003173828125,0.0,21,SKQD,148,0.0361328125,1.3163400091238256e-36,130.33333333333334,0.031819661458333336,True,3394436632
7,12,2,0.162841796875,0.003173828125,0.0,21,SKQD,192,0.046875,1.658195333390875e-36,130.33333333333334,0.031819661458333336,True,3394436632
7,12,2,0.162841796875,0.003173828125,0.0,21,SKQD,250,0.06103515625,1.6640797546814774e-36,130.33333333333334,0.031819661458333336,True,3394436632
7,12,2,0.162841796875,0.003173828125,0.0,21,SKQD,325,0.079345703125,1.6989307867024932e-36,130.33333333333334,0.031819661458333336,True,3394436632
7,12,2,0.162841796875,0.003173828125,0.0,21,SKQD,423,0.103271484375,1.8949466790554725e-36,130.33333333333334,0.031819661458333336,True,3394436632
7,12,2,0.162841796875,0.003173828125,0.0,21,SKQD,550,0.13427734375,1.8949466790554725e-36,130.33333333333334,0.031819661458333336,True,3394436632
7,12,2,0.162841796875,0.003173828125,0.0,21,SKQD,715,0.174560546875,1.8949466790554725e-36,130.33333333333334,0.031819661458333336,True,3394436632
7,12,2,0.162841796875,0.003173828125,0.0,21,SKQD,931,0.227294921875,1.8949466790554725e-36,130.33333333333334,0.031819661458333336,True,3394436632
7,12,2,0.162841796875,0.003173828125,0.0,21,SKQD,1210,0.29541015625,1.8949466790554725e-36,130.33333333333334,0.031819661458333336,True,3394436632
7,12,2,0.162841796875,0.003173828125,0.0,21,SKQD,1575,0.384521484375,1.8949466790554725e-36,130.33333333333334,0.031819661458333336,True,3394436632
7,12,2,0.162841796875,0.003173828125,0.0,21,SKQD,2048,0.5,1.8949466790554725e-36,130.33333333333334,0.031819661458333336,True,3394436632
7,12,2,0.162841796875,0.003173828125,0.0,21,Ceiling,1,0.000244140625,0.31583661337060653,2048.0,0.5,False,3394436632
7,12,2,0.162841796875,0.003173828125,0.0,21,Ceiling,2,0.00048828125,0.47805038240651115,2048.0,0.5,False,3394436632
7,12,2,0.162841796875,0.003173828125,0.0,21,Ceiling,3,0.000732421875,0.574990198502902,2048.0,0.5,False,3394436632
7,12,2,0.162841796875,0.003173828125,0.0,21,Ceiling,4,0.0009765625,0.6548857163417323,2048.0,0.5,False,3394436632
7,12,2,0.162841796875,0.003173828125,0.0,21,Ceiling,5,0.001220703125,0.7046217729400529,2048.0,0.5,False,3394436632
7,12,2,0.162841796875,0.003173828125,0.0,21,Ceiling,6,0.00146484375,0.7456393602749273,2048.0,0.5,False,3394436632
7,12,2,0.162841796875,0.003173828125,0.0,21,Ceiling,8,0.001953125,0.7940882553010631,2048.0,0.5,False,3394436632
7,12,2,0.162841796875,0.003173828125,0.0,21,Ceiling,11,0.002685546875,0.8376775572088674,2048.0,0.5,False,3394436632
7,12,2,0.162841796875,0.003173828125,0.0,21,Ceiling,14,0.00341796875,0.8621810909613401,2048.0,0.5,False,3394436632
7,12,2,0.162841796875,0.003173828125,0.0,21,Ceiling,18,0.00439453125,0.8887694550121712,2048.0,0.5,False,3394436632
7,12,2,0.162841796875,0.003173828125,0.0,21,Ceiling,23,0.005615234375,0.9096748379235153,2048.0,0.5,False,3394436632
7,12,2,0.162841796875,0.003173828125,0.0,21,Ceiling,31,0.007568359375,0.9322995445596177,2048.0,0.5,False,3394436632
7,12,2,0.162841796875,0.003173828125,0.0,21,Ceiling,40,0.009765625,0.9490167738477369,2048.0,0.5,False,3394436632
7,12,2,0.162841796875,0.003173828125,0.0,21,Ceiling,52,0.0126953125,0.9634757749031155,2048.0,0.5,False,3394436632
7,12,2,0.162841796875,0.003173828125,0.0,21,Ceiling,67,0.016357421875,0.9737054154146882,2048.0,0.5,False,3394436632
7,12,2,0.162841796875,0.003173828125,0.0,21,Ceiling,87,0.021240234375,0.9820606929585596,2048.0,0.5,False,3394436632
7,12,2,0.162841796875,0.003173828125,0.0,21,Ceiling,114,0.02783203125,0.9883328604499451,2048.0,0.5,False,3394436632
7,12,2,0.162841796875,0.003173828125,0.0,21,Ceiling,148,0.0361328125,0.9924727590712832,2048.0,0.5,False,3394436632
7,12,2,0.162841796875,0.003173828125,0.0,21,Ceiling,192,0.046875,0.9952963360887424,2048.0,0.5,False,3394436632
7,12,2,0.162841796875,0.003173828125,0.0,21,Ceiling,250,0.06103515625,0.9972433877951887,2048.0,0.5,False,3394436632
7,12,2,0.162841796875,0.003173828125,0.0,21,Ceiling,325,0.079345703125,0.9985032578981418,2048.0,0.5,False,3394436632
7,12,2,0.162841796875,0.003173828125,0.0,21,Ceiling,423,0.103271484375,0.9992528760358497,2048.0,0.5,False,3394436632
7,12,2,0.162841796875,0.003173828125,0.0,21,Ceiling,550,0.13427734375,0.9996629237675607,2048.0,0.5,False,3394436632
7,12,2,0.162841796875,0.003173828125,0.0,21,Ceiling,715,0.174560546875,0.999878032148167,2048.0,0.5,False,3394436632
7,12,2,0.162841796875,0.003173828125,0.0,21,Ceiling,931,0.227294921875,0.9999637336494701,2048.0,0.5,False,3394436632
7,12,2,0.162841796875,0.003173828125,0.0,21,Ceiling,1210,0.29541015625,0.9999928275579324,2048.0,0.5,False,3394436632
7,12,2,0.162841796875,0.003173828125,0.0,21,Ceiling,1575,0.384521484375,0.9999995096789813,2048.0,0.5,False,3394436632
7,12,2,0.162841796875,0.003173828125,0.0,21,Ceiling,2048,0.5,1.0,2048.0,0.5,False,3394436632
7,12,2,0.162841796875,0.003173828125,5.074945756128126e-46,3630,BARK,1,0.000244140625,5.074945756128126e-46,2048.0,0.5,False,3394436632
7,12,2,0.162841796875,0.003173828125,5.074945756128126e-46,3630,BARK,2,0.00048828125,8.124097317612542e-40,2048.0,0.5,False,3394436632
7,12,2,0.162841796875,0.003173828125,5.074945756128126e-46,3630,BARK,3,0.000732421875,4.79984393350959e-40,2048.0,0.5,False,3394436632
7,12,2,0.162841796875,0.003173828125,5.074945756128126e-46,3630,BARK,4,0.0009765625,5.724591693970063e-37,2048.0,0.5,False,3394436632
7,12,2,0.162841796875,0.003173828125,5.074945756128126e-46,3630,BARK,5,0.001220703125,1.4721652223301525e-36,2048.0,0.5,False,3394436632
7,12,2,0.162841796875,0.003173828125,5.074945756128126e-46,3630,BARK,6,0.00146484375,2.4965232300902014e-36,2048.0,0.5,False,3394436632
7,12,2,0.162841796875,0.003173828125,5.074945756128126e-46,3630,BARK,8,0.001953125,3.61265044263634e-36,2048.0,0.5,False,3394436632
7,12,2,0.162841796875,0.003173828125,5.074945756128126e-46,3630,BARK,11,0.002685546875,5.5791126137340475e-36,2048.0,0.5,False,3394436632
7,12,2,0.162841796875,0.003173828125,5.074945756128126e-46,3630,BARK,14,0.00341796875,9.64468891344215e-36,2048.0,0.5,False,3394436632
7,12,2,0.162841796875,0.003173828125,5.074945756128126e-46,3630,BARK,18,0.00439453125,1.443495998314281e-35,2048.0,0.5,False,3394436632
7,12,2,0.162841796875,0.003173828125,5.074945756128126e-46,3630,BARK,23,0.005615234375,1.74730957437943e-35,2048.0,0.5,False,3394436632
7,12,2,0.162841796875,0.003173828125,5.074945756128126e-46,3630,BARK,31,0.007568359375,2.627066355525744e-35,2048.0,0.5,False,3394436632
7,12,2,0.162841796875,0.003173828125,5.074945756128126e-46,3630,BARK,40,0.009765625,2.071146493659237e-35,2048.0,0.5,False,3394436632
7,12,2,0.162841796875,0.003173828125,5.074945756128126e-46,3630,BARK,52,0.0126953125,2.439045852327025e-35,2048.0,0.5,False,3394436632
7,12,2,0.162841796875,0.003173828125,5.074945756128126e-46,3630,BARK,67,0.016357421875,2.2025620680398485e-35,2048.0,0.5,False,3394436632
7,12,2,0.162841796875,0.003173828125,5.074945756128126e-46,3630,BARK,87,0.021240234375,1.3089067709071719e-35,2048.0,0.5,False,3394436632
7,12,2,0.162841796875,0.003173828125,5.074945756128126e-46,3630,BARK,114,0.02783203125,1.253201383402528e-36,2048.0,0.5,False,3394436632
7,12,2,0.162841796875,0.003173828125,5.074945756128126e-46,3630,BARK,148,0.0361328125,4.2921275964176056e-36,2048.0,0.5,False,3394436632
7,12,2,0.162841796875,0.003173828125,5.074945756128126e-46,3630,BARK,192,0.046875,5.204359774740113e-36,2048.0,0.5,False,3394436632
7,12,2,0.162841796875,0.003173828125,5.074945756128126e-46,3630,BARK,250,0.06103515625,5.4097521474438124e-36,2048.0,0.5,False,3394436632
7,12,2,0.162841796875,0.003173828125,5.074945756128126e-46,3630,BARK,325,0.079345703125,5.9942221948030055e-36,2048.0,0.5,False,3394436632
7,12,2,0.162841796875,0.003173828125,5.074945756128126e-46,3630,BARK,423,0.103271484375,5.683352365193694e-36,2048.0,0.5,False,3394436632
7,12,2,0.162841796875,0.003173828125,5.074945756128126e-46,3630,BARK,550,0.13427734375,6.15196371323209e-36,2048.0,0.5,False,3394436632
7,12,2,0.162841796875,0.003173828125,5.074945756128126e-46,3630,BARK,715,0.174560546875,6.242381278797558e-36,2048.0,0.5,False,3394436632
7,12,2,0.162841796875,0.003173828125,5.074945756128126e-46,3630,BARK,931,0.227294921875,6.761225523252247e-36,2048.0,0.5,False,3394436632
7,12,2,0.162841796875,0.003173828125,5.074945756128126e-46,3630,BARK,1210,0.29541015625,6.993684302949809e-36,2048.0,0.5,False,3394436632
7,12,2,0.162841796875,0.003173828125,5.074945756128126e-46,3630,BARK,1575,0.384521484375,7.115938637467924e-36,2048.0,0.5,False,3394436632
7,12,2,0.162841796875,0.003173828125,5.074945756128126e-46,3630,BARK,2048,0.5,7.14349780825925e-36,2048.0,0.5,False,3394436632
7,12,2,0.162841796875,0.003173828125,5.074945756128126e-46,3630,Simplified BARK,1,0.000244140625,5.074945756128126e-46,2048.0,0.5,False,3394436632
7,12,2,0.162841796875,0.003173828125,5.074945756128126e-46,3630,Simplified BARK,2,0.00048828125,1.3546480428882464e-40,2048.0,0.5,False,3394436632
7,12,2,0.162841796875,0.003173828125,5.074945756128126e-46,3630,Simplified BARK,3,0.000732421875,7.137482835683041e-41,2048.0,0.5,False,3394436632
7,12,2,0.162841796875,0.003173828125,5.074945756128126e-46,3630,Simplified BARK,4,0.0009765625,7.678961829630584e-40,2048.0,0.5,False,3394436632
7,12,2,0.162841796875,0.003173828125,5.074945756128126e-46,3630,Simplified BARK,5,0.001220703125,1.989034316171943e-39,2048.0,0.5,False,3394436632
7,12,2,0.162841796875,0.003173828125,5.074945756128126e-46,3630,Simplified BARK,6,0.00146484375,8.84189263614642e-40,2048.0,0.5,False,3394436632
7,12,2,0.162841796875,0.003173828125,5.074945756128126e-46,3630,Simplified BARK,8,0.001953125,5.147514467712301e-40,2048.0,0.5,False,3394436632
7,12,2,0.162841796875,0.003173828125,5.074945756128126e-46,3630,Simplified BARK,11,0.002685546875,1.4840347625974736e-40,2048.0,0.5,False,3394436632
7,12,2,0.162841796875,0.003173828125,5.074945756128126e-46,3630,Simplified BARK,14,0.00341796875,7.37507919150136e-39,2048.0,0.5,False,3394436632
7,12,2,0.162841796875,0.003173828125,5.074945756128126e-46,3630,Simplified BARK,18,0.00439453125,1.1499522104272458e-39,2048.0,0.5,False,3394436632
7,12,2,0.162841796875,0.003173828125,5.074945756128126e-46,3630,Simplified BARK,23,0.005615234375,2.1796698747538434e-39,2048.0,0.5,False,3394436632
7,12,2,0.162841796875,0.003173828125,5.074945756128126e-46,3630,Simplified BARK,31,0.007568359375,2.104928959215269e-39,2048.0,0.5,False,3394436632
7,12,2,0.162841796875,0.003173828125,5.074945756128126e-46,3630,Simplified BARK,40,0.009765625,1.9638015308949817e-38,2048.0,0.5,False,3394436632
7,12,2,0.162841796875,0.003173828125,5.074945756128126e-46,3630,Simplified BARK,52,0.0126953125,3.641286159218755e-37,2048.0,0.5,False,3394436632
7,12,2,0.162841796875,0.003173828125,5.074945756128126e-46,3630,Simplified BARK,67,0.016357421875,1.0360436015346723e-36,2048.0,0.5,False,3394436632
7,12,2,0.162841796875,0.003173828125,5.074945756128126e-46,3630,Simplified BARK,87,0.021240234375,5.3927737402077395e-37,2048.0,0.5,False,3394436632
7,12,2,0.162841796875,0.003173828125,5.074945756128126e-46,3630,Simplified BARK,114,0.02783203125,1.8565387915091943e-38,2048.0,0.5,False,3394436632
7,12,2,0.162841796875,0.003173828125,5.074945756128126e-46,3630,Simplified BARK,148,0.0361328125,1.5949762747629103e-38,2048.0,0.5,False,3394436632
7,12,2,0.162841796875,0.003173828125,5.074945756128126e-46,3630,Simplified BARK,192,0.046875,1.7176845211897855e-38,2048.0,0.5,False,3394436632
7,12,2,0.162841796875,0.003173828125,5.074945756128126e-46,3630,Simplified BARK,250,0.06103515625,5.703410691968277e-36,2048.0,0.5,False,3394436632
7,12,2,0.162841796875,0.003173828125,5.074945756128126e-46,3630,Simplified BARK,325,0.079345703125,5.715320554429824e-36,2048.0,0.5,False,3394436632
7,12,2,0.162841796875,0.003173828125,5.074945756128126e-46,3630,Simplified BARK,423,0.103271484375,5.747716006253508e-36,2048.0,0.5,False,3394436632
7,12,2,0.162841796875,0.003173828125,5.074945756128126e-46,3630,Simplified BARK,550,0.13427734375,5.808896587312652e-36,2048.0,0.5,False,3394436632
7,12,2,0.162841796875,0.003173828125,5.074945756128126e-46,3630,Simplified BARK,715,0.174560546875,9.580254645465357e-36,2048.0,0.5,False,3394436632
7,12,2,0.162841796875,0.003173828125,5.074945756128126e-46,3630,Simplified BARK,931,0.227294921875,9.73839529590737e-36,2048.0,0.5,False,3394436632
7,12,2,0.162841796875,0.003173828125,5.074945756128126e-46,3630,Simplified BARK,1210,0.29541015625,1.0144424979670953e-35,2048.0,0.5,False,3394436632
7,12,2,0.162841796875,0.003173828125,5.074945756128126e-46,3630,Simplified BARK,1575,0.384521484375,1.0237141990537201e-35,2048.0,0.5,False,3394436632
7,12,2,0.162841796875,0.003173828125,5.074945756128126e-46,3630,Simplified BARK,2048,0.5,7.143497823365361e-36,2048.0,0.5,False,3394436632
7,12,2,0.162841796875,0.003173828125,5.074945756128126e-46,3630,SKQD,1,0.000244140625,5.074945756128126e-46,1418.3333333333333,0.3462727864583333,True,3394436632
7,12,2,0.162841796875,0.003173828125,5.074945756128126e-46,3630,SKQD,2,0.00048828125,5.074945756128126e-46,1418.3333333333333,0.3462727864583333,True,3394436632
7,12,2,0.162841796875,0.003173828125,5.074945756128126e-46,3630,SKQD,3,0.000732421875,5.074945756128126e-46,1418.3333333333333,0.3462727864583333,True,3394436632
7,12,2,0.162841796875,0.003173828125,5.074945756128126e-46,3630,SKQD,4,0.0009765625,5.074945756128126e-46,1418.3333333333333,0.3462727864583333,True,3394436632
7,12,2,0.162841796875,0.003173828125,5.074945756128126e-46,3630,SKQD,5,0.001220703125,5.074945756128126e-46,1418.3333333333333,0.3462727864583333,True,3394436632
7,12,2,0.162841796875,0.003173828125,5.074945756128126e-46,3630,SKQD,6,0.00146484375,5.580712743897201e-40,1418.3333333333333,0.3462727864583333,True,3394436632
7,12,2,0.162841796875,0.003173828125,5.074945756128126e-46,3630,SKQD,8,0.001953125,5.580763175475577e-40,1418.3333333333333,0.3462727864583333,True,3394436632
7,12,2,0.162841796875,0.003173828125,5.074945756128126e-46,3630,SKQD,11,0.002685546875,5.580763175475577e-40,1418.3333333333333,0.3462727864583333,True,3394436632
7,12,2,0.162841796875,0.003173828125,5.074945756128126e-46,3630,SKQD,14,0.00341796875,6.625273302380437e-40,1418.3333333333333,0.3462727864583333,True,3394436632
7,12,2,0.162841796875,0.003173828125,5.074945756128126e-46,3630,SKQD,18,0.00439453125,3.914856385446472e-40,1418.3333333333333,0.3462727864583333,True,3394436632
7,12,2,0.162841796875,0.003173828125,5.074945756128126e-46,3630,SKQD,23,0.005615234375,1.0266126050029404e-39,1418.3333333333333,0.3462727864583333,True,3394436632
7,12,2,0.162841796875,0.003173828125,5.074945756128126e-46,3630,SKQD,31,0.007568359375,1.1386421339252581e-39,1418.3333333333333,0.3462727864583333,True,3394436632
7,12,2,0.162841796875,0.003173828125,5.074945756128126e-46,3630,SKQD,40,0.009765625,1.4532824542507399e-39,1418.3333333333333,0.3462727864583333,True,3394436632
7,12,2,0.162841796875,0.003173828125,5.074945756128126e-46,3630,SKQD,52,0.0126953125,1.8888687726422436e-38,1418.3333333333333,0.3462727864583333,True,3394436632
7,12,2,0.162841796875,0.003173828125,5.074945756128126e-46,3630,SKQD,67,0.016357421875,3.8876063004188926e-39,1418.3333333333333,0.3462727864583333,True,3394436632
7,12,2,0.162841796875,0.003173828125,5.074945756128126e-46,3630,SKQD,87,0.021240234375,3.934937254196244e-38,1418.3333333333333,0.3462727864583333,True,3394436632
7,12,2,0.162841796875,0.003173828125,5.074945756128126e-46,3630,SKQD,114,0.02783203125,5.239817032088947e-38,1418.3333333333333,0.3462727864583333,True,3394436632
7,12,2,0.162841796875,0.003173828125,5.074945756128126e-46,3630,SKQD,148,0.0361328125,4.722795479768433e-38,1418.3333333333333,0.3462727864583333,True,3394436632
7,12,2,0.162841796875,0.003173828125,5.074945756128126e-46,3630,SKQD,192,0.046875,1.7504793151713543e-36,1418.3333333333333,0.3462727864583333,True,3394436632
7,12,2,0.162841796875,0.003173828125,5.074945756128126e-46,3630,SKQD,250,0.06103515625,1.8651194037303063e-36,1418.3333333333333,0.3462727864583333,True,3394436632
7,12,2,0.162841796875,0.003173828125,5.074945756128126e-46,3630,SKQD,325,0.079345703125,3.452345860580675e-37,1418.3333333333333,0.3462727864583333,True,3394436632
7,12,2,0.162841796875,0.003173828125,5.074945756128126e-46,3630,SKQD,423,0.103271484375,3.374358130323764e-37,1418.3333333333333,0.3462727864583333,True,3394436632
7,12,2,0.162841796875,0.003173828125,5.074945756128126e-46,3630,SKQD,550,0.13427734375,3.779461134440806e-37,1418.3333333333333,0.3462727864583333,True,3394436632
7,12,2,0.162841796875,0.003173828125,5.074945756128126e-46,3630,SKQD,715,0.174560546875,5.056159578226119e-37,1418.3333333333333,0.3462727864583333,True,3394436632
7,12,2,0.162841796875,0.003173828125,5.074945756128126e-46,3630,SKQD,931,0.227294921875,1.3017695578316318e-36,1418.3333333333333,0.3462727864583333,True,3394436632
7,12,2,0.162841796875,0.003173828125,5.074945756128126e-46,3630,SKQD,1210,0.29541015625,1.1715368992150944e-36,1418.3333333333333,0.3462727864583333,True,3394436632
7,12,2,0.162841796875,0.003173828125,5.074945756128126e-46,3630,SKQD,1575,0.384521484375,4.1335218240451425e-36,1418.3333333333333,0.3462727864583333,True,3394436632
7,12,2,0.162841796875,0.003173828125,5.074945756128126e-46,3630,SKQD,2048,0.5,4.1335218240451425e-36,1418.3333333333333,0.3462727864583333,True,3394436632
7,12,2,0.162841796875,0.003173828125,5.074945756128126e-46,3630,Ceiling,1,0.000244140625,0.31583661337060653,2048.0,0.5,False,3394436632
7,12,2,0.162841796875,0.003173828125,5.074945756128126e-46,3630,Ceiling,2,0.00048828125,0.47805038240651115,2048.0,0.5,False,3394436632
7,12,2,0.162841796875,0.003173828125,5.074945756128126e-46,3630,Ceiling,3,0.000732421875,0.574990198502902,2048.0,0.5,False,3394436632
7,12,2,0.162841796875,0.003173828125,5.074945756128126e-46,3630,Ceiling,4,0.0009765625,0.6548857163417323,2048.0,0.5,False,3394436632
7,12,2,0.162841796875,0.003173828125,5.074945756128126e-46,3630,Ceiling,5,0.001220703125,0.7046217729400529,2048.0,0.5,False,3394436632
7,12,2,0.162841796875,0.003173828125,5.074945756128126e-46,3630,Ceiling,6,0.00146484375,0.7456393602749273,2048.0,0.5,False,3394436632
7,12,2,0.162841796875,0.003173828125,5.074945756128126e-46,3630,Ceiling,8,0.001953125,0.7940882553010631,2048.0,0.5,False,3394436632
7,12,2,0.162841796875,0.003173828125,5.074945756128126e-46,3630,Ceiling,11,0.002685546875,0.8376775572088674,2048.0,0.5,False,3394436632
7,12,2,0.162841796875,0.003173828125,5.074945756128126e-46,3630,Ceiling,14,0.00341796875,0.8621810909613401,2048.0,0.5,False,3394436632
7,12,2,0.162841796875,0.003173828125,5.074945756128126e-46,3630,Ceiling,18,0.00439453125,0.8887694550121712,2048.0,0.5,False,3394436632
7,12,2,0.162841796875,0.003173828125,5.074945756128126e-46,3630,Ceiling,23,0.005615234375,0.9096748379235153,2048.0,0.5,False,3394436632
7,12,2,0.162841796875,0.003173828125,5.074945756128126e-46,3630,Ceiling,31,0.007568359375,0.9322995445596177,2048.0,0.5,False,3394436632
7,12,2,0.162841796875,0.003173828125,5.074945756128126e-46,3630,Ceiling,40,0.009765625,0.9490167738477369,2048.0,0.5,False,3394436632
7,12,2,0.162841796875,0.003173828125,5.074945756128126e-46,3630,Ceiling,52,0.0126953125,0.9634757749031155,2048.0,0.5,False,3394436632
7,12,2,0.162841796875,0.003173828125,5.074945756128126e-46,3630,Ceiling,67,0.016357421875,0.9737054154146882,2048.0,0.5,False,3394436632
7,12,2,0.162841796875,0.003173828125,5.074945756128126e-46,3630,Ceiling,87,0.021240234375,0.9820606929585596,2048.0,0.5,False,3394436632
7,12,2,0.162841796875,0.003173828125,5.074945756128126e-46,3630,Ceiling,114,0.02783203125,0.9883328604499451,2048.0,0.5,False,3394436632
7,12,2,0.162841796875,0.003173828125,5.074945756128126e-46,3630,Ceiling,148,0.0361328125,0.9924727590712832,2048.0,0.5,False,3394436632
7,12,2,0.162841796875,0.003173828125,5.074945756128126e-46,3630,Ceiling,192,0.046875,0.9952963360887424,2048.0,0.5,False,3394436632
7,12,2,0.162841796875,0.003173828125,5.074945756128126e-46,3630,Ceiling,250,0.06103515625,0.9972433877951887,2048.0,0.5,False,3394436632
7,12,2,0.162841796875,0.003173828125,5.074945756128126e-46,3630,Ceiling,325,0.079345703125,0.9985032578981418,2048.0,0.5,False,3394436632
7,12,2,0.162841796875,0.003173828125,5.074945756128126e-46,3630,Ceiling,423,0.103271484375,0.9992528760358497,2048.0,0.5,False,3394436632
7,12,2,0.162841796875,0.003173828125,5.074945756128126e-46,3630,Ceiling,550,0.13427734375,0.9996629237675607,2048.0,0.5,False,3394436632
7,12,2,0.162841796875,0.003173828125,5.074945756128126e-46,3630,Ceiling,715,0.174560546875,0.999878032148167,2048.0,0.5,False,3394436632
7,12,2,0.162841796875,0.003173828125,5.074945756128126e-46,3630,Ceiling,931,0.227294921875,0.9999637336494701,2048.0,0.5,False,3394436632
7,12,2,0.162841796875,0.003173828125,5.074945756128126e-46,3630,Ceiling,1210,0.29541015625,0.9999928275579324,2048.0,0.5,False,3394436632
7,12,2,0.162841796875,0.003173828125,5.074945756128126e-46,3630,Ceiling,1575,0.384521484375,0.9999995096789813,2048.0,0.5,False,3394436632
7,12,2,0.162841796875,0.003173828125,5.074945756128126e-46,3630,Ceiling,2048,0.5,1.0,2048.0,0.5,False,3394436632
7,12,2,0.162841796875,0.003173828125,2.2975635680694205e-45,2684,BARK,1,0.000244140625,2.2975635680694205e-45,2048.0,0.5,False,3394436632
7,12,2,0.162841796875,0.003173828125,2.2975635680694205e-45,2684,BARK,2,0.00048828125,2.9281997144761306e-41,2048.0,0.5,False,3394436632
7,12,2,0.162841796875,0.003173828125,2.2975635680694205e-45,2684,BARK,3,0.000732421875,8.543899162680102e-40,2048.0,0.5,False,3394436632
7,12,2,0.162841796875,0.003173828125,2.2975635680694205e-45,2684,BARK,4,0.0009765625,3.701063690831538e-40,2048.0,0.5,False,3394436632
7,12,2,0.162841796875,0.003173828125,2.2975635680694205e-45,2684,BARK,5,0.001220703125,9.114037972254427e-37,2048.0,0.5,False,3394436632
7,12,2,0.162841796875,0.003173828125,2.2975635680694205e-45,2684,BARK,6,0.00146484375,2.0404962096788242e-36,2048.0,0.5,False,3394436632
7,12,2,0.162841796875,0.003173828125,2.2975635680694205e-45,2684,BARK,8,0.001953125,3.207367241982621e-36,2048.0,0.5,False,3394436632
7,12,2,0.162841796875,0.003173828125,2.2975635680694205e-45,2684,BARK,11,0.002685546875,4.7631789643841794e-36,2048.0,0.5,False,3394436632
7,12,2,0.162841796875,0.003173828125,2.2975635680694205e-45,2684,BARK,14,0.00341796875,9.396117746380657e-36,2048.0,0.5,False,3394436632
7,12,2,0.162841796875,0.003173828125,2.2975635680694205e-45,2684,BARK,18,0.00439453125,3.6780741172566553e-35,2048.0,0.5,False,3394436632
7,12,2,0.162841796875,0.003173828125,2.2975635680694205e-45,2684,BARK,23,0.005615234375,3.5275588221324857e-35,2048.0,0.5,False,3394436632
7,12,2,0.162841796875,0.003173828125,2.2975635680694205e-45,2684,BARK,31,0.007568359375,4.899904028056717e-35,2048.0,0.5,False,3394436632
7,12,2,0.162841796875,0.003173828125,2.2975635680694205e-45,2684,BARK,40,0.009765625,4.704426691160828e-35,2048.0,0.5,False,3394436632
7,12,2,0.162841796875,0.003173828125,2.2975635680694205e-45,2684,BARK,52,0.0126953125,5.227987017726934e-35,2048.0,0.5,False,3394436632
7,12,2,0.162841796875,0.003173828125,2.2975635680694205e-45,2684,BARK,67,0.016357421875,5.684303841022473e-35,2048.0,0.5,False,3394436632
7,12,2,0.162841796875,0.003173828125,2.2975635680694205e-45,2684,BARK,87,0.021240234375,5.704041852471351e-35,2048.0,0.5,False,3394436632
7,12,2,0.162841796875,0.003173828125,2.2975635680694205e-45,2684,BARK,114,0.02783203125,7.718374006661307e-35,2048.0,0.5,False,3394436632
7,12,2,0.162841796875,0.003173828125,2.2975635680694205e-45,2684,BARK,148,0.0361328125,7.673299177073403e-35,2048.0,0.5,False,3394436632
7,12,2,0.162841796875,0.003173828125,2.2975635680694205e-45,2684,BARK,192,0.046875,7.874971304792255e-35,2048.0,0.5,False,3394436632
7,12,2,0.162841796875,0.003173828125,2.2975635680694205e-45,2684,BARK,250,0.06103515625,7.821434661899999e-35,2048.0,0.5,False,3394436632
7,12,2,0.162841796875,0.003173828125,2.2975635680694205e-45,2684,BARK,325,0.079345703125,7.697587200005816e-35,2048.0,0.5,False,3394436632
7,12,2,0.162841796875,0.003173828125,2.2975635680694205e-45,2684,BARK,423,0.103271484375,8.027049873765866e-35,2048.0,0.5,False,3394436632
7,12,2,0.162841796875,0.003173828125,2.2975635680694205e-45,2684,BARK,550,0.13427734375,8.067015584066657e-35,2048.0,0.5,False,3394436632
7,12,2,0.162841796875,0.003173828125,2.2975635680694205e-45,2684,BARK,715,0.174560546875,8.102445119009742e-35,2048.0,0.5,False,3394436632
7,12,2,0.162841796875,0.003173828125,2.2975635680694205e-45,2684,BARK,931,0.227294921875,8.212294780737598e-35,2048.0,0.5,False,3394436632
7,12,2,0.162841796875,0.003173828125,2.2975635680694205e-45,2684,BARK,1210,0.29541015625,8.454462812873724e-35,2048.0,0.5,False,3394436632
7,12,2,0.162841796875,0.003173828125,2.2975635680694205e-45,2684,BARK,1575,0.384521484375,8.495500024279918e-35,2048.0,0.5,False,3394436632
7,12,2,0.162841796875,0.003173828125,2.2975635680694205e-45,2684,BARK,2048,0.5,7.14349850698425e-36,2048.0,0.5,False,3394436632
7,12,2,0.162841796875,0.003173828125,2.2975635680694205e-45,2684,Simplified BARK,1,0.000244140625,2.2975635680694205e-45,2048.0,0.5,False,3394436632
7,12,2,0.162841796875,0.003173828125,2.2975635680694205e-45,2684,Simplified BARK,2,0.00048828125,8.921872351920619e-44,2048.0,0.5,False,3394436632
7,12,2,0.162841796875,0.003173828125,2.2975635680694205e-45,2684,Simplified BARK,3,0.000732421875,7.880735306667176e-42,2048.0,0.5,False,3394436632
7,12,2,0.162841796875,0.003173828125,2.2975635680694205e-45,2684,Simplified BARK,4,0.0009765625,2.878163446004493e-41,2048.0,0.5,False,3394436632
7,12,2,0.162841796875,0.003173828125,2.2975635680694205e-45,2684,Simplified BARK,5,0.001220703125,5.4487777875244e-41,2048.0,0.5,False,3394436632
7,12,2,0.162841796875,0.003173828125,2.2975635680694205e-45,2684,Simplified BARK,6,0.00146484375,7.193455319668429e-41,2048.0,0.5,False,3394436632
7,12,2,0.162841796875,0.003173828125,2.2975635680694205e-45,2684,Simplified BARK,8,0.001953125,7.035584135128518e-41,2048.0,0.5,False,3394436632
7,12,2,0.162841796875,0.003173828125,2.2975635680694205e-45,2684,Simplified BARK,11,0.002685546875,6.493471970253748e-40,2048.0,0.5,False,3394436632
7,12,2,0.162841796875,0.003173828125,2.2975635680694205e-45,2684,Simplified BARK,14,0.00341796875,1.2555871893390871e-39,2048.0,0.5,False,3394436632
7,12,2,0.162841796875,0.003173828125,2.2975635680694205e-45,2684,Simplified BARK,18,0.00439453125,1.3464968396889298e-39,2048.0,0.5,False,3394436632
7,12,2,0.162841796875,0.003173828125,2.2975635680694205e-45,2684,Simplified BARK,23,0.005615234375,1.5070215758860987e-39,2048.0,0.5,False,3394436632
7,12,2,0.162841796875,0.003173828125,2.2975635680694205e-45,2684,Simplified BARK,31,0.007568359375,1.8477717610714185e-39,2048.0,0.5,False,3394436632
7,12,2,0.162841796875,0.003173828125,2.2975635680694205e-45,2684,Simplified BARK,40,0.009765625,2.9470456347927094e-39,2048.0,0.5,False,3394436632
7,12,2,0.162841796875,0.003173828125,2.2975635680694205e-45,2684,Simplified BARK,52,0.0126953125,3.114843948988565e-39,2048.0,0.5,False,3394436632
7,12,2,0.162841796875,0.003173828125,2.2975635680694205e-45,2684,Simplified BARK,67,0.016357421875,3.157374550635693e-39,2048.0,0.5,False,3394436632
7,12,2,0.162841796875,0.003173828125,2.2975635680694205e-45,2684,Simplified BARK,87,0.021240234375,3.464607667549919e-39,2048.0,0.5,False,3394436632
7,12,2,0.162841796875,0.003173828125,2.2975635680694205e-45,2684,Simplified BARK,114,0.02783203125,4.349095640015235e-40,2048.0,0.5,False,3394436632
7,12,2,0.162841796875,0.003173828125,2.2975635680694205e-45,2684,Simplified BARK,148,0.0361328125,1.9224467609208646e-36,2048.0,0.5,False,3394436632
7,12,2,0.162841796875,0.003173828125,2.2975635680694205e-45,2684,Simplified BARK,192,0.046875,1.8472700513733724e-36,2048.0,0.5,False,3394436632
7,12,2,0.162841796875,0.003173828125,2.2975635680694205e-45,2684,Simplified BARK,250,0.06103515625,1.8880319200799758e-36,2048.0,0.5,False,3394436632
7,12,2,0.162841796875,0.003173828125,2.2975635680694205e-45,2684,Simplified BARK,325,0.079345703125,1.9851345005151044e-36,2048.0,0.5,False,3394436632
7,12,2,0.162841796875,0.003173828125,2.2975635680694205e-45,2684,Simplified BARK,423,0.103271484375,3.683124646367144e-36,2048.0,0.5,False,3394436632
7,12,2,0.162841796875,0.003173828125,2.2975635680694205e-45,2684,Simplified BARK,550,0.13427734375,2.5613794778717003e-35,2048.0,0.5,False,3394436632
7,12,2,0.162841796875,0.003173828125,2.2975635680694205e-45,2684,Simplified BARK,715,0.174560546875,1.8536579469907761e-35,2048.0,0.5,False,3394436632
7,12,2,0.162841796875,0.003173828125,2.2975635680694205e-45,2684,Simplified BARK,931,0.227294921875,1.7982524978336066e-35,2048.0,0.5,False,3394436632
7,12,2,0.162841796875,0.003173828125,2.2975635680694205e-45,2684,Simplified BARK,1210,0.29541015625,1.3350638272619272e-35,2048.0,0.5,False,3394436632
7,12,2,0.162841796875,0.003173828125,2.2975635680694205e-45,2684,Simplified BARK,1575,0.384521484375,9.028730559190597e-35,2048.0,0.5,False,3394436632
7,12,2,0.162841796875,0.003173828125,2.2975635680694205e-45,2684,Simplified BARK,2048,0.5,7.143497823365379e-36,2048.0,0.5,False,3394436632
7,12,2,0.162841796875,0.003173828125,2.2975635680694205e-45,2684,SKQD,1,0.000244140625,2.2975635680694205e-45,1652.6666666666667,0.4034830729166667,True,3394436632
7,12,2,0.162841796875,0.003173828125,2.2975635680694205e-45,2684,SKQD,2,0.00048828125,9.762197423965815e-42,1652.6666666666667,0.4034830729166667,True,3394436632
7,12,2,0.162841796875,0.003173828125,2.2975635680694205e-45,2684,SKQD,3,0.000732421875,9.762197423965815e-42,1652.6666666666667,0.4034830729166667,True,3394436632
7,12,2,0.162841796875,0.003173828125,2.2975635680694205e-45,2684,SKQD,4,0.0009765625,2.340305046169235e-41,1652.6666666666667,0.4034830729166667,True,3394436632
7,12,2,0.162841796875,0.003173828125,2.2975635680694205e-45,2684,SKQD,5,0.001220703125,3.6121634395157257e-41,1652.6666666666667,0.4034830729166667,True,3394436632
7,12,2,0.162841796875,0.003173828125,2.2975635680694205e-45,2684,SKQD,6,0.00146484375,3.6121634395157257e-41,1652.6666666666667,0.4034830729166667,True,3394436632
7,12,2,0.162841796875,0.003173828125,2.2975635680694205e-45,2684,SKQD,8,0.001953125,3.361655457530904e-41,1652.6666666666667,0.4034830729166667,True,3394436632
7,12,2,0.162841796875,0.003173828125,2.2975635680694205e-45,2684,SKQD,11,0.002685546875,3.4930457020110207e-41,1652.6666666666667,0.4034830729166667,True,3394436632
7,12,2,0.162841796875,0.003173828125,2.2975635680694205e-45,2684,SKQD,14,0.00341796875,3.8669785509918733e-41,1652.6666666666667,0.4034830729166667,True,3394436632
7,12,2,0.162841796875,0.003173828125,2.2975635680694205e-45,2684,SKQD,18,0.00439453125,4.690309679378739e-41,1652.6666666666667,0.4034830729166667,True,3394436632
7,12,2,0.162841796875,0.003173828125,2.2975635680694205e-45,2684,SKQD,23,0.005615234375,9.2366870714324e-41,1652.6666666666667,0.4034830729166667,True,3394436632
7,12,2,0.162841796875,0.003173828125,2.2975635680694205e-45,2684,SKQD,31,0.007568359375,9.043260928011071e-41,1652.6666666666667,0.4034830729166667,True,3394436632
7,12,2,0.162841796875,0.003173828125,2.2975635680694205e-45,2684,SKQD,40,0.009765625,2.4857039268477764e-40,1652.6666666666667,0.4034830729166667,True,3394436632
7,12,2,0.162841796875,0.003173828125,2.2975635680694205e-45,2684,SKQD,52,0.0126953125,2.5940422702508074e-40,1652.6666666666667,0.4034830729166667,True,3394436632
7,12,2,0.162841796875,0.003173828125,2.2975635680694205e-45,2684,SKQD,67,0.016357421875,6.6089305983704074e-40,1652.6666666666667,0.4034830729166667,True,3394436632
7,12,2,0.162841796875,0.003173828125,2.2975635680694205e-45,2684,SKQD,87,0.021240234375,9.409985951146589e-40,1652.6666666666667,0.4034830729166667,True,3394436632
7,12,2,0.162841796875,0.003173828125,2.2975635680694205e-45,2684,SKQD,114,0.02783203125,1.363439001396467e-38,1652.6666666666667,0.4034830729166667,True,3394436632
7,12,2,0.162841796875,0.003173828125,2.2975635680694205e-45,2684,SKQD,148,0.0361328125,2.297952292720599e-36,1652.6666666666667,0.4034830729166667,True,3394436632
7,12,2,0.162841796875,0.003173828125,2.2975635680694205e-45,2684,SKQD,192,0.046875,2.3031730262420458e-36,1652.6666666666667,0.4034830729166667,True,3394436632
7,12,2,0.162841796875,0.003173828125,2.2975635680694205e-45,2684,SKQD,250,0.06103515625,2.337417598251574e-36,1652.6666666666667,0.4034830729166667,True,3394436632
7,12,2,0.162841796875,0.003173828125,2.2975635680694205e-45,2684,SKQD,325,0.079345703125,2.057113929174271e-36,1652.6666666666667,0.4034830729166667,True,3394436632
7,12,2,0.162841796875,0.003173828125,2.2975635680694205e-45,2684,SKQD,423,0.103271484375,2.057039883592788e-36,1652.6666666666667,0.4034830729166667,True,3394436632
7,12,2,0.162841796875,0.003173828125,2.2975635680694205e-45,2684,SKQD,550,0.13427734375,1.2841571011553304e-36,1652.6666666666667,0.4034830729166667,True,3394436632
7,12,2,0.162841796875,0.003173828125,2.2975635680694205e-45,2684,SKQD,715,0.174560546875,1.351168332521664e-36,1652.6666666666667,0.4034830729166667,True,3394436632
7,12,2,0.162841796875,0.003173828125,2.2975635680694205e-45,2684,SKQD,931,0.227294921875,1.1000512458497308e-37,1652.6666666666667,0.4034830729166667,True,3394436632
7,12,2,0.162841796875,0.003173828125,2.2975635680694205e-45,2684,SKQD,1210,0.29541015625,8.135628078767724e-36,1652.6666666666667,0.4034830729166667,True,3394436632
7,12,2,0.162841796875,0.003173828125,2.2975635680694205e-45,2684,SKQD,1575,0.384521484375,1.5059340099604523e-35,1652.6666666666667,0.4034830729166667,True,3394436632
7,12,2,0.162841796875,0.003173828125,2.2975635680694205e-45,2684,SKQD,2048,0.5,2.3788949555950956e-35,1652.6666666666667,0.4034830729166667,True,3394436632
7,12,2,0.162841796875,0.003173828125,2.2975635680694205e-45,2684,Ceiling,1,0.000244140625,0.31583661337060653,2048.0,0.5,False,3394436632
7,12,2,0.162841796875,0.003173828125,2.2975635680694205e-45,2684,Ceiling,2,0.00048828125,0.47805038240651115,2048.0,0.5,False,3394436632
7,12,2,0.162841796875,0.003173828125,2.2975635680694205e-45,2684,Ceiling,3,0.000732421875,0.574990198502902,2048.0,0.5,False,3394436632
7,12,2,0.162841796875,0.003173828125,2.2975635680694205e-45,2684,Ceiling,4,0.0009765625,0.6548857163417323,2048.0,0.5,False,3394436632
7,12,2,0.162841796875,0.003173828125,2.2975635680694205e-45,2684,Ceiling,5,0.001220703125,0.7046217729400529,2048.0,0.5,False,3394436632
7,12,2,0.162841796875,0.003173828125,2.2975635680694205e-45,2684,Ceiling,6,0.00146484375,0.7456393602749273,2048.0,0.5,False,3394436632
7,12,2,0.162841796875,0.003173828125,2.2975635680694205e-45,2684,Ceiling,8,0.001953125,0.7940882553010631,2048.0,0.5,False,3394436632
7,12,2,0.162841796875,0.003173828125,2.2975635680694205e-45,2684,Ceiling,11,0.002685546875,0.8376775572088674,2048.0,0.5,False,3394436632
7,12,2,0.162841796875,0.003173828125,2.2975635680694205e-45,2684,Ceiling,14,0.00341796875,0.8621810909613401,2048.0,0.5,False,3394436632
7,12,2,0.162841796875,0.003173828125,2.2975635680694205e-45,2684,Ceiling,18,0.00439453125,0.8887694550121712,2048.0,0.5,False,3394436632
7,12,2,0.162841796875,0.003173828125,2.2975635680694205e-45,2684,Ceiling,23,0.005615234375,0.9096748379235153,2048.0,0.5,False,3394436632
7,12,2,0.162841796875,0.003173828125,2.2975635680694205e-45,2684,Ceiling,31,0.007568359375,0.9322995445596177,2048.0,0.5,False,3394436632
7,12,2,0.162841796875,0.003173828125,2.2975635680694205e-45,2684,Ceiling,40,0.009765625,0.9490167738477369,2048.0,0.5,False,3394436632
7,12,2,0.162841796875,0.003173828125,2.2975635680694205e-45,2684,Ceiling,52,0.0126953125,0.9634757749031155,2048.0,0.5,False,3394436632
7,12,2,0.162841796875,0.003173828125,2.2975635680694205e-45,2684,Ceiling,67,0.016357421875,0.9737054154146882,2048.0,0.5,False,3394436632
7,12,2,0.162841796875,0.003173828125,2.2975635680694205e-45,2684,Ceiling,87,0.021240234375,0.9820606929585596,2048.0,0.5,False,3394436632
7,12,2,0.162841796875,0.003173828125,2.2975635680694205e-45,2684,Ceiling,114,0.02783203125,0.9883328604499451,2048.0,0.5,False,3394436632
7,12,2,0.162841796875,0.003173828125,2.2975635680694205e-45,2684,Ceiling,148,0.0361328125,0.9924727590712832,2048.0,0.5,False,3394436632
7,12,2,0.162841796875,0.003173828125,2.2975635680694205e-45,2684,Ceiling,192,0.046875,0.9952963360887424,2048.0,0.5,False,3394436632
7,12,2,0.162841796875,0.003173828125,2.2975635680694205e-45,2684,Ceiling,250,0.06103515625,0.9972433877951887,2048.0,0.5,False,3394436632
7,12,2,0.162841796875,0.003173828125,2.2975635680694205e-45,2684,Ceiling,325,0.079345703125,0.9985032578981418,2048.0,0.5,False,3394436632
7,12,2,0.162841796875,0.003173828125,2.2975635680694205e-45,2684,Ceiling,423,0.103271484375,0.9992528760358497,2048.0,0.5,False,3394436632
7,12,2,0.162841796875,0.003173828125,2.2975635680694205e-45,2684,Ceiling,550,0.13427734375,0.9996629237675607,2048.0,0.5,False,3394436632
7,12,2,0.162841796875,0.003173828125,2.2975635680694205e-45,2684,Ceiling,715,0.174560546875,0.999878032148167,2048.0,0.5,False,3394436632
7,12,2,0.162841796875,0.003173828125,2.2975635680694205e-45,2684,Ceiling,931,0.227294921875,0.9999637336494701,2048.0,0.5,False,3394436632
7,12,2,0.162841796875,0.003173828125,2.2975635680694205e-45,2684,Ceiling,1210,0.29541015625,0.9999928275579324,2048.0,0.5,False,3394436632
7,12,2,0.162841796875,0.003173828125,2.2975635680694205e-45,2684,Ceiling,1575,0.384521484375,0.9999995096789813,2048.0,0.5,False,3394436632
7,12,2,0.162841796875,0.003173828125,2.2975635680694205e-45,2684,Ceiling,2048,0.5,1.0,2048.0,0.5,False,3394436632
