Hamiltonian_Index,Number_of_Sites,Dimensions,Delta,J,Bx,By,Bz,Ground_State_Density,Hamiltonian_Density,Overlap,Initial_State_Index,Algorithm,Budget,Budget_Fraction,Fidelity,Final_Pool_Size,Final_Pool_Fraction,Terminated_Early,Seed
5,12,1,1.0,-0.806853,0.0,0.0,-0.047127,0.000244140625,0.0029296875,1.0,4095,BARK,1,0.000244140625,1.0,1.0,0.000244140625,True,4144352158
5,12,1,1.0,-0.806853,0.0,0.0,-0.047127,0.000244140625,0.0029296875,1.0,4095,BARK,2,0.00048828125,1.0,1.0,0.000244140625,True,4144352158
5,12,1,1.0,-0.806853,0.0,0.0,-0.047127,0.000244140625,0.0029296875,1.0,4095,BARK,3,0.000732421875,1.0,1.0,0.000244140625,True,4144352158
5,12,1,1.0,-0.806853,0.0,0.0,-0.047127,0.000244140625,0.0029296875,1.0,4095,BARK,4,0.0009765625,1.0,1.0,0.000244140625,True,4144352158
5,12,1,1.0,-0.806853,0.0,0.0,-0.047127,0.000244140625,0.0029296875,1.0,4095,BARK,5,0.001220703125,1.0,1.0,0.000244140625,True,4144352158
5,12,1,1.0,-0.806853,0.0,0.0,-0.047127,0.000244140625,0.0029296875,1.0,4095,BARK,6,0.00146484375,1.0,1.0,0.000244140625,True,4144352158
5,12,1,1.0,-0.806853,0.0,0.0,-0.047127,0.000244140625,0.0029296875,1.0,4095,BARK,8,0.001953125,1.0,1.0,0.000244140625,True,4144352158
5,12,1,1.0,-0.806853,0.0,0.0,-0.047127,0.000244140625,0.0029296875,1.0,4095,BARK,11,0.002685546875,1.0,1.0,0.000244140625,True,4144352158
5,12,1,1.0,-0.806853,0.0,0.0,-0.047127,0.000244140625,0.0029296875,1.0,4095,BARK,14,0.00341796875,1.0,1.0,0.000244140625,True,4144352158
5,12,1,1.0,-0.806853,0.0,0.0,-0.047127,0.000244140625,0.0029296875,1.0,4095,BARK,18,0.00439453125,1.0,1.0,0.000244140625,True,4144352158
5,12,1,1.0,-0.806853,0.0,0.0,-0.047127,0.000244140625,0.0029296875,1.0,4095,BARK,23,0.005615234375,1.0,1.0,0.000244140625,True,4144352158
5,12,1,1.0,-0.806853,0.0,0.0,-0.047127,0.000244140625,0.0029296875,1.0,4095,BARK,31,0.007568359375,1.0,1.0,0.000244140625,True,4144352158
5,12,1,1.0,-0.806853,0.0,0.0,-0.047127,0.000244140625,0.0029296875,1.0,4095,BARK,40,0.009765625,1.0,1.0,0.000244140625,True,4144352158
5,12,1,1.0,-0.806853,0.0,0.0,-0.047127,0.000244140625,0.0029296875,1.0,4095,BARK,52,0.0126953125,1.0,1.0,0.000244140625,True,4144352158
5,12,1,1.0,-0.806853,0.0,0.0,-0.047127,0.000244140625,0.0029296875,1.0,4095,BARK,67,0.016357421875,1.0,1.0,0.000244140625,True,4144352158
5,12,1,1.0,-0.806853,0.0,0.0,-0.047127,0.000244140625,0.0029296875,1.0,4095,BARK,87,0.021240234375,1.0,1.0,0.000244140625,True,4144352158
5,12,1,1.0,-0.806853,0.0,0.0,-0.047127,0.000244140625,0.0029296875,1.0,4095,BARK,114,0.02783203125,1.0,1.0,0.000244140625,True,4144352158
5,12,1,1.0,-0.806853,0.0,0.0,-0.047127,0.000244140625,0.0029296875,1.0,4095,BARK,148,0.0361328125,1.0,1.0,0.000244140625,True,4144352158
5,12,1,1.0,-0.806853,0.0,0.0,-0.047127,0.000244140625,0.0029296875,1.0,4095,BARK,192,0.046875,1.0,1.0,0.000244140625,True,4144352158
5,12,1,1.0,-0.806853,0.0,0.0,-0.047127,0.000244140625,0.0029296875,1.0,4095,BARK,250,0.06103515625,1.0,1.0,0.000244140625,True,4144352158
5,12,1,1.0,-0.806853,0.0,0.0,-0.047127,0.000244140625,0.0029296875,1.0,4095,BARK,325,0.079345703125,1.0,1.0,0.000244140625,True,4144352158
5,12,1,1.0,-0.806853,0.0,0.0,-0.047127,0.000244140625,0.0029296875,1.0,4095,BARK,423,0.103271484375,1.0,1.0,0.000244140625,True,4144352158
5,12,1,1.0,-0.806853,0.0,0.0,-0.047127,0.000244140625,0.0029296875,1.0,4095,BARK,550,0.13427734375,1.0,1.0,0.000244140625,True,4144352158
5,12,1,1.0,-0.806853,0.0,0.0,-0.047127,0.000244140625,0.0029296875,1.0,4095,BARK,715,0.174560546875,1.0,1.0,0.000244140625,True,4144352158
5,12,1,1.0,-0.806853,0.0,0.0,-0.047127,0.000244140625,0.0029296875,1.0,4095,BARK,931,0.227294921875,1.0,1.0,0.000244140625,True,4144352158
5,12,1,1.0,-0.806853,0.0,0.0,-0.047127,0.000244140625,0.0029296875,1.0,4095,BARK,1210,0.29541015625,1.0,1.0,0.000244140625,True,4144352158
5,12,1,1.0,-0.806853,0.0,0.0,-0.047127,0.000244140625,0.0029296875,1.0,4095,BARK,1575,0.384521484375,1.0,1.0,0.000244140625,True,4144352158
5,12,1,1.0,-0.806853,0.0,0.0,-0.047127,0.000244140625,0.0029296875,1.0,4095,BARK,2048,0.5,1.0,1.0,0.000244140625,True,4144352158
5,12,1,1.0,-0.806853,0.0,0.0,-0.047127,0.000244140625,0.0029296875,1.0,4095,Simplified BARK,1,0.000244140625,1.0,1.0,0.000244140625,True,4144352158
5,12,1,1.0,-0.806853,0.0,0.0,-0.047127,0.000244140625,0.0029296875,1.0,4095,Simplified BARK,2,0.00048828125,1.0,1.0,0.000244140625,True,4144352158
5,12,1,1.0,-0.806853,0.0,0.0,-0.047127,0.000244140625,0.0029296875,1.0,4095,Simplified BARK,3,0.000732421875,1.0,1.0,0.000244140625,True,4144352158
5,12,1,1.0,-0.806853,0.0,0.0,-0.047127,0.000244140625,0.0029296875,1.0,4095,Simplified BARK,4,0.0009765625,1.0,1.0,0.000244140625,True,4144352158
5,12,1,1.0,-0.806853,0.0,0.0,-0.047127,0.000244140625,0.0029296875,1.0,4095,Simplified BARK,5,0.001220703125,1.0,1.0,0.000244140625,True,4144352158
5,12,1,1.0,-0.806853,0.0,0.0,-0.047127,0.000244140625,0.0029296875,1.0,4095,Simplified BARK,6,0.00146484375,1.0,1.0,0.000244140625,True,4144352158
5,12,1,1.0,-0.806853,0.0,0.0,-0.047127,0.000244140625,0.0029296875,1.0,4095,Simplified BARK,8,0.001953125,1.0,1.0,0.000244140625,True,4144352158
5,12,1,1.0,-0.806853,0.0,0.0,-0.047127,0.000244140625,0.0029296875,1.0,4095,Simplified BARK,11,0.002685546875,1.0,1.0,0.000244140625,True,4144352158
5,12,1,1.0,-0.806853,0.0,0.0,-0.047127,0.000244140625,0.0029296875,1.0,4095,Simplified BARK,14,0.00341796875,1.0,1.0,0.000244140625,True,4144352158
5,12,1,1.0,-0.806853,0.0,0.0,-0.047127,0.000244140625,0.0029296875,1.0,4095,Simplified BARK,18,0.00439453125,1.0,1.0,0.000244140625,True,4144352158
5,12,1,1.0,-0.806853,0.0,0.0,-0.047127,0.000244140625,0.0029296875,1.0,4095,Simplified BARK,23,0.005615234375,1.0,1.0,0.000244140625,True,4144352158
5,12,1,1.0,-0.806853,0.0,0.0,-0.047127,0.000244140625,0.0029296875,1.0,4095,Simplified BARK,31,0.007568359375,1.0,1.0,0.000244140625,True,4144352158
5,12,1,1.0,-0.806853,0.0,0.0,-0.047127,0.000244140625,0.0029296875,1.0,4095,Simplified BARK,40,0.009765625,1.0,1.0,0.000244140625,True,4144352158
5,12,1,1.0,-0.806853,0.0,0.0,-0.047127,0.000244140625,0.0029296875,1.0,4095,Simplified BARK,52,0.0126953125,1.0,1.0,0.000244140625,True,4144352158
5,12,1,1.0,-0.806853,0.0,0.0,-0.047127,0.000244140625,0.0029296875,1.0,4095,Simplified BARK,67,0.016357421875,1.0,1.0,0.000244140625,True,4144352158
5,12,1,1.0,-0.806853,0.0,0.0,-0.047127,0.000244140625,0.0029296875,1.0,4095,Simplified BARK,87,0.021240234375,1.0,1.0,0.000244140625,True,4144352158
5,12,1,1.0,-0.806853,0.0,0.0,-0.047127,0.000244140625,0.0029296875,1.0,4095,Simplified BARK,114,0.02783203125,1.0,1.0,0.000244140625,True,4144352158
5,12,1,1.0,-0.806853,0.0,0.0,-0.047127,0.000244140625,0.0029296875,1.0,4095,Simplified BARK,148,0.0361328125,1.0,1.0,0.000244140625,True,4144352158
5,12,1,1.0,-0.806853,0.0,0.0,-0.047127,0.000244140625,0.0029296875,1.0,4095,Simplified BARK,192,0.046875,1.0,1.0,0.000244140625,True,4144352158
5,12,1,1.0,-0.806853,0.0,0.0,-0.047127,0.000244140625,0.0029296875,1.0,4095,Simplified BARK,250,0.06103515625,1.0,1.0,0.000244140625,True,4144352158
5,12,1,1.0,-0.806853,0.0,0.0,-0.047127,0.000244140625,0.0029296875,1.0,4095,Simplified BARK,325,0.079345703125,1.0,1.0,0.000244140625,True,4144352158
5,12,1,1.0,-0.806853,0.0,0.0,-0.047127,0.000244140625,0.0029296875,1.0,4095,Simplified BARK,423,0.103271484375,1.0,1.0,0.000244140625,True,4144352158
5,12,1,1.0,-0.806853,0.0,0.0,-0.047127,0.000244140625,0.0029296875,1.0,4095,Simplified BARK,550,0.13427734375,1.0,1.0,0.000244140625,True,4144352158
5,12,1,1.0,-0.806853,0.0,0.0,-0.047127,0.000244140625,0.0029296875,1.0,4095,Simplified BARK,715,0.174560546875,1.0,1.0,0.000244140625,True,4144352158
5,12,1,1.0,-0.806853,0.0,0.0,-0.047127,0.000244140625,0.0029296875,1.0,4095,Simplified BARK,931,0.227294921875,1.0,1.0,0.000244140625,True,4144352158
5,12,1,1.0,-0.806853,0.0,0.0,-0.047127,0.000244140625,0.0029296875,1.0,4095,Simplified BARK,1210,0.29541015625,1.0,1.0,0.000244140625,True,4144352158
5,12,1,1.0,-0.806853,0.0,0.0,-0.047127,0.000244140625,0.0029296875,1.0,4095,Simplified BARK,1575,0.384521484375,1.0,1.0,0.000244140625,True,4144352158
5,12,1,1.0,-0.806853,0.0,0.0,-0.047127,0.000244140625,0.0029296875,1.0,4095,Simplified BARK,2048,0.5,1.0,1.0,0.000244140625,True,4144352158
5,12,1,1.0,-0.806853,0.0,0.0,-0.047127,0.000244140625,0.0029296875,1.0,4095,SKQD,1,0.000244140625,1.0,1.0,0.000244140625,True,4144352158
5,12,1,1.0,-0.806853,0.0,0.0,-0.047127,0.000244140625,0.0029296875,1.0,4095,SKQD,2,0.00048828125,1.0,1.0,0.000244140625,True,4144352158
5,12,1,1.0,-0.806853,0.0,0.0,-0.047127,0.000244140625,0.0029296875,1.0,4095,SKQD,3,0.000732421875,1.0,1.0,0.000244140625,True,4144352158
5,12,1,1.0,-0.806853,0.0,0.0,-0.047127,0.000244140625,0.0029296875,1.0,4095,SKQD,4,0.0009765625,1.0,1.0,0.000244140625,True,4144352158
5,12,1,1.0,-0.806853,0.0,0.0,-0.047127,0.000244140625,0.0029296875,1.0,4095,SKQD,5,0.001220703125,1.0,1.0,0.000244140625,True,4144352158
5,12,1,1.0,-0.806853,0.0,0.0,-0.047127,0.000244140625,0.0029296875,1.0,4095,SKQD,6,0.00146484375,1.0,1.0,0.000244140625,True,4144352158
5,12,1,1.0,-0.806853,0.0,0.0,-0.047127,0.000244140625,0.0029296875,1.0,4095,SKQD,8,0.001953125,1.0,1.0,0.000244140625,True,4144352158
5,12,1,1.0,-0.806853,0.0,0.0,-0.047127,0.000244140625,0.0029296875,1.0,4095,SKQD,11,0.002685546875,1.0,1.0,0.000244140625,True,4144352158
5,12,1,1.0,-0.806853,0.0,0.0,-0.047127,0.000244140625,0.0029296875,1.0,4095,SKQD,14,0.00341796875,1.0,1.0,0.000244140625,True,4144352158
5,12,1,1.0,-0.806853,0.0,0.0,-0.047127,0.000244140625,0.0029296875,1.0,4095,SKQD,18,0.00439453125,1.0,1.0,0.000244140625,True,4144352158
5,12,1,1.0,-0.806853,0.0,0.0,-0.047127,0.000244140625,0.0029296875,1.0,4095,SKQD,23,0.005615234375,1.0,1.0,0.000244140625,True,4144352158
5,12,1,1.0,-0.806853,0.0,0.0,-0.047127,0.000244140625,0.0029296875,1.0,4095,SKQD,31,0.007568359375,1.0,1.0,0.000244140625,True,4144352158
5,12,1,1.0,-0.806853,0.0,0.0,-0.047127,0.000244140625,0.0029296875,1.0,4095,SKQD,40,0.009765625,1.0,1.0,0.000244140625,True,4144352158
5,12,1,1.0,-0.806853,0.0,0.0,-0.047127,0.000244140625,0.0029296875,1.0,4095,SKQD,52,0.0126953125,1.0,1.0,0.000244140625,True,4144352158
5,12,1,1.0,-0.806853,0.0,0.0,-0.047127,0.000244140625,0.0029296875,1.0,4095,SKQD,67,0.016357421875,1.0,1.0,0.000244140625,True,4144352158
5,12,1,1.0,-0.806853,0.0,0.0,-0.047127,0.000244140625,0.0029296875,1.0,4095,SKQD,87,0.021240234375,1.0,1.0,0.000244140625,True,4144352158
5,12,1,1.0,-0.806853,0.0,0.0,-0.047127,0.000244140625,0.0029296875,1.0,4095,SKQD,114,0.02783203125,1.0,1.0,0.000244140625,True,4144352158
5,12,1,1.0,-0.806853,0.0,0.0,-0.047127,0.000244140625,0.0029296875,1.0,4095,SKQD,148,0.0361328125,1.0,1.0,0.000244140625,True,4144352158
5,12,1,1.0,-0.806853,0.0,0.0,-0.047127,0.000244140625,0.0029296875,1.0,4095,SKQD,192,0.046875,1.0,1.0,0.000244140625,True,4144352158
5,12,1,1.0,-0.806853,0.0,0.0,-0.047127,0.000244140625,0.0029296875,1.0,4095,SKQD,250,0.06103515625,1.0,1.0,0.000244140625,True,4144352158
5,12,1,1.0,-0.806853,0.0,0.0,-0.047127,0.000244140625,0.0029296875,1.0,4095,SKQD,325,0.079345703125,1.0,1.0,0.000244140625,True,4144352158
5,12,1,1.0,-0.806853,0.0,0.0,-0.047127,0.000244140625,0.0029296875,1.0,4095,SKQD,423,0.103271484375,1.0,1.0,0.000244140625,True,4144352158
5,12,1,1.0,-0.806853,0.0,0.0,-0.047127,0.000244140625,0.0029296875,1.0,4095,SKQD,550,0.13427734375,1.0,1.0,0.000244140625,True,4144352158
5,12,1,1.0,-0.806853,0.0,0.0,-0.047127,0.000244140625,0.0029296875,1.0,4095,SKQD,715,0.174560546875,1.0,1.0,0.000244140625,True,4144352158
5,12,1,1.0,-0.806853,0.0,0.0,-0.047127,0.000244140625,0.0029296875,1.0,4095,SKQD,931,0.227294921875,1.0,1.0,0.000244140625,True,4144352158
5,12,1,1.0,-0.806853,0.0,0.0,-0.047127,0.000244140625,0.0029296875,1.0,4095,SKQD,1210,0.29541015625,1.0,1.0,0.000244140625,True,4144352158
5,12,1,1.0,-0.806853,0.0,0.0,-0.047127,0.000244140625,0.0029296875,1.0,4095,SKQD,1575,0.384521484375,1.0,1.0,0.000244140625,True,4144352158
5,12,1,1.0,-0.806853,0.0,0.0,-0.047127,0.000244140625,0.0029296875,1.0,4095,SKQD,2048,0.5,1.0,1.0,0.000244140625,True,4144352158
5,12,1,1.0,-0.806853,0.0,0.0,-0.047127,0.000244140625,0.0029296875,1.0,4095,Ceiling,1,0.000244140625,1.0,2048.0,0.5,False,4144352158
5,12,1,1.0,-0.806853,0.0,0.0,-0.047127,0.000244140625,0.0029296875,1.0,4095,Ceiling,2,0.00048828125,1.0,2048.0,0.5,False,4144352158
5,12,1,1.0,-0.806853,0.0,0.0,-0.047127,0.000244140625,0.0029296875,1.0,4095,Ceiling,3,0.000732421875,1.0,2048.0,0.5,False,4144352158
5,12,1,1.0,-0.806853,0.0,0.0,-0.047127,0.000244140625,0.0029296875,1.0,4095,Ceiling,4,0.0009765625,1.0,2048.0,0.5,False,4144352158
5,12,1,1.0,-0.806853,0.0,0.0,-0.047127,0.000244140625,0.0029296875,1.0,4095,Ceiling,5,0.001220703125,1.0,2048.0,0.5,False,4144352158
5,12,1,1.0,-0.806853,0.0,0.0,-0.047127,0.000244140625,0.0029296875,1.0,4095,Ceiling,6,0.00146484375,1.0,2048.0,0.5,False,4144352158
5,12,1,1.0,-0.806853,0.0,0.0,-0.047127,0.000244140625,0.0029296875,1.0,4095,Ceiling,8,0.001953125,1.0,2048.0,0.5,False,4144352158
5,12,1,1.0,-0.806853,0.0,0.0,-0.047127,0.000244140625,0.0029296875,1.0,4095,Ceiling,11,0.002685546875,1.0,2048.0,0.5,False,4144352158
5,12,1,1.0,-0.806853,0.0,0.0,-0.047127,0.000244140625,0.0029296875,1.0,4095,Ceiling,14,0.00341796875,1.0,2048.0,0.5,False,4144352158
5,12,1,1.0,-0.806853,0.0,0.0,-0.047127,0.000244140625,0.0029296875,1.0,4095,Ceiling,18,0.00439453125,1.0,2048.0,0.5,False,4144352158
5,12,1,1.0,-0.806853,0.0,0.0,-0.047127,0.000244140625,0.0029296875,1.0,4095,Ceiling,23,0.005615234375,1.0,2048.0,0.5,False,4144352158
5,12,1,1.0,-0.806853,0.0,0.0,-0.047127,0.000244140625,0.0029296875,1.0,4095,Ceiling,31,0.007568359375,1.0,2048.0,0.5,False,4144352158
5,12,1,1.0,-0.806853,0.0,0.0,-0.047127,0.000244140625,0.0029296875,1.0,4095,Ceiling,40,0.009765625,1.0,2048.0,0.5,False,4144352158
5,12,1,1.0,-0.806853,0.0,0.0,-0.047127,0.000244140625,0.0029296875,1.0,4095,Ceiling,52,0.0126953125,1.0,2048.0,0.5,False,4144352158
5,12,1,1.0,-0.806853,0.0,0.0,-0.047127,0.000244140625,0.0029296875,1.0,4095,Ceiling,67,0.016357421875,1.0,2048.0,0.5,False,4144352158
5,12,1,1.0,-0.806853,0.0,0.0,-0.047127,0.000244140625,0.0029296875,1.0,4095,Ceiling,87,0.021240234375,1.0,2048.0,0.5,False,4144352158
5,12,1,1.0,-0.806853,0.0,0.0,-0.047127,0.000244140625,0.0029296875,1.0,4095,Ceiling,114,0.02783203125,1.0,2048.0,0.5,False,4144352158
5,12,1,1.0,-0.806853,0.0,0.0,-0.047127,0.000244140625,0.0029296875,1.0,4095,Ceiling,148,0.0361328125,1.0,2048.0,0.5,False,4144352158
5,12,1,1.0,-0.806853,0.0,0.0,-0.047127,0.000244140625,0.0029296875,1.0,4095,Ceiling,192,0.046875,1.0,2048.0,0.5,False,4144352158
5,12,1,1.0,-0.806853,0.0,0.0,-0.047127,0.000244140625,0.0029296875,1.0,4095,Ceiling,250,0.06103515625,1.0,2048.0,0.5,False,4144352158
5,12,1,1.0,-0.806853,0.0,0.0,-0.047127,0.000244140625,0.0029296875,1.0,4095,Ceiling,325,0.079345703125,1.0,2048.0,0.5,False,4144352158
5,12,1,1.0,-0.806853,0.0,0.0,-0.047127,0.000244140625,0.0029296875,1.0,4095,Ceiling,423,0.103271484375,1.0,2048.0,0.5,False,4144352158
5,12,1,1.0,-0.806853,0.0,0.0,-0.047127,0.000244140625,0.0029296875,1.0,4095,Ceiling,550,0.13427734375,1.0,2048.0,0.5,False,4144352158
5,12,1,1.0,-0.806853,0.0,0.0,-0.047127,0.000244140625,0.0029296875,1.0,4095,Ceiling,715,0.174560546875,1.0,2048.0,0.5,False,4144352158
5,12,1,1.0,-0.806853,0.0,0.0,-0.047127,0.000244140625,0.0029296875,1.0,4095,Ceiling,931,0.227294921875,1.0,2048.0,0.5,False,4144352158
5,12,1,1.0,-0.806853,0.0,0.0,-0.047127,0.000244140625,0.0029296875,1.0,4095,Ceiling,1210,0.29541015625,1.0,2048.0,0.5,False,4144352158
5,12,1,1.0,-0.806853,0.0,0.0,-0.047127,0.000244140625,0.0029296875,1.0,4095,Ceiling,1575,0.384521484375,1.0,2048.0,0.5,False,4144352158
5,12,1,1.0,-0.806853,0.0,0.0,-0.047127,0.000244140625,0.0029296875,1.0,4095,Ceiling,2048,0.5,1.0,2048.0,0.5,False,4144352158
13,12,1,1.0,-0.640511,0.0,0.0,0.767532,0.000244140625,0.0029296875,1.0,0,BARK,1,0.000244140625,1.0,1.0,0.000244140625,True,1097724582
13,12,1,1.0,-0.640511,0.0,0.0,0.767532,0.000244140625,0.0029296875,1.0,0,BARK,2,0.00048828125,1.0,1.0,0.000244140625,True,1097724582
13,12,1,1.0,-0.640511,0.0,0.0,0.767532,0.000244140625,0.0029296875,1.0,0,BARK,3,0.000732421875,1.0,1.0,0.000244140625,True,1097724582
13,12,1,1.0,-0.640511,0.0,0.0,0.767532,0.000244140625,0.0029296875,1.0,0,BARK,4,0.0009765625,1.0,1.0,0.000244140625,True,1097724582
13,12,1,1.0,-0.640511,0.0,0.0,0.767532,0.000244140625,0.0029296875,1.0,0,BARK,5,0.001220703125,1.0,1.0,0.000244140625,True,1097724582
13,12,1,1.0,-0.640511,0.0,0.0,0.767532,0.000244140625,0.0029296875,1.0,0,BARK,6,0.00146484375,1.0,1.0,0.000244140625,True,1097724582
13,12,1,1.0,-0.640511,0.0,0.0,0.767532,0.000244140625,0.0029296875,1.0,0,BARK,8,0.001953125,1.0,1.0,0.000244140625,True,1097724582
13,12,1,1.0,-0.640511,0.0,0.0,0.767532,0.000244140625,0.0029296875,1.0,0,BARK,11,0.002685546875,1.0,1.0,0.000244140625,True,1097724582
13,12,1,1.0,-0.640511,0.0,0.0,0.767532,0.000244140625,0.0029296875,1.0,0,BARK,14,0.00341796875,1.0,1.0,0.000244140625,True,1097724582
13,12,1,1.0,-0.640511,0.0,0.0,0.767532,0.000244140625,0.0029296875,1.0,0,BARK,18,0.00439453125,1.0,1.0,0.000244140625,True,1097724582
13,12,1,1.0,-0.640511,0.0,0.0,0.767532,0.000244140625,0.0029296875,1.0,0,BARK,23,0.005615234375,1.0,1.0,0.000244140625,True,1097724582
13,12,1,1.0,-0.640511,0.0,0.0,0.767532,0.000244140625,0.0029296875,1.0,0,BARK,31,0.007568359375,1.0,1.0,0.000244140625,True,1097724582
13,12,1,1.0,-0.640511,0.0,0.0,0.767532,0.000244140625,0.0029296875,1.0,0,BARK,40,0.009765625,1.0,1.0,0.000244140625,True,1097724582
13,12,1,1.0,-0.640511,0.0,0.0,0.767532,0.000244140625,0.0029296875,1.0,0,BARK,52,0.0126953125,1.0,1.0,0.000244140625,True,1097724582
13,12,1,1.0,-0.640511,0.0,0.0,0.767532,0.000244140625,0.0029296875,1.0,0,BARK,67,0.016357421875,1.0,1.0,0.000244140625,True,1097724582
13,12,1,1.0,-0.640511,0.0,0.0,0.767532,0.000244140625,0.0029296875,1.0,0,BARK,87,0.021240234375,1.0,1.0,0.000244140625,True,1097724582
13,12,1,1.0,-0.640511,0.0,0.0,0.767532,0.000244140625,0.0029296875,1.0,0,BARK,114,0.02783203125,1.0,1.0,0.000244140625,True,1097724582
13,12,1,1.0,-0.640511,0.0,0.0,0.767532,0.000244140625,0.0029296875,1.0,0,BARK,148,0.0361328125,1.0,1.0,0.000244140625,True,1097724582
13,12,1,1.0,-0.640511,0.0,0.0,0.767532,0.000244140625,0.0029296875,1.0,0,BARK,192,0.046875,1.0,1.0,0.000244140625,True,1097724582
13,12,1,1.0,-0.640511,0.0,0.0,0.767532,0.000244140625,0.0029296875,1.0,0,BARK,250,0.06103515625,1.0,1.0,0.000244140625,True,1097724582
13,12,1,1.0,-0.640511,0.0,0.0,0.767532,0.000244140625,0.0029296875,1.0,0,BARK,325,0.079345703125,1.0,1.0,0.000244140625,True,1097724582
13,12,1,1.0,-0.640511,0.0,0.0,0.767532,0.000244140625,0.0029296875,1.0,0,BARK,423,0.103271484375,1.0,1.0,0.000244140625,True,1097724582
13,12,1,1.0,-0.640511,0.0,0.0,0.767532,0.000244140625,0.0029296875,1.0,0,BARK,550,0.13427734375,1.0,1.0,0.000244140625,True,1097724582
13,12,1,1.0,-0.640511,0.0,0.0,0.767532,0.000244140625,0.0029296875,1.0,0,BARK,715,0.174560546875,1.0,1.0,0.000244140625,True,1097724582
13,12,1,1.0,-0.640511,0.0,0.0,0.767532,0.000244140625,0.0029296875,1.0,0,BARK,931,0.227294921875,1.0,1.0,0.000244140625,True,1097724582
13,12,1,1.0,-0.640511,0.0,0.0,0.767532,0.000244140625,0.0029296875,1.0,0,BARK,1210,0.29541015625,1.0,1.0,0.000244140625,True,1097724582
13,12,1,1.0,-0.640511,0.0,0.0,0.767532,0.000244140625,0.0029296875,1.0,0,BARK,1575,0.384521484375,1.0,1.0,0.000244140625,True,1097724582
13,12,1,1.0,-0.640511,0.0,0.0,0.767532,0.000244140625,0.0029296875,1.0,0,BARK,2048,0.5,1.0,1.0,0.000244140625,True,1097724582
13,12,1,1.0,-0.640511,0.0,0.0,0.767532,0.000244140625,0.0029296875,1.0,0,Simplified BARK,1,0.000244140625,1.0,1.0,0.000244140625,True,1097724582
13,12,1,1.0,-0.640511,0.0,0.0,0.767532,0.000244140625,0.0029296875,1.0,0,Simplified BARK,2,0.00048828125,1.0,1.0,0.000244140625,True,1097724582
13,12,1,1.0,-0.640511,0.0,0.0,0.767532,0.000244140625,0.0029296875,1.0,0,Simplified BARK,3,0.000732421875,1.0,1.0,0.000244140625,True,1097724582
13,12,1,1.0,-0.640511,0.0,0.0,0.767532,0.000244140625,0.0029296875,1.0,0,Simplified BARK,4,0.0009765625,1.0,1.0,0.000244140625,True,1097724582
13,12,1,1.0,-0.640511,0.0,0.0,0.767532,0.000244140625,0.0029296875,1.0,0,Simplified BARK,5,0.001220703125,1.0,1.0,0.000244140625,True,1097724582
13,12,1,1.0,-0.640511,0.0,0.0,0.767532,0.000244140625,0.0029296875,1.0,0,Simplified BARK,6,0.00146484375,1.0,1.0,0.000244140625,True,1097724582
13,12,1,1.0,-0.640511,0.0,0.0,0.767532,0.000244140625,0.0029296875,1.0,0,Simplified BARK,8,0.001953125,1.0,1.0,0.000244140625,True,1097724582
13,12,1,1.0,-0.640511,0.0,0.0,0.767532,0.000244140625,0.0029296875,1.0,0,Simplified BARK,11,0.002685546875,1.0,1.0,0.000244140625,True,1097724582
13,12,1,1.0,-0.640511,0.0,0.0,0.767532,0.000244140625,0.0029296875,1.0,0,Simplified BARK,14,0.00341796875,1.0,1.0,0.000244140625,True,1097724582
13,12,1,1.0,-0.640511,0.0,0.0,0.767532,0.000244140625,0.0029296875,1.0,0,Simplified BARK,18,0.00439453125,1.0,1.0,0.000244140625,True,1097724582
13,12,1,1.0,-0.640511,0.0,0.0,0.767532,0.000244140625,0.0029296875,1.0,0,Simplified BARK,23,0.005615234375,1.0,1.0,0.000244140625,True,1097724582
13,12,1,1.0,-0.640511,0.0,0.0,0.767532,0.000244140625,0.0029296875,1.0,0,Simplified BARK,31,0.007568359375,1.0,1.0,0.000244140625,True,1097724582
13,12,1,1.0,-0.640511,0.0,0.0,0.767532,0.000244140625,0.0029296875,1.0,0,Simplified BARK,40,0.009765625,1.0,1.0,0.000244140625,True,1097724582
13,12,1,1.0,-0.640511,0.0,0.0,0.767532,0.000244140625,0.0029296875,1.0,0,Simplified BARK,52,0.0126953125,1.0,1.0,0.000244140625,True,1097724582
13,12,1,1.0,-0.640511,0.0,0.0,0.767532,0.000244140625,0.0029296875,1.0,0,Simplified BARK,67,0.016357421875,1.0,1.0,0.000244140625,True,1097724582
13,12,1,1.0,-0.640511,0.0,0.0,0.767532,0.000244140625,0.0029296875,1.0,0,Simplified BARK,87,0.021240234375,1.0,1.0,0.000244140625,True,1097724582
13,12,1,1.0,-0.640511,0.0,0.0,0.767532,0.000244140625,0.0029296875,1.0,0,Simplified BARK,114,0.02783203125,1.0,1.0,0.000244140625,True,1097724582
13,12,1,1.0,-0.640511,0.0,0.0,0.767532,0.000244140625,0.0029296875,1.0,0,Simplified BARK,148,0.0361328125,1.0,1.0,0.000244140625,True,1097724582
13,12,1,1.0,-0.640511,0.0,0.0,0.767532,0.000244140625,0.0029296875,1.0,0,Simplified BARK,192,0.046875,1.0,1.0,0.000244140625,True,1097724582
13,12,1,1.0,-0.640511,0.0,0.0,0.767532,0.000244140625,0.0029296875,1.0,0,Simplified BARK,250,0.06103515625,1.0,1.0,0.000244140625,True,1097724582
13,12,1,1.0,-0.640511,0.0,0.0,0.767532,0.000244140625,0.0029296875,1.0,0,Simplified BARK,325,0.079345703125,1.0,1.0,0.000244140625,True,1097724582
13,12,1,1.0,-0.640511,0.0,0.0,0.767532,0.000244140625,0.0029296875,1.0,0,Simplified BARK,423,0.103271484375,1.0,1.0,0.000244140625,True,1097724582
13,12,1,1.0,-0.640511,0.0,0.0,0.767532,0.000244140625,0.0029296875,1.0,0,Simplified BARK,550,0.13427734375,1.0,1.0,0.000244140625,True,1097724582
13,12,1,1.0,-0.640511,0.0,0.0,0.767532,0.000244140625,0.0029296875,1.0,0,Simplified BARK,715,0.174560546875,1.0,1.0,0.000244140625,True,1097724582
13,12,1,1.0,-0.640511,0.0,0.0,0.767532,0.000244140625,0.0029296875,1.0,0,Simplified BARK,931,0.227294921875,1.0,1.0,0.000244140625,True,1097724582
13,12,1,1.0,-0.640511,0.0,0.0,0.767532,0.000244140625,0.0029296875,1.0,0,Simplified BARK,1210,0.29541015625,1.0,1.0,0.000244140625,True,1097724582
13,12,1,1.0,-0.640511,0.0,0.0,0.767532,0.000244140625,0.0029296875,1.0,0,Simplified BARK,1575,0.384521484375,1.0,1.0,0.000244140625,True,1097724582
13,12,1,1.0,-0.640511,0.0,0.0,0.767532,0.000244140625,0.0029296875,1.0,0,Simplified BARK,2048,0.5,1.0,1.0,0.000244140625,True,1097724582
13,12,1,1.0,-0.640511,0.0,0.0,0.767532,0.000244140625,0.0029296875,1.0,0,SKQD,1,0.000244140625,1.0,1.0,0.000244140625,True,1097724582
13,12,1,1.0,-0.640511,0.0,0.0,0.767532,0.000244140625,0.0029296875,1.0,0,SKQD,2,0.00048828125,1.0,1.0,0.000244140625,True,1097724582
13,12,1,1.0,-0.640511,0.0,0.0,0.767532,0.000244140625,0.0029296875,1.0,0,SKQD,3,0.000732421875,1.0,1.0,0.000244140625,True,1097724582
13,12,1,1.0,-0.640511,0.0,0.0,0.767532,0.000244140625,0.0029296875,1.0,0,SKQD,4,0.0009765625,1.0,1.0,0.000244140625,True,1097724582
13,12,1,1.0,-0.640511,0.0,0.0,0.767532,0.000244140625,0.0029296875,1.0,0,SKQD,5,0.001220703125,1.0,1.0,0.000244140625,True,1097724582
13,12,1,1.0,-0.640511,0.0,0.0,0.767532,0.000244140625,0.0029296875,1.0,0,SKQD,6,0.00146484375,1.0,1.0,0.000244140625,True,1097724582
13,12,1,1.0,-0.640511,0.0,0.0,0.767532,0.000244140625,0.0029296875,1.0,0,SKQD,8,0.001953125,1.0,1.0,0.000244140625,True,1097724582
13,12,1,1.0,-0.640511,0.0,0.0,0.767532,0.000244140625,0.0029296875,1.0,0,SKQD,11,0.002685546875,1.0,1.0,0.000244140625,True,1097724582
13,12,1,1.0,-0.640511,0.0,0.0,0.767532,0.000244140625,0.0029296875,1.0,0,SKQD,14,0.00341796875,1.0,1.0,0.000244140625,True,1097724582
13,12,1,1.0,-0.640511,0.0,0.0,0.767532,0.000244140625,0.0029296875,1.0,0,SKQD,18,0.00439453125,1.0,1.0,0.000244140625,True,1097724582
13,12,1,1.0,-0.640511,0.0,0.0,0.767532,0.000244140625,0.0029296875,1.0,0,SKQD,23,0.005615234375,1.0,1.0,0.000244140625,True,1097724582
13,12,1,1.0,-0.640511,0.0,0.0,0.767532,0.000244140625,0.0029296875,1.0,0,SKQD,31,0.007568359375,1.0,1.0,0.000244140625,True,1097724582
13,12,1,1.0,-0.640511,0.0,0.0,0.767532,0.000244140625,0.0029296875,1.0,0,SKQD,40,0.009765625,1.0,1.0,0.000244140625,True,1097724582
13,12,1,1.0,-0.640511,0.0,0.0,0.767532,0.000244140625,0.0029296875,1.0,0,SKQD,52,0.0126953125,1.0,1.0,0.000244140625,True,1097724582
13,12,1,1.0,-0.640511,0.0,0.0,0.767532,0.000244140625,0.0029296875,1.0,0,SKQD,67,0.016357421875,1.0,1.0,0.000244140625,True,1097724582
13,12,1,1.0,-0.640511,0.0,0.0,0.767532,0.000244140625,0.0029296875,1.0,0,SKQD,87,0.021240234375,1.0,1.0,0.000244140625,True,1097724582
13,12,1,1.0,-0.640511,0.0,0.0,0.767532,0.000244140625,0.0029296875,1.0,0,SKQD,114,0.02783203125,1.0,1.0,0.000244140625,True,1097724582
13,12,1,1.0,-0.640511,0.0,0.0,0.767532,0.000244140625,0.0029296875,1.0,0,SKQD,148,0.0361328125,1.0,1.0,0.000244140625,True,1097724582
13,12,1,1.0,-0.640511,0.0,0.0,0.767532,0.000244140625,0.0029296875,1.0,0,SKQD,192,0.046875,1.0,1.0,0.000244140625,True,1097724582
13,12,1,1.0,-0.640511,0.0,0.0,0.767532,0.000244140625,0.0029296875,1.0,0,SKQD,250,0.06103515625,1.0,1.0,0.000244140625,True,1097724582
13,12,1,1.0,-0.640511,0.0,0.0,0.767532,0.000244140625,0.0029296875,1.0,0,SKQD,325,0.079345703125,1.0,1.0,0.000244140625,True,1097724582
13,12,1,1.0,-0.640511,0.0,0.0,0.767532,0.000244140625,0.0029296875,1.0,0,SKQD,423,0.103271484375,1.0,1.0,0.000244140625,True,1097724582
13,12,1,1.0,-0.640511,0.0,0.0,0.767532,0.000244140625,0.0029296875,1.0,0,SKQD,550,0.13427734375,1.0,1.0,0.000244140625,True,1097724582
13,12,1,1.0,-0.640511,0.0,0.0,0.767532,0.000244140625,0.0029296875,1.0,0,SKQD,715,0.174560546875,1.0,1.0,0.000244140625,True,1097724582
13,12,1,1.0,-0.640511,0.0,0.0,0.767532,0.000244140625,0.0029296875,1.0,0,SKQD,931,0.227294921875,1.0,1.0,0.000244140625,True,1097724582
13,12,1,1.0,-0.640511,0.0,0.0,0.767532,0.000244140625,0.0029296875,1.0,0,SKQD,1210,0.29541015625,1.0,1.0,0.000244140625,True,1097724582
13,12,1,1.0,-0.640511,0.0,0.0,0.767532,0.000244140625,0.0029296875,1.0,0,SKQD,1575,0.384521484375,1.0,1.0,0.000244140625,True,1097724582
13,12,1,1.0,-0.640511,0.0,0.0,0.767532,0.000244140625,0.0029296875,1.0,0,SKQD,2048,0.5,1.0,1.0,0.000244140625,True,1097724582
13,12,1,1.0,-0.640511,0.0,0.0,0.767532,0.000244140625,0.0029296875,1.0,0,Ceiling,1,0.000244140625,1.0,2048.0,0.5,False,1097724582
13,12,1,1.0,-0.640511,0.0,0.0,0.767532,0.000244140625,0.0029296875,1.0,0,Ceiling,2,0.00048828125,1.0,2048.0,0.5,False,1097724582
13,12,1,1.0,-0.640511,0.0,0.0,0.767532,0.000244140625,0.0029296875,1.0,0,Ceiling,3,0.000732421875,1.0,2048.0,0.5,False,1097724582
13,12,1,1.0,-0.640511,0.0,0.0,0.767532,0.000244140625,0.0029296875,1.0,0,Ceiling,4,0.0009765625,1.0,2048.0,0.5,False,1097724582
13,12,1,1.0,-0.640511,0.0,0.0,0.767532,0.000244140625,0.0029296875,1.0,0,Ceiling,5,0.001220703125,1.0,2048.0,0.5,False,1097724582
13,12,1,1.0,-0.640511,0.0,0.0,0.767532,0.000244140625,0.0029296875,1.0,0,Ceiling,6,0.00146484375,1.0,2048.0,0.5,False,1097724582
13,12,1,1.0,-0.640511,0.0,0.0,0.767532,0.000244140625,0.0029296875,1.0,0,Ceiling,8,0.001953125,1.0,2048.0,0.5,False,1097724582
13,12,1,1.0,-0.640511,0.0,0.0,0.767532,0.000244140625,0.0029296875,1.0,0,Ceiling,11,0.002685546875,1.0,2048.0,0.5,False,1097724582
13,12,1,1.0,-0.640511,0.0,0.0,0.767532,0.000244140625,0.0029296875,1.0,0,Ceiling,14,0.00341796875,1.0,2048.0,0.5,False,1097724582
13,12,1,1.0,-0.640511,0.0,0.0,0.767532,0.000244140625,0.0029296875,1.0,0,Ceiling,18,0.00439453125,1.0,2048.0,0.5,False,1097724582
13,12,1,1.0,-0.640511,0.0,0.0,0.767532,0.000244140625,0.0029296875,1.0,0,Ceiling,23,0.005615234375,1.0,2048.0,0.5,False,1097724582
13,12,1,1.0,-0.640511,0.0,0.0,0.767532,0.000244140625,0.0029296875,1.0,0,Ceiling,31,0.007568359375,1.0,2048.0,0.5,False,1097724582
13,12,1,1.0,-0.640511,0.0,0.0,0.767532,0.000244140625,0.0029296875,1.0,0,Ceiling,40,0.009765625,1.0,2048.0,0.5,False,1097724582
13,12,1,1.0,-0.640511,0.0,0.0,0.767532,0.000244140625,0.0029296875,1.0,0,Ceiling,52,0.0126953125,1.0,2048.0,0.5,False,1097724582
13,12,1,1.0,-0.640511,0.0,0.0,0.767532,0.000244140625,0.0029296875,1.0,0,Ceiling,67,0.016357421875,1.0,2048.0,0.5,False,1097724582
13,12,1,1.0,-0.640511,0.0,0.0,0.767532,0.000244140625,0.0029296875,1.0,0,Ceiling,87,0.021240234375,1.0,2048.0,0.5,False,1097724582
13,12,1,1.0,-0.640511,0.0,0.0,0.767532,0.000244140625,0.0029296875,1.0,0,Ceiling,114,0.02783203125,1.0,2048.0,0.5,False,1097724582
13,12,1,1.0,-0.640511,0.0,0.0,0.767532,0.000244140625,0.0029296875,1.0,0,Ceiling,148,0.0361328125,1.0,2048.0,0.5,False,1097724582
13,12,1,1.0,-0.640511,0.0,0.0,0.767532,0.000244140625,0.0029296875,1.0,0,Ceiling,192,0.046875,1.0,2048.0,0.5,False,1097724582
13,12,1,1.0,-0.640511,0.0,0.0,0.767532,0.000244140625,0.0029296875,1.0,0,Ceiling,250,0.06103515625,1.0,2048.0,0.5,False,1097724582
13,12,1,1.0,-0.640511,0.0,0.0,0.767532,0.000244140625,0.0029296875,1.0,0,Ceiling,325,0.079345703125,1.0,2048.0,0.5,False,1097724582
13,12,1,1.0,-0.640511,0.0,0.0,0.767532,0.000244140625,0.0029296875,1.0,0,Ceiling,423,0.103271484375,1.0,2048.0,0.5,False,1097724582
13,12,1,1.0,-0.640511,0.0,0.0,0.767532,0.000244140625,0.0029296875,1.0,0,Ceiling,550,0.13427734375,1.0,2048.0,0.5,False,1097724582
13,12,1,1.0,-0.640511,0.0,0.0,0.767532,0.000244140625,0.0029296875,1.0,0,Ceiling,715,0.174560546875,1.0,2048.0,0.5,False,1097724582
13,12,1,1.0,-0.640511,0.0,0.0,0.767532,0.000244140625,0.0029296875,1.0,0,Ceiling,931,0.227294921875,1.0,2048.0,0.5,False,1097724582
13,12,1,1.0,-0.640511,0.0,0.0,0.767532,0.000244140625,0.0029296875,1.0,0,Ceiling,1210,0.29541015625,1.0,2048.0,0.5,False,1097724582
13,12,1,1.0,-0.640511,0.0,0.0,0.767532,0.000244140625,0.0029296875,1.0,0,Ceiling,1575,0.384521484375,1.0,2048.0,0.5,False,1097724582
13,12,1,1.0,-0.640511,0.0,0.0,0.767532,0.000244140625,0.0029296875,1.0,0,Ceiling,2048,0.5,1.0,2048.0,0.5,False,1097724582
3,12,2,1.0,-0.746409,0.0,0.0,-0.96867,0.000244140625,0.00439453125,1.0,4095,BARK,1,0.000244140625,1.0,1.0,0.000244140625,True,2001997239
3,12,2,1.0,-0.746409,0.0,0.0,-0.96867,0.000244140625,0.00439453125,1.0,4095,BARK,2,0.00048828125,1.0,1.0,0.000244140625,True,2001997239
3,12,2,1.0,-0.746409,0.0,0.0,-0.96867,0.000244140625,0.00439453125,1.0,4095,BARK,3,0.000732421875,1.0,1.0,0.000244140625,True,2001997239
3,12,2,1.0,-0.746409,0.0,0.0,-0.96867,0.000244140625,0.00439453125,1.0,4095,BARK,4,0.0009765625,1.0,1.0,0.000244140625,True,2001997239
3,12,2,1.0,-0.746409,0.0,0.0,-0.96867,0.000244140625,0.00439453125,1.0,4095,BARK,5,0.001220703125,1.0,1.0,0.000244140625,True,2001997239
3,12,2,1.0,-0.746409,0.0,0.0,-0.96867,0.000244140625,0.00439453125,1.0,4095,BARK,6,0.00146484375,1.0,1.0,0.000244140625,True,2001997239
3,12,2,1.0,-0.746409,0.0,0.0,-0.96867,0.000244140625,0.00439453125,1.0,4095,BARK,8,0.001953125,1.0,1.0,0.000244140625,True,2001997239
3,12,2,1.0,-0.746409,0.0,0.0,-0.96867,0.000244140625,0.00439453125,1.0,4095,BARK,11,0.002685546875,1.0,1.0,0.000244140625,True,2001997239
3,12,2,1.0,-0.746409,0.0,0.0,-0.96867,0.000244140625,0.00439453125,1.0,4095,BARK,14,0.00341796875,1.0,1.0,0.000244140625,True,2001997239
3,12,2,1.0,-0.746409,0.0,0.0,-0.96867,0.000244140625,0.00439453125,1.0,4095,BARK,18,0.00439453125,1.0,1.0,0.000244140625,True,2001997239
3,12,2,1.0,-0.746409,0.0,0.0,-0.96867,0.000244140625,0.00439453125,1.0,4095,BARK,23,0.005615234375,1.0,1.0,0.000244140625,True,2001997239
3,12,2,1.0,-0.746409,0.0,0.0,-0.96867,0.000244140625,0.00439453125,1.0,4095,BARK,31,0.007568359375,1.0,1.0,0.000244140625,True,2001997239
3,12,2,1.0,-0.746409,0.0,0.0,-0.96867,0.000244140625,0.00439453125,1.0,4095,BARK,40,0.009765625,1.0,1.0,0.000244140625,True,2001997239
3,12,2,1.0,-0.746409,0.0,0.0,-0.96867,0.000244140625,0.00439453125,1.0,4095,BARK,52,0.0126953125,1.0,1.0,0.000244140625,True,2001997239
3,12,2,1.0,-0.746409,0.0,0.0,-0.96867,0.000244140625,0.00439453125,1.0,4095,BARK,67,0.016357421875,1.0,1.0,0.000244140625,True,2001997239
3,12,2,1.0,-0.746409,0.0,0.0,-0.96867,0.000244140625,0.00439453125,1.0,4095,BARK,87,0.021240234375,1.0,1.0,0.000244140625,True,2001997239
3,12,2,1.0,-0.746409,0.0,0.0,-0.96867,0.000244140625,0.00439453125,1.0,4095,BARK,114,0.02783203125,1.0,1.0,0.000244140625,True,2001997239
3,12,2,1.0,-0.746409,0.0,0.0,-0.96867,0.000244140625,0.00439453125,1.0,4095,BARK,148,0.0361328125,1.0,1.0,0.000244140625,True,2001997239
3,12,2,1.0,-0.746409,0.0,0.0,-0.96867,0.000244140625,0.00439453125,1.0,4095,BARK,192,0.046875,1.0,1.0,0.000244140625,True,2001997239
3,12,2,1.0,-0.746409,0.0,0.0,-0.96867,0.000244140625,0.00439453125,1.0,4095,BARK,250,0.06103515625,1.0,1.0,0.000244140625,True,2001997239
3,12,2,1.0,-0.746409,0.0,0.0,-0.96867,0.000244140625,0.00439453125,1.0,4095,BARK,325,0.079345703125,1.0,1.0,0.000244140625,True,2001997239
3,12,2,1.0,-0.746409,0.0,0.0,-0.96867,0.000244140625,0.00439453125,1.0,4095,BARK,423,0.103271484375,1.0,1.0,0.000244140625,True,2001997239
3,12,2,1.0,-0.746409,0.0,0.0,-0.96867,0.000244140625,0.00439453125,1.0,4095,BARK,550,0.13427734375,1.0,1.0,0.000244140625,True,2001997239
3,12,2,1.0,-0.746409,0.0,0.0,-0.96867,0.000244140625,0.00439453125,1.0,4095,BARK,715,0.174560546875,1.0,1.0,0.000244140625,True,2001997239
3,12,2,1.0,-0.746409,0.0,0.0,-0.96867,0.000244140625,0.00439453125,1.0,4095,BARK,931,0.227294921875,1.0,1.0,0.000244140625,True,2001997239
3,12,2,1.0,-0.746409,0.0,0.0,-0.96867,0.000244140625,0.00439453125,1.0,4095,BARK,1210,0.29541015625,1.0,1.0,0.000244140625,True,2001997239
3,12,2,1.0,-0.746409,0.0,0.0,-0.96867,0.000244140625,0.00439453125,1.0,4095,BARK,1575,0.384521484375,1.0,1.0,0.000244140625,True,2001997239
3,12,2,1.0,-0.746409,0.0,0.0,-0.96867,0.000244140625,0.00439453125,1.0,4095,BARK,2048,0.5,1.0,1.0,0.000244140625,True,2001997239
3,12,2,1.0,-0.746409,0.0,0.0,-0.96867,0.000244140625,0.00439453125,1.0,4095,Simplified BARK,1,0.000244140625,1.0,1.0,0.000244140625,True,2001997239
3,12,2,1.0,-0.746409,0.0,0.0,-0.96867,0.000244140625,0.00439453125,1.0,4095,Simplified BARK,2,0.00048828125,1.0,1.0,0.000244140625,True,2001997239
3,12,2,1.0,-0.746409,0.0,0.0,-0.96867,0.000244140625,0.00439453125,1.0,4095,Simplified BARK,3,0.000732421875,1.0,1.0,0.000244140625,True,2001997239
3,12,2,1.0,-0.746409,0.0,0.0,-0.96867,0.000244140625,0.00439453125,1.0,4095,Simplified BARK,4,0.0009765625,1.0,1.0,0.000244140625,True,2001997239
3,12,2,1.0,-0.746409,0.0,0.0,-0.96867,0.000244140625,0.00439453125,1.0,4095,Simplified BARK,5,0.001220703125,1.0,1.0,0.000244140625,True,2001997239
3,12,2,1.0,-0.746409,0.0,0.0,-0.96867,0.000244140625,0.00439453125,1.0,4095,Simplified BARK,6,0.00146484375,1.0,1.0,0.000244140625,True,2001997239
3,12,2,1.0,-0.746409,0.0,0.0,-0.96867,0.000244140625,0.00439453125,1.0,4095,Simplified BARK,8,0.001953125,1.0,1.0,0.000244140625,True,2001997239
3,12,2,1.0,-0.746409,0.0,0.0,-0.96867,0.000244140625,0.00439453125,1.0,4095,Simplified BARK,11,0.002685546875,1.0,1.0,0.000244140625,True,2001997239
3,12,2,1.0,-0.746409,0.0,0.0,-0.96867,0.000244140625,0.00439453125,1.0,4095,Simplified BARK,14,0.00341796875,1.0,1.0,0.000244140625,True,2001997239
3,12,2,1.0,-0.746409,0.0,0.0,-0.96867,0.000244140625,0.00439453125,1.0,4095,Simplified BARK,18,0.00439453125,1.0,1.0,0.000244140625,True,2001997239
3,12,2,1.0,-0.746409,0.0,0.0,-0.96867,0.000244140625,0.00439453125,1.0,4095,Simplified BARK,23,0.005615234375,1.0,1.0,0.000244140625,True,2001997239
3,12,2,1.0,-0.746409,0.0,0.0,-0.96867,0.000244140625,0.00439453125,1.0,4095,Simplified BARK,31,0.007568359375,1.0,1.0,0.000244140625,True,2001997239
3,12,2,1.0,-0.746409,0.0,0.0,-0.96867,0.000244140625,0.00439453125,1.0,4095,Simplified BARK,40,0.009765625,1.0,1.0,0.000244140625,True,2001997239
3,12,2,1.0,-0.746409,0.0,0.0,-0.96867,0.000244140625,0.00439453125,1.0,4095,Simplified BARK,52,0.0126953125,1.0,1.0,0.000244140625,True,2001997239
3,12,2,1.0,-0.746409,0.0,0.0,-0.96867,0.000244140625,0.00439453125,1.0,4095,Simplified BARK,67,0.016357421875,1.0,1.0,0.000244140625,True,2001997239
3,12,2,1.0,-0.746409,0.0,0.0,-0.96867,0.000244140625,0.00439453125,1.0,4095,Simplified BARK,87,0.021240234375,1.0,1.0,0.000244140625,True,2001997239
3,12,2,1.0,-0.746409,0.0,0.0,-0.96867,0.000244140625,0.00439453125,1.0,4095,Simplified BARK,114,0.02783203125,1.0,1.0,0.000244140625,True,2001997239
3,12,2,1.0,-0.746409,0.0,0.0,-0.96867,0.000244140625,0.00439453125,1.0,4095,Simplified BARK,148,0.0361328125,1.0,1.0,0.000244140625,True,2001997239
3,12,2,1.0,-0.746409,0.0,0.0,-0.96867,0.000244140625,0.00439453125,1.0,4095,Simplified BARK,192,0.046875,1.0,1.0,0.000244140625,True,2001997239
3,12,2,1.0,-0.746409,0.0,0.0,-0.96867,0.000244140625,0.00439453125,1.0,4095,Simplified BARK,250,0.06103515625,1.0,1.0,0.000244140625,True,2001997239
3,12,2,1.0,-0.746409,0.0,0.0,-0.96867,0.000244140625,0.00439453125,1.0,4095,Simplified BARK,325,0.079345703125,1.0,1.0,0.000244140625,True,2001997239
3,12,2,1.0,-0.746409,0.0,0.0,-0.96867,0.000244140625,0.00439453125,1.0,4095,Simplified BARK,423,0.103271484375,1.0,1.0,0.000244140625,True,2001997239
3,12,2,1.0,-0.746409,0.0,0.0,-0.96867,0.000244140625,0.00439453125,1.0,4095,Simplified BARK,550,0.13427734375,1.0,1.0,0.000244140625,True,2001997239
3,12,2,1.0,-0.746409,0.0,0.0,-0.96867,0.000244140625,0.00439453125,1.0,4095,Simplified BARK,715,0.174560546875,1.0,1.0,0.000244140625,True,2001997239
3,12,2,1.0,-0.746409,0.0,0.0,-0.96867,0.000244140625,0.00439453125,1.0,4095,Simplified BARK,931,0.227294921875,1.0,1.0,0.000244140625,True,2001997239
3,12,2,1.0,-0.746409,0.0,0.0,-0.96867,0.000244140625,0.00439453125,1.0,4095,Simplified BARK,1210,0.29541015625,1.0,1.0,0.000244140625,True,2001997239
3,12,2,1.0,-0.746409,0.0,0.0,-0.96867,0.000244140625,0.00439453125,1.0,4095,Simplified BARK,1575,0.384521484375,1.0,1.0,0.000244140625,True,2001997239
3,12,2,1.0,-0.746409,0.0,0.0,-0.96867,0.000244140625,0.00439453125,1.0,4095,Simplified BARK,2048,0.5,1.0,1.0,0.000244140625,True,2001997239
3,12,2,1.0,-0.746409,0.0,0.0,-0.96867,0.000244140625,0.00439453125,1.0,4095,SKQD,1,0.000244140625,1.0,1.0,0.000244140625,True,2001997239
3,12,2,1.0,-0.746409,0.0,0.0,-0.96867,0.000244140625,0.00439453125,1.0,4095,SKQD,2,0.00048828125,1.0,1.0,0.000244140625,True,2001997239
3,12,2,1.0,-0.746409,0.0,0.0,-0.96867,0.000244140625,0.00439453125,1.0,4095,SKQD,3,0.000732421875,1.0,1.0,0.000244140625,True,2001997239
3,12,2,1.0,-0.746409,0.0,0.0,-0.96867,0.000244140625,0.00439453125,1.0,4095,SKQD,4,0.0009765625,1.0,1.0,0.000244140625,True,2001997239
3,12,2,1.0,-0.746409,0.0,0.0,-0.96867,0.000244140625,0.00439453125,1.0,4095,SKQD,5,0.001220703125,1.0,1.0,0.000244140625,True,2001997239
3,12,2,1.0,-0.746409,0.0,0.0,-0.96867,0.000244140625,0.00439453125,1.0,4095,SKQD,6,0.00146484375,1.0,1.0,0.000244140625,True,2001997239
3,12,2,1.0,-0.746409,0.0,0.0,-0.96867,0.000244140625,0.00439453125,1.0,4095,SKQD,8,0.001953125,1.0,1.0,0.000244140625,True,2001997239
3,12,2,1.0,-0.746409,0.0,0.0,-0.96867,0.000244140625,0.00439453125,1.0,4095,SKQD,11,0.002685546875,1.0,1.0,0.000244140625,True,2001997239
3,12,2,1.0,-0.746409,0.0,0.0,-0.96867,0.000244140625,0.00439453125,1.0,4095,SKQD,14,0.00341796875,1.0,1.0,0.000244140625,True,2001997239
3,12,2,1.0,-0.746409,0.0,0.0,-0.96867,0.000244140625,0.00439453125,1.0,4095,SKQD,18,0.00439453125,1.0,1.0,0.000244140625,True,2001997239
3,12,2,1.0,-0.746409,0.0,0.0,-0.96867,0.000244140625,0.00439453125,1.0,4095,SKQD,23,0.005615234375,1.0,1.0,0.000244140625,True,2001997239
3,12,2,1.0,-0.746409,0.0,0.0,-0.96867,0.000244140625,0.00439453125,1.0,4095,SKQD,31,0.007568359375,1.0,1.0,0.000244140625,True,2001997239
3,12,2,1.0,-0.746409,0.0,0.0,-0.96867,0.000244140625,0.00439453125,1.0,4095,SKQD,40,0.009765625,1.0,1.0,0.000244140625,True,2001997239
3,12,2,1.0,-0.746409,0.0,0.0,-0.96867,0.000244140625,0.00439453125,1.0,4095,SKQD,52,0.0126953125,1.0,1.0,0.000244140625,True,2001997239
3,12,2,1.0,-0.746409,0.0,0.0,-0.96867,0.000244140625,0.00439453125,1.0,4095,SKQD,67,0.016357421875,1.0,1.0,0.000244140625,True,2001997239
3,12,2,1.0,-0.746409,0.0,0.0,-0.96867,0.000244140625,0.00439453125,1.0,4095,SKQD,87,0.021240234375,1.0,1.0,0.000244140625,True,2001997239
3,12,2,1.0,-0.746409,0.0,0.0,-0.96867,0.000244140625,0.00439453125,1.0,4095,SKQD,114,0.02783203125,1.0,1.0,0.000244140625,True,2001997239
3,12,2,1.0,-0.746409,0.0,0.0,-0.96867,0.000244140625,0.00439453125,1.0,4095,SKQD,148,0.0361328125,1.0,1.0,0.000244140625,True,2001997239
3,12,2,1.0,-0.746409,0.0,0.0,-0.96867,0.000244140625,0.00439453125,1.0,4095,SKQD,192,0.046875,1.0,1.0,0.000244140625,True,2001997239
3,12,2,1.0,-0.746409,0.0,0.0,-0.96867,0.000244140625,0.00439453125,1.0,4095,SKQD,250,0.06103515625,1.0,1.0,0.000244140625,True,2001997239
3,12,2,1.0,-0.746409,0.0,0.0,-0.96867,0.000244140625,0.00439453125,1.0,4095,SKQD,325,0.079345703125,1.0,1.0,0.000244140625,True,2001997239
3,12,2,1.0,-0.746409,0.0,0.0,-0.96867,0.000244140625,0.00439453125,1.0,4095,SKQD,423,0.103271484375,1.0,1.0,0.000244140625,True,2001997239
3,12,2,1.0,-0.746409,0.0,0.0,-0.96867,0.000244140625,0.00439453125,1.0,4095,SKQD,550,0.13427734375,1.0,1.0,0.000244140625,True,2001997239
3,12,2,1.0,-0.746409,0.0,0.0,-0.96867,0.000244140625,0.00439453125,1.0,4095,SKQD,715,0.174560546875,1.0,1.0,0.000244140625,True,2001997239
3,12,2,1.0,-0.746409,0.0,0.0,-0.96867,0.000244140625,0.00439453125,1.0,4095,SKQD,931,0.227294921875,1.0,1.0,0.000244140625,True,2001997239
3,12,2,1.0,-0.746409,0.0,0.0,-0.96867,0.000244140625,0.00439453125,1.0,4095,SKQD,1210,0.29541015625,1.0,1.0,0.000244140625,True,2001997239
3,12,2,1.0,-0.746409,0.0,0.0,-0.96867,0.000244140625,0.00439453125,1.0,4095,SKQD,1575,0.384521484375,1.0,1.0,0.000244140625,True,2001997239
3,12,2,1.0,-0.746409,0.0,0.0,-0.96867,0.000244140625,0.00439453125,1.0,4095,SKQD,2048,0.5,1.0,1.0,0.000244140625,True,2001997239
3,12,2,1.0,-0.746409,0.0,0.0,-0.96867,0.000244140625,0.00439453125,1.0,4095,Ceiling,1,0.000244140625,1.0,2048.0,0.5,False,2001997239
3,12,2,1.0,-0.746409,0.0,0.0,-0.96867,0.000244140625,0.00439453125,1.0,4095,Ceiling,2,0.00048828125,1.0,2048.0,0.5,False,2001997239
3,12,2,1.0,-0.746409,0.0,0.0,-0.96867,0.000244140625,0.00439453125,1.0,4095,Ceiling,3,0.000732421875,1.0,2048.0,0.5,False,2001997239
3,12,2,1.0,-0.746409,0.0,0.0,-0.96867,0.000244140625,0.00439453125,1.0,4095,Ceiling,4,0.0009765625,1.0,2048.0,0.5,False,2001997239
3,12,2,1.0,-0.746409,0.0,0.0,-0.96867,0.000244140625,0.00439453125,1.0,4095,Ceiling,5,0.001220703125,1.0,2048.0,0.5,False,2001997239
3,12,2,1.0,-0.746409,0.0,0.0,-0.96867,0.000244140625,0.00439453125,1.0,4095,Ceiling,6,0.00146484375,1.0,2048.0,0.5,False,2001997239
3,12,2,1.0,-0.746409,0.0,0.0,-0.96867,0.000244140625,0.00439453125,1.0,4095,Ceiling,8,0.001953125,1.0,2048.0,0.5,False,2001997239
3,12,2,1.0,-0.746409,0.0,0.0,-0.96867,0.000244140625,0.00439453125,1.0,4095,Ceiling,11,0.002685546875,1.0,2048.0,0.5,False,2001997239
3,12,2,1.0,-0.746409,0.0,0.0,-0.96867,0.000244140625,0.00439453125,1.0,4095,Ceiling,14,0.00341796875,1.0,2048.0,0.5,False,2001997239
3,12,2,1.0,-0.746409,0.0,0.0,-0.96867,0.000244140625,0.00439453125,1.0,4095,Ceiling,18,0.00439453125,1.0,2048.0,0.5,False,2001997239
3,12,2,1.0,-0.746409,0.0,0.0,-0.96867,0.000244140625,0.00439453125,1.0,4095,Ceiling,23,0.005615234375,1.0,2048.0,0.5,False,2001997239
3,12,2,1.0,-0.746409,0.0,0.0,-0.96867,0.000244140625,0.00439453125,1.0,4095,Ceiling,31,0.007568359375,1.0,2048.0,0.5,False,2001997239
3,12,2,1.0,-0.746409,0.0,0.0,-0.96867,0.000244140625,0.00439453125,1.0,4095,Ceiling,40,0.009765625,1.0,2048.0,0.5,False,2001997239
3,12,2,1.0,-0.746409,0.0,0.0,-0.96867,0.000244140625,0.00439453125,1.0,4095,Ceiling,52,0.0126953125,1.0,2048.0,0.5,False,2001997239
3,12,2,1.0,-0.746409,0.0,0.0,-0.96867,0.000244140625,0.00439453125,1.0,4095,Ceiling,67,0.016357421875,1.0,2048.0,0.5,False,2001997239
3,12,2,1.0,-0.746409,0.0,0.0,-0.96867,0.000244140625,0.00439453125,1.0,4095,Ceiling,87,0.021240234375,1.0,2048.0,0.5,False,2001997239
3,12,2,1.0,-0.746409,0.0,0.0,-0.96867,0.000244140625,0.00439453125,1.0,4095,Ceiling,114,0.02783203125,1.0,2048.0,0.5,False,2001997239
3,12,2,1.0,-0.746409,0.0,0.0,-0.96867,0.000244140625,0.00439453125,1.0,4095,Ceiling,148,0.0361328125,1.0,2048.0,0.5,False,2001997239
3,12,2,1.0,-0.746409,0.0,0.0,-0.96867,0.000244140625,0.00439453125,1.0,4095,Ceiling,192,0.046875,1.0,2048.0,0.5,False,2001997239
3,12,2,1.0,-0.746409,0.0,0.0,-0.96867,0.000244140625,0.00439453125,1.0,4095,Ceiling,250,0.06103515625,1.0,2048.0,0.5,False,2001997239
3,12,2,1.0,-0.746409,0.0,0.0,-0.96867,0.000244140625,0.00439453125,1.0,4095,Ceiling,325,0.079345703125,1.0,2048.0,0.5,False,2001997239
3,12,2,1.0,-0.746409,0.0,0.0,-0.96867,0.000244140625,0.00439453125,1.0,4095,Ceiling,423,0.103271484375,1.0,2048.0,0.5,False,2001997239
3,12,2,1.0,-0.746409,0.0,0.0,-0.96867,0.000244140625,0.00439453125,1.0,4095,Ceiling,550,0.13427734375,1.0,2048.0,0.5,False,2001997239
3,12,2,1.0,-0.746409,0.0,0.0,-0.96867,0.000244140625,0.00439453125,1.0,4095,Ceiling,715,0.174560546875,1.0,2048.0,0.5,False,2001997239
3,12,2,1.0,-0.746409,0.0,0.0,-0.96867,0.000244140625,0.00439453125,1.0,4095,Ceiling,931,0.227294921875,1.0,2048.0,0.5,False,2001997239
3,12,2,1.0,-0.746409,0.0,0.0,-0.96867,0.000244140625,0.00439453125,1.0,4095,Ceiling,1210,0.29541015625,1.0,2048.0,0.5,False,2001997239
3,12,2,1.0,-0.746409,0.0,0.0,-0.96867,0.000244140625,0.00439453125,1.0,4095,Ceiling,1575,0.384521484375,1.0,2048.0,0.5,False,2001997239
3,12,2,1.0,-0.746409,0.0,0.0,-0.96867,0.000244140625,0.00439453125,1.0,4095,Ceiling,2048,0.5,1.0,2048.0,0.5,False,2001997239
11,12,2,1.0,-0.899855,0.0,0.0,0.734512,0.000244140625,0.00439453125,1.0,0,BARK,1,0.000244140625,1.0,1.0,0.000244140625,True,3487207449
11,12,2,1.0,-0.899855,0.0,0.0,0.734512,0.000244140625,0.00439453125,1.0,0,BARK,2,0.00048828125,1.0,1.0,0.000244140625,True,3487207449
11,12,2,1.0,-0.899855,0.0,0.0,0.734512,0.000244140625,0.00439453125,1.0,0,BARK,3,0.000732421875,1.0,1.0,0.000244140625,True,3487207449
11,12,2,1.0,-0.899855,0.0,0.0,0.734512,0.000244140625,0.00439453125,1.0,0,BARK,4,0.0009765625,1.0,1.0,0.000244140625,True,3487207449
11,12,2,1.0,-0.899855,0.0,0.0,0.734512,0.000244140625,0.00439453125,1.0,0,BARK,5,0.001220703125,1.0,1.0,0.000244140625,True,3487207449
11,12,2,1.0,-0.899855,0.0,0.0,0.734512,0.000244140625,0.00439453125,1.0,0,BARK,6,0.00146484375,1.0,1.0,0.000244140625,True,3487207449
11,12,2,1.0,-0.899855,0.0,0.0,0.734512,0.000244140625,0.00439453125,1.0,0,BARK,8,0.001953125,1.0,1.0,0.000244140625,True,3487207449
11,12,2,1.0,-0.899855,0.0,0.0,0.734512,0.000244140625,0.00439453125,1.0,0,BARK,11,0.002685546875,1.0,1.0,0.000244140625,True,3487207449
11,12,2,1.0,-0.899855,0.0,0.0,0.734512,0.000244140625,0.00439453125,1.0,0,BARK,14,0.00341796875,1.0,1.0,0.000244140625,True,3487207449
11,12,2,1.0,-0.899855,0.0,0.0,0.734512,0.000244140625,0.00439453125,1.0,0,BARK,18,0.00439453125,1.0,1.0,0.000244140625,True,3487207449
11,12,2,1.0,-0.899855,0.0,0.0,0.734512,0.000244140625,0.00439453125,1.0,0,BARK,23,0.005615234375,1.0,1.0,0.000244140625,True,3487207449
11,12,2,1.0,-0.899855,0.0,0.0,0.734512,0.000244140625,0.00439453125,1.0,0,BARK,31,0.007568359375,1.0,1.0,0.000244140625,True,3487207449
11,12,2,1.0,-0.899855,0.0,0.0,0.734512,0.000244140625,0.00439453125,1.0,0,BARK,40,0.009765625,1.0,1.0,0.000244140625,True,3487207449
11,12,2,1.0,-0.899855,0.0,0.0,0.734512,0.000244140625,0.00439453125,1.0,0,BARK,52,0.0126953125,1.0,1.0,0.000244140625,True,3487207449
11,12,2,1.0,-0.899855,0.0,0.0,0.734512,0.000244140625,0.00439453125,1.0,0,BARK,67,0.016357421875,1.0,1.0,0.000244140625,True,3487207449
11,12,2,1.0,-0.899855,0.0,0.0,0.734512,0.000244140625,0.00439453125,1.0,0,BARK,87,0.021240234375,1.0,1.0,0.000244140625,True,3487207449
11,12,2,1.0,-0.899855,0.0,0.0,0.734512,0.000244140625,0.00439453125,1.0,0,BARK,114,0.02783203125,1.0,1.0,0.000244140625,True,3487207449
11,12,2,1.0,-0.899855,0.0,0.0,0.734512,0.000244140625,0.00439453125,1.0,0,BARK,148,0.0361328125,1.0,1.0,0.000244140625,True,3487207449
11,12,2,1.0,-0.899855,0.0,0.0,0.734512,0.000244140625,0.00439453125,1.0,0,BARK,192,0.046875,1.0,1.0,0.000244140625,True,3487207449
11,12,2,1.0,-0.899855,0.0,0.0,0.734512,0.000244140625,0.00439453125,1.0,0,BARK,250,0.06103515625,1.0,1.0,0.000244140625,True,3487207449
11,12,2,1.0,-0.899855,0.0,0.0,0.734512,0.000244140625,0.00439453125,1.0,0,BARK,325,0.079345703125,1.0,1.0,0.000244140625,True,3487207449
11,12,2,1.0,-0.899855,0.0,0.0,0.734512,0.000244140625,0.00439453125,1.0,0,BARK,423,0.103271484375,1.0,1.0,0.000244140625,True,3487207449
11,12,2,1.0,-0.899855,0.0,0.0,0.734512,0.000244140625,0.00439453125,1.0,0,BARK,550,0.13427734375,1.0,1.0,0.000244140625,True,3487207449
11,12,2,1.0,-0.899855,0.0,0.0,0.734512,0.000244140625,0.00439453125,1.0,0,BARK,715,0.174560546875,1.0,1.0,0.000244140625,True,3487207449
11,12,2,1.0,-0.899855,0.0,0.0,0.734512,0.000244140625,0.00439453125,1.0,0,BARK,931,0.227294921875,1.0,1.0,0.000244140625,True,3487207449
11,12,2,1.0,-0.899855,0.0,0.0,0.734512,0.000244140625,0.00439453125,1.0,0,BARK,1210,0.29541015625,1.0,1.0,0.000244140625,True,3487207449
11,12,2,1.0,-0.899855,0.0,0.0,0.734512,0.000244140625,0.00439453125,1.0,0,BARK,1575,0.384521484375,1.0,1.0,0.000244140625,True,3487207449
11,12,2,1.0,-0.899855,0.0,0.0,0.734512,0.000244140625,0.00439453125,1.0,0,BARK,2048,0.5,1.0,1.0,0.000244140625,True,3487207449
11,12,2,1.0,-0.899855,0.0,0.0,0.734512,0.000244140625,0.00439453125,1.0,0,Simplified BARK,1,0.000244140625,1.0,1.0,0.000244140625,True,3487207449
11,12,2,1.0,-0.899855,0.0,0.0,0.734512,0.000244140625,0.00439453125,1.0,0,Simplified BARK,2,0.00048828125,1.0,1.0,0.000244140625,True,3487207449
11,12,2,1.0,-0.899855,0.0,0.0,0.734512,0.000244140625,0.00439453125,1.0,0,Simplified BARK,3,0.000732421875,1.0,1.0,0.000244140625,True,3487207449
11,12,2,1.0,-0.899855,0.0,0.0,0.734512,0.000244140625,0.00439453125,1.0,0,Simplified BARK,4,0.0009765625,1.0,1.0,0.000244140625,True,3487207449
11,12,2,1.0,-0.899855,0.0,0.0,0.734512,0.000244140625,0.00439453125,1.0,0,Simplified BARK,5,0.001220703125,1.0,1.0,0.000244140625,True,3487207449
11,12,2,1.0,-0.899855,0.0,0.0,0.734512,0.000244140625,0.00439453125,1.0,0,Simplified BARK,6,0.00146484375,1.0,1.0,0.000244140625,True,3487207449
11,12,2,1.0,-0.899855,0.0,0.0,0.734512,0.000244140625,0.00439453125,1.0,0,Simplified BARK,8,0.001953125,1.0,1.0,0.000244140625,True,3487207449
11,12,2,1.0,-0.899855,0.0,0.0,0.734512,0.000244140625,0.00439453125,1.0,0,Simplified BARK,11,0.002685546875,1.0,1.0,0.000244140625,True,3487207449
11,12,2,1.0,-0.899855,0.0,0.0,0.734512,0.000244140625,0.00439453125,1.0,0,Simplified BARK,14,0.00341796875,1.0,1.0,0.000244140625,True,3487207449
11,12,2,1.0,-0.899855,0.0,0.0,0.734512,0.000244140625,0.00439453125,1.0,0,Simplified BARK,18,0.00439453125,1.0,1.0,0.000244140625,True,3487207449
11,12,2,1.0,-0.899855,0.0,0.0,0.734512,0.000244140625,0.00439453125,1.0,0,Simplified BARK,23,0.005615234375,1.0,1.0,0.000244140625,True,3487207449
11,12,2,1.0,-0.899855,0.0,0.0,0.734512,0.000244140625,0.00439453125,1.0,0,Simplified BARK,31,0.007568359375,1.0,1.0,0.000244140625,True,3487207449
11,12,2,1.0,-0.899855,0.0,0.0,0.734512,0.000244140625,0.00439453125,1.0,0,Simplified BARK,40,0.009765625,1.0,1.0,0.000244140625,True,3487207449
11,12,2,1.0,-0.899855,0.0,0.0,0.734512,0.000244140625,0.00439453125,1.0,0,Simplified BARK,52,0.0126953125,1.0,1.0,0.000244140625,True,3487207449
11,12,2,1.0,-0.899855,0.0,0.0,0.734512,0.000244140625,0.00439453125,1.0,0,Simplified BARK,67,0.016357421875,1.0,1.0,0.000244140625,True,3487207449
11,12,2,1.0,-0.899855,0.0,0.0,0.734512,0.000244140625,0.00439453125,1.0,0,Simplified BARK,87,0.021240234375,1.0,1.0,0.000244140625,True,3487207449
11,12,2,1.0,-0.899855,0.0,0.0,0.734512,0.000244140625,0.00439453125,1.0,0,Simplified BARK,114,0.02783203125,1.0,1.0,0.000244140625,True,3487207449
11,12,2,1.0,-0.899855,0.0,0.0,0.734512,0.000244140625,0.00439453125,1.0,0,Simplified BARK,148,0.0361328125,1.0,1.0,0.000244140625,True,3487207449
11,12,2,1.0,-0.899855,0.0,0.0,0.734512,0.000244140625,0.00439453125,1.0,0,Simplified BARK,192,0.046875,1.0,1.0,0.000244140625,True,3487207449
11,12,2,1.0,-0.899855,0.0,0.0,0.734512,0.000244140625,0.00439453125,1.0,0,Simplified BARK,250,0.06103515625,1.0,1.0,0.000244140625,True,3487207449
11,12,2,1.0,-0.899855,0.0,0.0,0.734512,0.000244140625,0.00439453125,1.0,0,Simplified BARK,325,0.079345703125,1.0,1.0,0.000244140625,True,3487207449
11,12,2,1.0,-0.899855,0.0,0.0,0.734512,0.000244140625,0.00439453125,1.0,0,Simplified BARK,423,0.103271484375,1.0,1.0,0.000244140625,True,3487207449
11,12,2,1.0,-0.899855,0.0,0.0,0.734512,0.000244140625,0.00439453125,1.0,0,Simplified BARK,550,0.13427734375,1.0,1.0,0.000244140625,True,3487207449
11,12,2,1.0,-0.899855,0.0,0.0,0.734512,0.000244140625,0.00439453125,1.0,0,Simplified BARK,715,0.174560546875,1.0,1.0,0.000244140625,True,3487207449
11,12,2,1.0,-0.899855,0.0,0.0,0.734512,0.000244140625,0.00439453125,1.0,0,Simplified BARK,931,0.227294921875,1.0,1.0,0.000244140625,True,3487207449
11,12,2,1.0,-0.899855,0.0,0.0,0.734512,0.000244140625,0.00439453125,1.0,0,Simplified BARK,1210,0.29541015625,1.0,1.0,0.000244140625,True,3487207449
11,12,2,1.0,-0.899855,0.0,0.0,0.734512,0.000244140625,0.00439453125,1.0,0,Simplified BARK,1575,0.384521484375,1.0,1.0,0.000244140625,True,3487207449
11,12,2,1.0,-0.899855,0.0,0.0,0.734512,0.000244140625,0.00439453125,1.0,0,Simplified BARK,2048,0.5,1.0,1.0,0.000244140625,True,3487207449
11,12,2,1.0,-0.899855,0.0,0.0,0.734512,0.000244140625,0.00439453125,1.0,0,SKQD,1,0.000244140625,1.0,1.0,0.000244140625,True,3487207449
11,12,2,1.0,-0.899855,0.0,0.0,0.734512,0.000244140625,0.00439453125,1.0,0,SKQD,2,0.00048828125,1.0,1.0,0.000244140625,True,3487207449
11,12,2,1.0,-0.899855,0.0,0.0,0.734512,0.000244140625,0.00439453125,1.0,0,SKQD,3,0.000732421875,1.0,1.0,0.000244140625,True,3487207449
11,12,2,1.0,-0.899855,0.0,0.0,0.734512,0.000244140625,0.00439453125,1.0,0,SKQD,4,0.0009765625,1.0,1.0,0.000244140625,True,3487207449
11,12,2,1.0,-0.899855,0.0,0.0,0.734512,0.000244140625,0.00439453125,1.0,0,SKQD,5,0.001220703125,1.0,1.0,0.000244140625,True,3487207449
11,12,2,1.0,-0.899855,0.0,0.0,0.734512,0.000244140625,0.00439453125,1.0,0,SKQD,6,0.00146484375,1.0,1.0,0.000244140625,True,3487207449
11,12,2,1.0,-0.899855,0.0,0.0,0.734512,0.000244140625,0.00439453125,1.0,0,SKQD,8,0.001953125,1.0,1.0,0.000244140625,True,3487207449
11,12,2,1.0,-0.899855,0.0,0.0,0.734512,0.000244140625,0.00439453125,1.0,0,SKQD,11,0.002685546875,1.0,1.0,0.000244140625,True,3487207449
11,12,2,1.0,-0.899855,0.0,0.0,0.734512,0.000244140625,0.00439453125,1.0,0,SKQD,14,0.00341796875,1.0,1.0,0.000244140625,True,3487207449
11,12,2,1.0,-0.899855,0.0,0.0,0.734512,0.000244140625,0.00439453125,1.0,0,SKQD,18,0.00439453125,1.0,1.0,0.000244140625,True,3487207449
11,12,2,1.0,-0.899855,0.0,0.0,0.734512,0.000244140625,0.00439453125,1.0,0,SKQD,23,0.005615234375,1.0,1.0,0.000244140625,True,3487207449
11,12,2,1.0,-0.899855,0.0,0.0,0.734512,0.000244140625,0.00439453125,1.0,0,SKQD,31,0.007568359375,1.0,1.0,0.000244140625,True,3487207449
11,12,2,1.0,-0.899855,0.0,0.0,0.734512,0.000244140625,0.00439453125,1.0,0,SKQD,40,0.009765625,1.0,1.0,0.000244140625,True,3487207449
11,12,2,1.0,-0.899855,0.0,0.0,0.734512,0.000244140625,0.00439453125,1.0,0,SKQD,52,0.0126953125,1.0,1.0,0.000244140625,True,3487207449
11,12,2,1.0,-0.899855,0.0,0.0,0.734512,0.000244140625,0.00439453125,1.0,0,SKQD,67,0.016357421875,1.0,1.0,0.000244140625,True,3487207449
11,12,2,1.0,-0.899855,0.0,0.0,0.734512,0.000244140625,0.00439453125,1.0,0,SKQD,87,0.021240234375,1.0,1.0,0.000244140625,True,3487207449
11,12,2,1.0,-0.899855,0.0,0.0,0.734512,0.000244140625,0.00439453125,1.0,0,SKQD,114,0.02783203125,1.0,1.0,0.000244140625,True,3487207449
11,12,2,1.0,-0.899855,0.0,0.0,0.734512,0.000244140625,0.00439453125,1.0,0,SKQD,148,0.0361328125,1.0,1.0,0.000244140625,True,3487207449
11,12,2,1.0,-0.899855,0.0,0.0,0.734512,0.000244140625,0.00439453125,1.0,0,SKQD,192,0.046875,1.0,1.0,0.000244140625,True,3487207449
11,12,2,1.0,-0.899855,0.0,0.0,0.734512,0.000244140625,0.00439453125,1.0,0,SKQD,250,0.06103515625,1.0,1.0,0.000244140625,True,3487207449
11,12,2,1.0,-0.899855,0.0,0.0,0.734512,0.000244140625,0.00439453125,1.0,0,SKQD,325,0.079345703125,1.0,1.0,0.000244140625,True,3487207449
11,12,2,1.0,-0.899855,0.0,0.0,0.734512,0.000244140625,0.00439453125,1.0,0,SKQD,423,0.103271484375,1.0,1.0,0.000244140625,True,3487207449
11,12,2,1.0,-0.899855,0.0,0.0,0.734512,0.000244140625,0.00439453125,1.0,0,SKQD,550,0.13427734375,1.0,1.0,0.000244140625,True,3487207449
11,12,2,1.0,-0.899855,0.0,0.0,0.734512,0.000244140625,0.00439453125,1.0,0,SKQD,715,0.174560546875,1.0,1.0,0.000244140625,True,3487207449
11,12,2,1.0,-0.899855,0.0,0.0,0.734512,0.000244140625,0.00439453125,1.0,0,SKQD,931,0.227294921875,1.0,1.0,0.000244140625,True,3487207449
11,12,2,1.0,-0.899855,0.0,0.0,0.734512,0.000244140625,0.00439453125,1.0,0,SKQD,1210,0.29541015625,1.0,1.0,0.000244140625,True,3487207449
11,12,2,1.0,-0.899855,0.0,0.0,0.734512,0.000244140625,0.00439453125,1.0,0,SKQD,1575,0.384521484375,1.0,1.0,0.000244140625,True,3487207449
11,12,2,1.0,-0.899855,0.0,0.0,0.734512,0.000244140625,0.00439453125,1.0,0,SKQD,2048,0.5,1.0,1.0,0.000244140625,True,3487207449
11,12,2,1.0,-0.899855,0.0,0.0,0.734512,0.000244140625,0.00439453125,1.0,0,Ceiling,1,0.000244140625,1.0,2048.0,0.5,False,3487207449
11,12,2,1.0,-0.899855,0.0,0.0,0.734512,0.000244140625,0.00439453125,1.0,0,Ceiling,2,0.00048828125,1.0,2048.0,0.5,False,3487207449
11,12,2,1.0,-0.899855,0.0,0.0,0.734512,0.000244140625,0.00439453125,1.0,0,Ceiling,3,0.000732421875,1.0,2048.0,0.5,False,3487207449
11,12,2,1.0,-0.899855,0.0,0.0,0.734512,0.000244140625,0.00439453125,1.0,0,Ceiling,4,0.0009765625,1.0,2048.0,0.5,False,3487207449
11,12,2,1.0,-0.899855,0.0,0.0,0.734512,0.000244140625,0.00439453125,1.0,0,Ceiling,5,0.001220703125,1.0,2048.0,0.5,False,3487207449
11,12,2,1.0,-0.899855,0.0,0.0,0.734512,0.000244140625,0.00439453125,1.0,0,Ceiling,6,0.00146484375,1.0,2048.0,0.5,False,3487207449
11,12,2,1.0,-0.899855,0.0,0.0,0.734512,0.000244140625,0.00439453125,1.0,0,Ceiling,8,0.001953125,1.0,2048.0,0.5,False,3487207449
11,12,2,1.0,-0.899855,0.0,0.0,0.734512,0.000244140625,0.00439453125,1.0,0,Ceiling,11,0.002685546875,1.0,2048.0,0.5,False,3487207449
11,12,2,1.0,-0.899855,0.0,0.0,0.734512,0.000244140625,0.00439453125,1.0,0,Ceiling,14,0.00341796875,1.0,2048.0,0.5,False,3487207449
11,12,2,1.0,-0.899855,0.0,0.0,0.734512,0.000244140625,0.00439453125,1.0,0,Ceiling,18,0.00439453125,1.0,2048.0,0.5,False,3487207449
11,12,2,1.0,-0.899855,0.0,0.0,0.734512,0.000244140625,0.00439453125,1.0,0,Ceiling,23,0.005615234375,1.0,2048.0,0.5,False,3487207449
11,12,2,1.0,-0.899855,0.0,0.0,0.734512,0.000244140625,0.00439453125,1.0,0,Ceiling,31,0.007568359375,1.0,2048.0,0.5,False,3487207449
11,12,2,1.0,-0.899855,0.0,0.0,0.734512,0.000244140625,0.00439453125,1.0,0,Ceiling,40,0.009765625,1.0,2048.0,0.5,False,3487207449
11,12,2,1.0,-0.899855,0.0,0.0,0.734512,0.000244140625,0.00439453125,1.0,0,Ceiling,52,0.0126953125,1.0,2048.0,0.5,False,3487207449
11,12,2,1.0,-0.899855,0.0,0.0,0.734512,0.000244140625,0.00439453125,1.0,0,Ceiling,67,0.016357421875,1.0,2048.0,0.5,False,3487207449
11,12,2,1.0,-0.899855,0.0,0.0,0.734512,0.000244140625,0.00439453125,1.0,0,Ceiling,87,0.021240234375,1.0,2048.0,0.5,False,3487207449
11,12,2,1.0,-0.899855,0.0,0.0,0.734512,0.000244140625,0.00439453125,1.0,0,Ceiling,114,0.02783203125,1.0,2048.0,0.5,False,3487207449
11,12,2,1.0,-0.899855,0.0,0.0,0.734512,0.000244140625,0.00439453125,1.0,0,Ceiling,148,0.0361328125,1.0,2048.0,0.5,False,3487207449
11,12,2,1.0,-0.899855,0.0,0.0,0.734512,0.000244140625,0.00439453125,1.0,0,Ceiling,192,0.046875,1.0,2048.0,0.5,False,3487207449
11,12,2,1.0,-0.899855,0.0,0.0,0.734512,0.000244140625,0.00439453125,1.0,0,Ceiling,250,0.06103515625,1.0,2048.0,0.5,False,3487207449
11,12,2,1.0,-0.899855,0.0,0.0,0.734512,0.000244140625,0.00439453125,1.0,0,Ceiling,325,0.079345703125,1.0,2048.0,0.5,False,3487207449
11,12,2,1.0,-0.899855,0.0,0.0,0.734512,0.000244140625,0.00439453125,1.0,0,Ceiling,423,0.103271484375,1.0,2048.0,0.5,False,3487207449
11,12,2,1.0,-0.899855,0.0,0.0,0.734512,0.000244140625,0.00439453125,1.0,0,Ceiling,550,0.13427734375,1.0,2048.0,0.5,False,3487207449
11,12,2,1.0,-0.899855,0.0,0.0,0.734512,0.000244140625,0.00439453125,1.0,0,Ceiling,715,0.174560546875,1.0,2048.0,0.5,False,3487207449
11,12,2,1.0,-0.899855,0.0,0.0,0.734512,0.000244140625,0.00439453125,1.0,0,Ceiling,931,0.227294921875,1.0,2048.0,0.5,False,3487207449
11,12,2,1.0,-0.899855,0.0,0.0,0.734512,0.000244140625,0.00439453125,1.0,0,Ceiling,1210,0.29541015625,1.0,2048.0,0.5,False,3487207449
11,12,2,1.0,-0.899855,0.0,0.0,0.734512,0.000244140625,0.00439453125,1.0,0,Ceiling,1575,0.384521484375,1.0,2048.0,0.5,False,3487207449
11,12,2,1.0,-0.899855,0.0,0.0,0.734512,0.000244140625,0.00439453125,1.0,0,Ceiling,2048,0.5,1.0,2048.0,0.5,False,3487207449
