Facet,N,Bin,Lower,Upper,Runs
gsdens,12,low,0.0029296875,0.112548828125,132
gsdens,12,mid,0.112548828125,0.19189453125,126
gsdens,12,high,0.19189453125,0.2255859375,126
overlap,12,low,1.5841158924370137e-12,0.00023555034620956656,128
overlap,12,mid,0.00023555034620956656,0.0016090486273002,128
overlap,12,high,0.0016090486273002,0.1282797419985701,128
gsdens,6,low,0.09375,0.234375,234
gsdens,6,high,0.234375,0.3125,252
gsdens,8,low,0.03125,0.171875,174
gsdens,8,mid,0.171875,0.21875,114
gsdens,8,high,0.21875,0.2734375,138
gsdens,10,low,0.009765625,0.115234375,156
gsdens,10,mid,0.115234375,0.205078125,174
gsdens,10,high,0.205078125,0.24609375,102
overlap,6,low,1.4189673078126646e-10,0.0068356569655813,164
overlap,6,mid,0.0068356569655813,0.0652026765370517,164
overlap,6,high,0.0652026765370517,0.4999485072763814,158
overlap,8,low,6.221511810852286e-12,0.0028883402084076,144
overlap,8,mid,0.0028883402084076,0.019234548426506827,140
overlap,8,high,0.019234548426506827,0.4937588898151389,142
overlap,10,low,1.4701914212728536e-12,0.0003088867514863,144
overlap,10,mid,0.0003088867514863,0.004775741150201666,144
overlap,10,high,0.004775741150201666,0.1553632088218154,144
