Hamiltonian_Index,Number_of_Sites,Max_Interactions,Fidelity,Penalty_Strength,Ground_State_Density,Hamiltonian_Density,Overlap,BARK_Pool_Size,SKQD_Pool_Size,Seed
0,8,1,0.8,10.0,0.01953125,0.01953125,2.7350633534711593e-05,2.0,inf,282767332
0,8,1,0.85,10.0,0.01953125,0.01953125,2.7350633534711593e-05,2.0,inf,282767332
0,8,1,0.9,10.0,0.01953125,0.01953125,2.7350633534711593e-05,2.0,inf,282767332
0,8,1,0.95,10.0,0.01953125,0.01953125,2.7350633534711593e-05,2.0,inf,282767332
0,8,1,0.99,10.0,0.01953125,0.01953125,2.7350633534711593e-05,2.0,inf,282767332
0,8,1,0.8,10.0,0.01953125,0.01953125,0.0002679113871835373,2.0,inf,282767332
0,8,1,0.85,10.0,0.01953125,0.01953125,0.0002679113871835373,2.0,inf,282767332
0,8,1,0.9,10.0,0.01953125,0.01953125,0.0002679113871835373,2.0,inf,282767332
0,8,1,0.95,10.0,0.01953125,0.01953125,0.0002679113871835373,2.0,inf,282767332
0,8,1,0.99,10.0,0.01953125,0.01953125,0.0002679113871835373,2.0,inf,282767332
0,8,1,0.8,10.0,0.01953125,0.01953125,0.0002876212608586967,2.0,inf,282767332
0,8,1,0.85,10.0,0.01953125,0.01953125,0.0002876212608586967,2.0,inf,282767332
0,8,1,0.9,10.0,0.01953125,0.01953125,0.0002876212608586967,2.0,inf,282767332
0,8,1,0.95,10.0,0.01953125,0.01953125,0.0002876212608586967,2.0,inf,282767332
0,8,1,0.99,10.0,0.01953125,0.01953125,0.0002876212608586967,2.0,inf,282767332
0,8,1,0.8,10.0,0.01953125,0.01953125,0.0007840660157696698,2.0,inf,282767332
0,8,1,0.85,10.0,0.01953125,0.01953125,0.0007840660157696698,2.0,inf,282767332
0,8,1,0.9,10.0,0.01953125,0.01953125,0.0007840660157696698,2.0,inf,282767332
0,8,1,0.95,10.0,0.01953125,0.01953125,0.0007840660157696698,2.0,inf,282767332
0,8,1,0.99,10.0,0.01953125,0.01953125,0.0007840660157696698,2.0,inf,282767332
0,8,1,0.8,10.0,0.01953125,0.01953125,0.9986325006057009,2.0,inf,282767332
0,8,1,0.85,10.0,0.01953125,0.01953125,0.9986325006057009,2.0,inf,282767332
0,8,1,0.9,10.0,0.01953125,0.01953125,0.9986325006057009,2.0,inf,282767332
0,8,1,0.95,10.0,0.01953125,0.01953125,0.9986325006057009,2.0,inf,282767332
0,8,1,0.99,10.0,0.01953125,0.01953125,0.9986325006057009,2.0,inf,282767332
0,8,1,0.8,10.0,0.01953125,0.01953125,0.0,inf,inf,282767332
0,8,1,0.85,10.0,0.01953125,0.01953125,0.0,inf,inf,282767332
0,8,1,0.9,10.0,0.01953125,0.01953125,0.0,inf,inf,282767332
0,8,1,0.95,10.0,0.01953125,0.01953125,0.0,inf,inf,282767332
0,8,1,0.99,10.0,0.01953125,0.01953125,0.0,inf,inf,282767332
0,8,1,0.8,10.0,0.01953125,0.01953125,0.0,inf,inf,282767332
0,8,1,0.85,10.0,0.01953125,0.01953125,0.0,inf,inf,282767332
0,8,1,0.9,10.0,0.01953125,0.01953125,0.0,inf,inf,282767332
0,8,1,0.95,10.0,0.01953125,0.01953125,0.0,inf,inf,282767332
0,8,1,0.99,10.0,0.01953125,0.01953125,0.0,inf,inf,282767332
0,8,1,0.8,10.0,0.01953125,0.01953125,0.0,inf,inf,282767332
0,8,1,0.85,10.0,0.01953125,0.01953125,0.0,inf,inf,282767332
0,8,1,0.9,10.0,0.01953125,0.01953125,0.0,inf,inf,282767332
0,8,1,0.95,10.0,0.01953125,0.01953125,0.0,inf,inf,282767332
0,8,1,0.99,10.0,0.01953125,0.01953125,0.0,inf,inf,282767332
0,8,1,0.8,10.0,0.01953125,0.01953125,9.89447645253888e-159,inf,inf,282767332
0,8,1,0.85,10.0,0.01953125,0.01953125,9.89447645253888e-159,inf,inf,282767332
0,8,1,0.9,10.0,0.01953125,0.01953125,9.89447645253888e-159,inf,inf,282767332
0,8,1,0.95,10.0,0.01953125,0.01953125,9.89447645253888e-159,inf,inf,282767332
0,8,1,0.99,10.0,0.01953125,0.01953125,9.89447645253888e-159,inf,inf,282767332
0,8,1,0.8,10.0,0.01953125,0.01953125,9.273015376718553e-69,inf,inf,282767332
0,8,1,0.85,10.0,0.01953125,0.01953125,9.273015376718553e-69,inf,inf,282767332
0,8,1,0.9,10.0,0.01953125,0.01953125,9.273015376718553e-69,inf,inf,282767332
0,8,1,0.95,10.0,0.01953125,0.01953125,9.273015376718553e-69,inf,inf,282767332
0,8,1,0.99,10.0,0.01953125,0.01953125,9.273015376718553e-69,inf,inf,282767332
7,8,1,0.8,1.0,0.05859375,0.01953125,0.00505041370683858,2.0,5.0,788919567
7,8,1,0.85,1.0,0.05859375,0.01953125,0.00505041370683858,2.0,5.0,788919567
7,8,1,0.9,1.0,0.05859375,0.01953125,0.00505041370683858,3.0,inf,788919567
7,8,1,0.95,1.0,0.05859375,0.01953125,0.00505041370683858,5.0,inf,788919567
7,8,1,0.99,1.0,0.05859375,0.01953125,0.00505041370683858,11.0,inf,788919567
7,8,1,0.8,1.0,0.05859375,0.01953125,0.009560044264822461,2.0,4.0,788919567
7,8,1,0.85,1.0,0.05859375,0.01953125,0.009560044264822461,2.0,4.0,788919567
7,8,1,0.9,1.0,0.05859375,0.01953125,0.009560044264822461,3.0,8.0,788919567
7,8,1,0.95,1.0,0.05859375,0.01953125,0.009560044264822461,4.0,7.0,788919567
7,8,1,0.99,1.0,0.05859375,0.01953125,0.009560044264822461,5.0,inf,788919567
7,8,1,0.8,1.0,0.05859375,0.01953125,0.04107949956275752,2.0,4.0,788919567
7,8,1,0.85,1.0,0.05859375,0.01953125,0.04107949956275752,2.0,4.0,788919567
7,8,1,0.9,1.0,0.05859375,0.01953125,0.04107949956275752,2.0,4.0,788919567
7,8,1,0.95,1.0,0.05859375,0.01953125,0.04107949956275752,3.0,5.0,788919567
7,8,1,0.99,1.0,0.05859375,0.01953125,0.04107949956275752,7.0,inf,788919567
7,8,1,0.8,1.0,0.05859375,0.01953125,0.053979771509284284,2.0,3.0,788919567
7,8,1,0.85,1.0,0.05859375,0.01953125,0.053979771509284284,2.0,3.0,788919567
7,8,1,0.9,1.0,0.05859375,0.01953125,0.053979771509284284,2.0,3.0,788919567
7,8,1,0.95,1.0,0.05859375,0.01953125,0.053979771509284284,3.0,inf,788919567
7,8,1,0.99,1.0,0.05859375,0.01953125,0.053979771509284284,7.0,7.0,788919567
7,8,1,0.8,1.0,0.05859375,0.01953125,0.8861589204370905,2.0,2.0,788919567
7,8,1,0.85,1.0,0.05859375,0.01953125,0.8861589204370905,2.0,2.0,788919567
7,8,1,0.9,1.0,0.05859375,0.01953125,0.8861589204370905,2.0,2.0,788919567
7,8,1,0.95,1.0,0.05859375,0.01953125,0.8861589204370905,4.0,4.0,788919567
7,8,1,0.99,1.0,0.05859375,0.01953125,0.8861589204370905,6.0,5.0,788919567
7,8,1,0.8,1.0,0.05859375,0.01953125,0.0,inf,inf,788919567
7,8,1,0.85,1.0,0.05859375,0.01953125,0.0,inf,inf,788919567
7,8,1,0.9,1.0,0.05859375,0.01953125,0.0,inf,inf,788919567
7,8,1,0.95,1.0,0.05859375,0.01953125,0.0,inf,inf,788919567
7,8,1,0.99,1.0,0.05859375,0.01953125,0.0,inf,inf,788919567
7,8,1,0.8,1.0,0.05859375,0.01953125,0.0,inf,inf,788919567
7,8,1,0.85,1.0,0.05859375,0.01953125,0.0,inf,inf,788919567
7,8,1,0.9,1.0,0.05859375,0.01953125,0.0,inf,inf,788919567
7,8,1,0.95,1.0,0.05859375,0.01953125,0.0,inf,inf,788919567
7,8,1,0.99,1.0,0.05859375,0.01953125,0.0,inf,inf,788919567
7,8,1,0.8,1.0,0.05859375,0.01953125,0.0,inf,inf,788919567
7,8,1,0.85,1.0,0.05859375,0.01953125,0.0,inf,inf,788919567
7,8,1,0.9,1.0,0.05859375,0.01953125,0.0,inf,inf,788919567
7,8,1,0.95,1.0,0.05859375,0.01953125,0.0,inf,inf,788919567
7,8,1,0.99,1.0,0.05859375,0.01953125,0.0,inf,inf,788919567
7,8,1,0.8,1.0,0.05859375,0.01953125,0.0,inf,inf,788919567
7,8,1,0.85,1.0,0.05859375,0.01953125,0.0,inf,inf,788919567
7,8,1,0.9,1.0,0.05859375,0.01953125,0.0,inf,inf,788919567
7,8,1,0.95,1.0,0.05859375,0.01953125,0.0,inf,inf,788919567
7,8,1,0.99,1.0,0.05859375,0.01953125,0.0,inf,inf,788919567
7,8,1,0.8,1.0,0.05859375,0.01953125,1.5278804557733838e-52,inf,inf,788919567
7,8,1,0.85,1.0,0.05859375,0.01953125,1.5278804557733838e-52,inf,inf,788919567
7,8,1,0.9,1.0,0.05859375,0.01953125,1.5278804557733838e-52,inf,inf,788919567
7,8,1,0.95,1.0,0.05859375,0.01953125,1.5278804557733838e-52,inf,inf,788919567
7,8,1,0.99,1.0,0.05859375,0.01953125,1.5278804557733838e-52,inf,inf,788919567
0,8,2,0.8,10.0,0.03125,0.03125,0.00016257565582413717,2.0,inf,943264784
0,8,2,0.85,10.0,0.03125,0.03125,0.00016257565582413717,2.0,inf,943264784
0,8,2,0.9,10.0,0.03125,0.03125,0.00016257565582413717,2.0,inf,943264784
0,8,2,0.95,10.0,0.03125,0.03125,0.00016257565582413717,2.0,inf,943264784
0,8,2,0.99,10.0,0.03125,0.03125,0.00016257565582413717,2.0,inf,943264784
0,8,2,0.8,10.0,0.03125,0.03125,0.0002690119647022105,2.0,inf,943264784
0,8,2,0.85,10.0,0.03125,0.03125,0.0002690119647022105,2.0,inf,943264784
0,8,2,0.9,10.0,0.03125,0.03125,0.0002690119647022105,2.0,inf,943264784
0,8,2,0.95,10.0,0.03125,0.03125,0.0002690119647022105,2.0,inf,943264784
0,8,2,0.99,10.0,0.03125,0.03125,0.0002690119647022105,2.0,inf,943264784
0,8,2,0.8,10.0,0.03125,0.03125,0.0005962085474234669,2.0,inf,943264784
0,8,2,0.85,10.0,0.03125,0.03125,0.0005962085474234669,2.0,inf,943264784
0,8,2,0.9,10.0,0.03125,0.03125,0.0005962085474234669,2.0,inf,943264784
0,8,2,0.95,10.0,0.03125,0.03125,0.0005962085474234669,2.0,inf,943264784
0,8,2,0.99,10.0,0.03125,0.03125,0.0005962085474234669,2.0,inf,943264784
0,8,2,0.8,10.0,0.03125,0.03125,0.0010764927528769798,2.0,inf,943264784
0,8,2,0.85,10.0,0.03125,0.03125,0.0010764927528769798,2.0,inf,943264784
0,8,2,0.9,10.0,0.03125,0.03125,0.0010764927528769798,2.0,inf,943264784
0,8,2,0.95,10.0,0.03125,0.03125,0.0010764927528769798,2.0,inf,943264784
0,8,2,0.99,10.0,0.03125,0.03125,0.0010764927528769798,2.0,inf,943264784
0,8,2,0.8,10.0,0.03125,0.03125,0.9977695484048639,2.0,2.0,943264784
0,8,2,0.85,10.0,0.03125,0.03125,0.9977695484048639,2.0,2.0,943264784
0,8,2,0.9,10.0,0.03125,0.03125,0.9977695484048639,2.0,2.0,943264784
0,8,2,0.95,10.0,0.03125,0.03125,0.9977695484048639,2.0,2.0,943264784
0,8,2,0.99,10.0,0.03125,0.03125,0.9977695484048639,2.0,2.0,943264784
0,8,2,0.8,10.0,0.03125,0.03125,5.48486829181839e-51,inf,inf,943264784
0,8,2,0.85,10.0,0.03125,0.03125,5.48486829181839e-51,inf,inf,943264784
0,8,2,0.9,10.0,0.03125,0.03125,5.48486829181839e-51,inf,inf,943264784
0,8,2,0.95,10.0,0.03125,0.03125,5.48486829181839e-51,inf,inf,943264784
0,8,2,0.99,10.0,0.03125,0.03125,5.48486829181839e-51,inf,inf,943264784
0,8,2,0.8,10.0,0.03125,0.03125,3.0079033059370466e-45,inf,inf,943264784
0,8,2,0.85,10.0,0.03125,0.03125,3.0079033059370466e-45,inf,inf,943264784
0,8,2,0.9,10.0,0.03125,0.03125,3.0079033059370466e-45,inf,inf,943264784
0,8,2,0.95,10.0,0.03125,0.03125,3.0079033059370466e-45,inf,inf,943264784
0,8,2,0.99,10.0,0.03125,0.03125,3.0079033059370466e-45,inf,inf,943264784
0,8,2,0.8,10.0,0.03125,0.03125,1.3521998258598897e-44,inf,inf,943264784
0,8,2,0.85,10.0,0.03125,0.03125,1.3521998258598897e-44,inf,inf,943264784
0,8,2,0.9,10.0,0.03125,0.03125,1.3521998258598897e-44,inf,inf,943264784
0,8,2,0.95,10.0,0.03125,0.03125,1.3521998258598897e-44,inf,inf,943264784
0,8,2,0.99,10.0,0.03125,0.03125,1.3521998258598897e-44,inf,inf,943264784
0,8,2,0.8,10.0,0.03125,0.03125,3.267019720499244e-44,inf,inf,943264784
0,8,2,0.85,10.0,0.03125,0.03125,3.267019720499244e-44,inf,inf,943264784
0,8,2,0.9,10.0,0.03125,0.03125,3.267019720499244e-44,inf,inf,943264784
0,8,2,0.95,10.0,0.03125,0.03125,3.267019720499244e-44,inf,inf,943264784
0,8,2,0.99,10.0,0.03125,0.03125,3.267019720499244e-44,inf,inf,943264784
0,8,2,0.8,10.0,0.03125,0.03125,5.9873009032773086e-43,inf,inf,943264784
0,8,2,0.85,10.0,0.03125,0.03125,5.9873009032773086e-43,inf,inf,943264784
0,8,2,0.9,10.0,0.03125,0.03125,5.9873009032773086e-43,inf,inf,943264784
0,8,2,0.95,10.0,0.03125,0.03125,5.9873009032773086e-43,inf,inf,943264784
0,8,2,0.99,10.0,0.03125,0.03125,5.9873009032773086e-43,inf,inf,943264784
4,8,2,0.8,0.1,0.25,0.03515625,0.06861269389707805,22.0,27.0,2994338518
4,8,2,0.85,0.1,0.25,0.03515625,0.06861269389707805,32.0,37.0,2994338518
4,8,2,0.9,0.1,0.25,0.03515625,0.06861269389707805,35.0,58.0,2994338518
4,8,2,0.95,0.1,0.25,0.03515625,0.06861269389707805,40.0,53.0,2994338518
4,8,2,0.99,0.1,0.25,0.03515625,0.06861269389707805,53.0,inf,2994338518
4,8,2,0.8,0.1,0.25,0.03515625,0.0709479560242324,25.0,31.0,2994338518
4,8,2,0.85,0.1,0.25,0.03515625,0.0709479560242324,34.0,39.0,2994338518
4,8,2,0.9,0.1,0.25,0.03515625,0.0709479560242324,37.0,47.0,2994338518
4,8,2,0.95,0.1,0.25,0.03515625,0.0709479560242324,42.0,47.0,2994338518
4,8,2,0.99,0.1,0.25,0.03515625,0.0709479560242324,53.0,52.0,2994338518
4,8,2,0.8,0.1,0.25,0.03515625,0.07279913995958973,21.0,28.0,2994338518
4,8,2,0.85,0.1,0.25,0.03515625,0.07279913995958973,31.0,32.0,2994338518
4,8,2,0.9,0.1,0.25,0.03515625,0.07279913995958973,34.0,48.0,2994338518
4,8,2,0.95,0.1,0.25,0.03515625,0.07279913995958973,39.0,51.0,2994338518
4,8,2,0.99,0.1,0.25,0.03515625,0.07279913995958973,56.0,57.0,2994338518
4,8,2,0.8,0.1,0.25,0.03515625,0.09064010108586312,25.0,32.0,2994338518
4,8,2,0.85,0.1,0.25,0.03515625,0.09064010108586312,34.0,39.0,2994338518
4,8,2,0.9,0.1,0.25,0.03515625,0.09064010108586312,37.0,39.0,2994338518
4,8,2,0.95,0.1,0.25,0.03515625,0.09064010108586312,42.0,52.0,2994338518
4,8,2,0.99,0.1,0.25,0.03515625,0.09064010108586312,53.0,inf,2994338518
4,8,2,0.8,0.1,0.25,0.03515625,0.09617056305643931,25.0,27.0,2994338518
4,8,2,0.85,0.1,0.25,0.03515625,0.09617056305643931,34.0,35.0,2994338518
4,8,2,0.9,0.1,0.25,0.03515625,0.09617056305643931,36.0,38.0,2994338518
4,8,2,0.95,0.1,0.25,0.03515625,0.09617056305643931,41.0,inf,2994338518
4,8,2,0.99,0.1,0.25,0.03515625,0.09617056305643931,54.0,inf,2994338518
4,8,2,0.8,0.1,0.25,0.03515625,0.0,inf,inf,2994338518
4,8,2,0.85,0.1,0.25,0.03515625,0.0,inf,inf,2994338518
4,8,2,0.9,0.1,0.25,0.03515625,0.0,inf,inf,2994338518
4,8,2,0.95,0.1,0.25,0.03515625,0.0,inf,inf,2994338518
4,8,2,0.99,0.1,0.25,0.03515625,0.0,inf,inf,2994338518
4,8,2,0.8,0.1,0.25,0.03515625,0.0,inf,inf,2994338518
4,8,2,0.85,0.1,0.25,0.03515625,0.0,inf,inf,2994338518
4,8,2,0.9,0.1,0.25,0.03515625,0.0,inf,inf,2994338518
4,8,2,0.95,0.1,0.25,0.03515625,0.0,inf,inf,2994338518
4,8,2,0.99,0.1,0.25,0.03515625,0.0,inf,inf,2994338518
4,8,2,0.8,0.1,0.25,0.03515625,0.0,inf,inf,2994338518
4,8,2,0.85,0.1,0.25,0.03515625,0.0,inf,inf,2994338518
4,8,2,0.9,0.1,0.25,0.03515625,0.0,inf,inf,2994338518
4,8,2,0.95,0.1,0.25,0.03515625,0.0,inf,inf,2994338518
4,8,2,0.99,0.1,0.25,0.03515625,0.0,inf,inf,2994338518
4,8,2,0.8,0.1,0.25,0.03515625,1.7279010076604934e-35,inf,inf,2994338518
4,8,2,0.85,0.1,0.25,0.03515625,1.7279010076604934e-35,inf,inf,2994338518
4,8,2,0.9,0.1,0.25,0.03515625,1.7279010076604934e-35,inf,inf,2994338518
4,8,2,0.95,0.1,0.25,0.03515625,1.7279010076604934e-35,inf,inf,2994338518
4,8,2,0.99,0.1,0.25,0.03515625,1.7279010076604934e-35,inf,inf,2994338518
4,8,2,0.8,0.1,0.25,0.03515625,4.81482486096809e-35,inf,inf,2994338518
4,8,2,0.85,0.1,0.25,0.03515625,4.81482486096809e-35,inf,inf,2994338518
4,8,2,0.9,0.1,0.25,0.03515625,4.81482486096809e-35,inf,inf,2994338518
4,8,2,0.95,0.1,0.25,0.03515625,4.81482486096809e-35,inf,inf,2994338518
4,8,2,0.99,0.1,0.25,0.03515625,4.81482486096809e-35,inf,inf,2994338518
7,8,2,0.8,1.0,0.234375,0.03125,0.021685919450466013,4.0,16.0,1175403707
7,8,2,0.85,1.0,0.234375,0.03125,0.021685919450466013,4.0,19.0,1175403707
7,8,2,0.9,1.0,0.234375,0.03125,0.021685919450466013,6.0,27.0,1175403707
7,8,2,0.95,1.0,0.234375,0.03125,0.021685919450466013,12.0,29.0,1175403707
7,8,2,0.99,1.0,0.234375,0.03125,0.021685919450466013,28.0,31.0,1175403707
7,8,2,0.8,1.0,0.234375,0.03125,0.03212634528138822,7.0,17.0,1175403707
7,8,2,0.85,1.0,0.234375,0.03125,0.03212634528138822,9.0,17.0,1175403707
7,8,2,0.9,1.0,0.234375,0.03125,0.03212634528138822,9.0,17.0,1175403707
7,8,2,0.95,1.0,0.234375,0.03125,0.03212634528138822,13.0,20.0,1175403707
7,8,2,0.99,1.0,0.234375,0.03125,0.03212634528138822,28.0,38.0,1175403707
7,8,2,0.8,1.0,0.234375,0.03125,0.0875364244846803,3.0,9.0,1175403707
7,8,2,0.85,1.0,0.234375,0.03125,0.0875364244846803,3.0,9.0,1175403707
7,8,2,0.9,1.0,0.234375,0.03125,0.0875364244846803,5.0,inf,1175403707
7,8,2,0.95,1.0,0.234375,0.03125,0.0875364244846803,10.0,27.0,1175403707
7,8,2,0.99,1.0,0.234375,0.03125,0.0875364244846803,37.0,33.0,1175403707
7,8,2,0.8,1.0,0.234375,0.03125,0.30225396870645166,3.0,6.0,1175403707
7,8,2,0.85,1.0,0.234375,0.03125,0.30225396870645166,3.0,6.0,1175403707
7,8,2,0.9,1.0,0.234375,0.03125,0.30225396870645166,6.0,13.0,1175403707
7,8,2,0.95,1.0,0.234375,0.03125,0.30225396870645166,13.0,22.0,1175403707
7,8,2,0.99,1.0,0.234375,0.03125,0.30225396870645166,25.0,inf,1175403707
7,8,2,0.8,1.0,0.234375,0.03125,0.4610635631291901,6.0,inf,1175403707
7,8,2,0.85,1.0,0.234375,0.03125,0.4610635631291901,6.0,inf,1175403707
7,8,2,0.9,1.0,0.234375,0.03125,0.4610635631291901,6.0,8.0,1175403707
7,8,2,0.95,1.0,0.234375,0.03125,0.4610635631291901,9.0,19.0,1175403707
7,8,2,0.99,1.0,0.234375,0.03125,0.4610635631291901,28.0,25.0,1175403707
7,8,2,0.8,1.0,0.234375,0.03125,0.0,inf,inf,1175403707
7,8,2,0.85,1.0,0.234375,0.03125,0.0,inf,inf,1175403707
7,8,2,0.9,1.0,0.234375,0.03125,0.0,inf,inf,1175403707
7,8,2,0.95,1.0,0.234375,0.03125,0.0,inf,inf,1175403707
7,8,2,0.99,1.0,0.234375,0.03125,0.0,inf,inf,1175403707
7,8,2,0.8,1.0,0.234375,0.03125,0.0,inf,inf,1175403707
7,8,2,0.85,1.0,0.234375,0.03125,0.0,inf,inf,1175403707
7,8,2,0.9,1.0,0.234375,0.03125,0.0,inf,inf,1175403707
7,8,2,0.95,1.0,0.234375,0.03125,0.0,inf,inf,1175403707
7,8,2,0.99,1.0,0.234375,0.03125,0.0,inf,inf,1175403707
7,8,2,0.8,1.0,0.234375,0.03125,0.0,inf,inf,1175403707
7,8,2,0.85,1.0,0.234375,0.03125,0.0,inf,inf,1175403707
7,8,2,0.9,1.0,0.234375,0.03125,0.0,inf,inf,1175403707
7,8,2,0.95,1.0,0.234375,0.03125,0.0,inf,inf,1175403707
7,8,2,0.99,1.0,0.234375,0.03125,0.0,inf,inf,1175403707
7,8,2,0.8,1.0,0.234375,0.03125,0.0,inf,inf,1175403707
7,8,2,0.85,1.0,0.234375,0.03125,0.0,inf,inf,1175403707
7,8,2,0.9,1.0,0.234375,0.03125,0.0,inf,inf,1175403707
7,8,2,0.95,1.0,0.234375,0.03125,0.0,inf,inf,1175403707
7,8,2,0.99,1.0,0.234375,0.03125,0.0,inf,inf,1175403707
7,8,2,0.8,1.0,0.234375,0.03125,0.0,inf,inf,1175403707
7,8,2,0.85,1.0,0.234375,0.03125,0.0,inf,inf,1175403707
7,8,2,0.9,1.0,0.234375,0.03125,0.0,inf,inf,1175403707
7,8,2,0.95,1.0,0.234375,0.03125,0.0,inf,inf,1175403707
7,8,2,0.99,1.0,0.234375,0.03125,0.0,inf,inf,1175403707
0,8,3,0.8,10.0,0.05859375,0.05078125,0.0003956079752409002,2.0,inf,4208873078
0,8,3,0.85,10.0,0.05859375,0.05078125,0.0003956079752409002,2.0,inf,4208873078
0,8,3,0.9,10.0,0.05859375,0.05078125,0.0003956079752409002,2.0,inf,4208873078
0,8,3,0.95,10.0,0.05859375,0.05078125,0.0003956079752409002,2.0,inf,4208873078
0,8,3,0.99,10.0,0.05859375,0.05078125,0.0003956079752409002,2.0,inf,4208873078
0,8,3,0.8,10.0,0.05859375,0.05078125,0.00040526034764309753,2.0,inf,4208873078
0,8,3,0.85,10.0,0.05859375,0.05078125,0.00040526034764309753,2.0,inf,4208873078
0,8,3,0.9,10.0,0.05859375,0.05078125,0.00040526034764309753,2.0,inf,4208873078
0,8,3,0.95,10.0,0.05859375,0.05078125,0.00040526034764309753,2.0,inf,4208873078
0,8,3,0.99,10.0,0.05859375,0.05078125,0.00040526034764309753,2.0,inf,4208873078
0,8,3,0.8,10.0,0.05859375,0.05078125,0.001095419715109509,2.0,3.0,4208873078
0,8,3,0.85,10.0,0.05859375,0.05078125,0.001095419715109509,2.0,3.0,4208873078
0,8,3,0.9,10.0,0.05859375,0.05078125,0.001095419715109509,2.0,3.0,4208873078
0,8,3,0.95,10.0,0.05859375,0.05078125,0.001095419715109509,2.0,3.0,4208873078
0,8,3,0.99,10.0,0.05859375,0.05078125,0.001095419715109509,2.0,3.0,4208873078
0,8,3,0.8,10.0,0.05859375,0.05078125,0.0013372960841324926,2.0,2.0,4208873078
0,8,3,0.85,10.0,0.05859375,0.05078125,0.0013372960841324926,2.0,2.0,4208873078
0,8,3,0.9,10.0,0.05859375,0.05078125,0.0013372960841324926,2.0,2.0,4208873078
0,8,3,0.95,10.0,0.05859375,0.05078125,0.0013372960841324926,2.0,2.0,4208873078
0,8,3,0.99,10.0,0.05859375,0.05078125,0.0013372960841324926,2.0,2.0,4208873078
0,8,3,0.8,10.0,0.05859375,0.05078125,0.9958881957394168,2.0,2.0,4208873078
0,8,3,0.85,10.0,0.05859375,0.05078125,0.9958881957394168,2.0,2.0,4208873078
0,8,3,0.9,10.0,0.05859375,0.05078125,0.9958881957394168,2.0,2.0,4208873078
0,8,3,0.95,10.0,0.05859375,0.05078125,0.9958881957394168,2.0,2.0,4208873078
0,8,3,0.99,10.0,0.05859375,0.05078125,0.9958881957394168,2.0,2.0,4208873078
0,8,3,0.8,10.0,0.05859375,0.05078125,3.310130198530227e-44,inf,inf,4208873078
0,8,3,0.85,10.0,0.05859375,0.05078125,3.310130198530227e-44,inf,inf,4208873078
0,8,3,0.9,10.0,0.05859375,0.05078125,3.310130198530227e-44,inf,inf,4208873078
0,8,3,0.95,10.0,0.05859375,0.05078125,3.310130198530227e-44,inf,inf,4208873078
0,8,3,0.99,10.0,0.05859375,0.05078125,3.310130198530227e-44,inf,inf,4208873078
0,8,3,0.8,10.0,0.05859375,0.05078125,1.5848797735390827e-37,inf,inf,4208873078
0,8,3,0.85,10.0,0.05859375,0.05078125,1.5848797735390827e-37,inf,inf,4208873078
0,8,3,0.9,10.0,0.05859375,0.05078125,1.5848797735390827e-37,inf,inf,4208873078
0,8,3,0.95,10.0,0.05859375,0.05078125,1.5848797735390827e-37,inf,inf,4208873078
0,8,3,0.99,10.0,0.05859375,0.05078125,1.5848797735390827e-37,inf,inf,4208873078
0,8,3,0.8,10.0,0.05859375,0.05078125,3.273793738731674e-37,inf,inf,4208873078
0,8,3,0.85,10.0,0.05859375,0.05078125,3.273793738731674e-37,inf,inf,4208873078
0,8,3,0.9,10.0,0.05859375,0.05078125,3.273793738731674e-37,inf,inf,4208873078
0,8,3,0.95,10.0,0.05859375,0.05078125,3.273793738731674e-37,inf,inf,4208873078
0,8,3,0.99,10.0,0.05859375,0.05078125,3.273793738731674e-37,inf,inf,4208873078
0,8,3,0.8,10.0,0.05859375,0.05078125,4.393783694342919e-37,inf,inf,4208873078
0,8,3,0.85,10.0,0.05859375,0.05078125,4.393783694342919e-37,inf,inf,4208873078
0,8,3,0.9,10.0,0.05859375,0.05078125,4.393783694342919e-37,inf,inf,4208873078
0,8,3,0.95,10.0,0.05859375,0.05078125,4.393783694342919e-37,inf,inf,4208873078
0,8,3,0.99,10.0,0.05859375,0.05078125,4.393783694342919e-37,inf,inf,4208873078
0,8,3,0.8,10.0,0.05859375,0.05078125,4.707286642910784e-37,inf,inf,4208873078
0,8,3,0.85,10.0,0.05859375,0.05078125,4.707286642910784e-37,inf,inf,4208873078
0,8,3,0.9,10.0,0.05859375,0.05078125,4.707286642910784e-37,inf,inf,4208873078
0,8,3,0.95,10.0,0.05859375,0.05078125,4.707286642910784e-37,inf,inf,4208873078
0,8,3,0.99,10.0,0.05859375,0.05078125,4.707286642910784e-37,inf,inf,4208873078
4,8,3,0.8,0.1,0.4921875,0.046875,0.03655334244189148,89.0,108.0,1980114891
4,8,3,0.85,0.1,0.4921875,0.046875,0.03655334244189148,90.0,inf,1980114891
4,8,3,0.9,0.1,0.4921875,0.046875,0.03655334244189148,94.0,inf,1980114891
4,8,3,0.95,0.1,0.4921875,0.046875,0.03655334244189148,98.0,125.0,1980114891
4,8,3,0.99,0.1,0.4921875,0.046875,0.03655334244189148,107.0,inf,1980114891
4,8,3,0.8,0.1,0.4921875,0.046875,0.036843723644707976,78.0,inf,1980114891
4,8,3,0.85,0.1,0.4921875,0.046875,0.036843723644707976,80.0,103.0,1980114891
4,8,3,0.9,0.1,0.4921875,0.046875,0.036843723644707976,83.0,117.0,1980114891
4,8,3,0.95,0.1,0.4921875,0.046875,0.036843723644707976,93.0,122.0,1980114891
4,8,3,0.99,0.1,0.4921875,0.046875,0.036843723644707976,107.0,125.0,1980114891
4,8,3,0.8,0.1,0.4921875,0.046875,0.03886383033912671,78.0,inf,1980114891
4,8,3,0.85,0.1,0.4921875,0.046875,0.03886383033912671,80.0,inf,1980114891
4,8,3,0.9,0.1,0.4921875,0.046875,0.03886383033912671,83.0,112.0,1980114891
4,8,3,0.95,0.1,0.4921875,0.046875,0.03886383033912671,93.0,115.0,1980114891
4,8,3,0.99,0.1,0.4921875,0.046875,0.03886383033912671,107.0,120.0,1980114891
4,8,3,0.8,0.1,0.4921875,0.046875,0.039802429850730195,71.0,98.0,1980114891
4,8,3,0.85,0.1,0.4921875,0.046875,0.039802429850730195,81.0,109.0,1980114891
4,8,3,0.9,0.1,0.4921875,0.046875,0.039802429850730195,84.0,108.0,1980114891
4,8,3,0.95,0.1,0.4921875,0.046875,0.039802429850730195,98.0,125.0,1980114891
4,8,3,0.99,0.1,0.4921875,0.046875,0.039802429850730195,103.0,127.0,1980114891
4,8,3,0.8,0.1,0.4921875,0.046875,0.04178146152880739,71.0,112.0,1980114891
4,8,3,0.85,0.1,0.4921875,0.046875,0.04178146152880739,81.0,110.0,1980114891
4,8,3,0.9,0.1,0.4921875,0.046875,0.04178146152880739,84.0,110.0,1980114891
4,8,3,0.95,0.1,0.4921875,0.046875,0.04178146152880739,98.0,115.0,1980114891
4,8,3,0.99,0.1,0.4921875,0.046875,0.04178146152880739,103.0,inf,1980114891
4,8,3,0.8,0.1,0.4921875,0.046875,1.0065258789868439e-40,inf,inf,1980114891
4,8,3,0.85,0.1,0.4921875,0.046875,1.0065258789868439e-40,inf,inf,1980114891
4,8,3,0.9,0.1,0.4921875,0.046875,1.0065258789868439e-40,inf,inf,1980114891
4,8,3,0.95,0.1,0.4921875,0.046875,1.0065258789868439e-40,inf,inf,1980114891
4,8,3,0.99,0.1,0.4921875,0.046875,1.0065258789868439e-40,inf,inf,1980114891
4,8,3,0.8,0.1,0.4921875,0.046875,3.2987744744173143e-38,inf,inf,1980114891
4,8,3,0.85,0.1,0.4921875,0.046875,3.2987744744173143e-38,inf,inf,1980114891
4,8,3,0.9,0.1,0.4921875,0.046875,3.2987744744173143e-38,inf,inf,1980114891
4,8,3,0.95,0.1,0.4921875,0.046875,3.2987744744173143e-38,inf,inf,1980114891
4,8,3,0.99,0.1,0.4921875,0.046875,3.2987744744173143e-38,inf,inf,1980114891
4,8,3,0.8,0.1,0.4921875,0.046875,2.4284639204320755e-36,inf,inf,1980114891
4,8,3,0.85,0.1,0.4921875,0.046875,2.4284639204320755e-36,inf,inf,1980114891
4,8,3,0.9,0.1,0.4921875,0.046875,2.4284639204320755e-36,inf,inf,1980114891
4,8,3,0.95,0.1,0.4921875,0.046875,2.4284639204320755e-36,inf,inf,1980114891
4,8,3,0.99,0.1,0.4921875,0.046875,2.4284639204320755e-36,inf,inf,1980114891
4,8,3,0.8,0.1,0.4921875,0.046875,2.1399854105562674e-35,inf,inf,1980114891
4,8,3,0.85,0.1,0.4921875,0.046875,2.1399854105562674e-35,inf,inf,1980114891
4,8,3,0.9,0.1,0.4921875,0.046875,2.1399854105562674e-35,inf,inf,1980114891
4,8,3,0.95,0.1,0.4921875,0.046875,2.1399854105562674e-35,inf,inf,1980114891
4,8,3,0.99,0.1,0.4921875,0.046875,2.1399854105562674e-35,inf,inf,1980114891
4,8,3,0.8,0.1,0.4921875,0.046875,3.4419396492646693e-35,inf,inf,1980114891
4,8,3,0.85,0.1,0.4921875,0.046875,3.4419396492646693e-35,inf,inf,1980114891
4,8,3,0.9,0.1,0.4921875,0.046875,3.4419396492646693e-35,inf,inf,1980114891
4,8,3,0.95,0.1,0.4921875,0.046875,3.4419396492646693e-35,inf,inf,1980114891
4,8,3,0.99,0.1,0.4921875,0.046875,3.4419396492646693e-35,inf,inf,1980114891
7,8,3,0.8,1.0,0.4765625,0.05078125,0.042644136031948277,10.0,32.0,540402517
7,8,3,0.85,1.0,0.4765625,0.05078125,0.042644136031948277,14.0,34.0,540402517
7,8,3,0.9,1.0,0.4765625,0.05078125,0.042644136031948277,20.0,54.0,540402517
7,8,3,0.95,1.0,0.4765625,0.05078125,0.042644136031948277,38.0,54.0,540402517
7,8,3,0.99,1.0,0.4765625,0.05078125,0.042644136031948277,58.0,inf,540402517
7,8,3,0.8,1.0,0.4765625,0.05078125,0.05325655102402771,10.0,inf,540402517
7,8,3,0.85,1.0,0.4765625,0.05078125,0.05325655102402771,21.0,inf,540402517
7,8,3,0.9,1.0,0.4765625,0.05078125,0.05325655102402771,25.0,37.0,540402517
7,8,3,0.95,1.0,0.4765625,0.05078125,0.05325655102402771,39.0,60.0,540402517
7,8,3,0.99,1.0,0.4765625,0.05078125,0.05325655102402771,56.0,80.0,540402517
7,8,3,0.8,1.0,0.4765625,0.05078125,0.06286130307587036,12.0,44.0,540402517
7,8,3,0.85,1.0,0.4765625,0.05078125,0.06286130307587036,19.0,45.0,540402517
7,8,3,0.9,1.0,0.4765625,0.05078125,0.06286130307587036,22.0,53.0,540402517
7,8,3,0.95,1.0,0.4765625,0.05078125,0.06286130307587036,31.0,51.0,540402517
7,8,3,0.99,1.0,0.4765625,0.05078125,0.06286130307587036,62.0,83.0,540402517
7,8,3,0.8,1.0,0.4765625,0.05078125,0.17383610967110968,12.0,21.0,540402517
7,8,3,0.85,1.0,0.4765625,0.05078125,0.17383610967110968,19.0,37.0,540402517
7,8,3,0.9,1.0,0.4765625,0.05078125,0.17383610967110968,22.0,inf,540402517
7,8,3,0.95,1.0,0.4765625,0.05078125,0.17383610967110968,31.0,46.0,540402517
7,8,3,0.99,1.0,0.4765625,0.05078125,0.17383610967110968,62.0,71.0,540402517
7,8,3,0.8,1.0,0.4765625,0.05078125,0.41906958193716837,10.0,14.0,540402517
7,8,3,0.85,1.0,0.4765625,0.05078125,0.41906958193716837,14.0,19.0,540402517
7,8,3,0.9,1.0,0.4765625,0.05078125,0.41906958193716837,20.0,33.0,540402517
7,8,3,0.95,1.0,0.4765625,0.05078125,0.41906958193716837,38.0,58.0,540402517
7,8,3,0.99,1.0,0.4765625,0.05078125,0.41906958193716837,58.0,89.0,540402517
7,8,3,0.8,1.0,0.4765625,0.05078125,5.22190731411989e-39,inf,inf,540402517
7,8,3,0.85,1.0,0.4765625,0.05078125,5.22190731411989e-39,inf,inf,540402517
7,8,3,0.9,1.0,0.4765625,0.05078125,5.22190731411989e-39,inf,inf,540402517
7,8,3,0.95,1.0,0.4765625,0.05078125,5.22190731411989e-39,inf,inf,540402517
7,8,3,0.99,1.0,0.4765625,0.05078125,5.22190731411989e-39,inf,inf,540402517
7,8,3,0.8,1.0,0.4765625,0.05078125,1.692711865184094e-36,inf,inf,540402517
7,8,3,0.85,1.0,0.4765625,0.05078125,1.692711865184094e-36,inf,inf,540402517
7,8,3,0.9,1.0,0.4765625,0.05078125,1.692711865184094e-36,inf,inf,540402517
7,8,3,0.95,1.0,0.4765625,0.05078125,1.692711865184094e-36,inf,inf,540402517
7,8,3,0.99,1.0,0.4765625,0.05078125,1.692711865184094e-36,inf,inf,540402517
7,8,3,0.8,1.0,0.4765625,0.05078125,4.70197740328915e-36,inf,inf,540402517
7,8,3,0.85,1.0,0.4765625,0.05078125,4.70197740328915e-36,inf,inf,540402517
7,8,3,0.9,1.0,0.4765625,0.05078125,4.70197740328915e-36,inf,inf,540402517
7,8,3,0.95,1.0,0.4765625,0.05078125,4.70197740328915e-36,inf,inf,540402517
7,8,3,0.99,1.0,0.4765625,0.05078125,4.70197740328915e-36,inf,inf,540402517
7,8,3,0.8,1.0,0.4765625,0.05078125,1.2037062152420224e-35,inf,inf,540402517
7,8,3,0.85,1.0,0.4765625,0.05078125,1.2037062152420224e-35,inf,inf,540402517
7,8,3,0.9,1.0,0.4765625,0.05078125,1.2037062152420224e-35,inf,inf,540402517
7,8,3,0.95,1.0,0.4765625,0.05078125,1.2037062152420224e-35,inf,inf,540402517
7,8,3,0.99,1.0,0.4765625,0.05078125,1.2037062152420224e-35,inf,inf,540402517
7,8,3,0.8,1.0,0.4765625,0.05078125,3.1480473398990123e-35,inf,inf,540402517
7,8,3,0.85,1.0,0.4765625,0.05078125,3.1480473398990123e-35,inf,inf,540402517
7,8,3,0.9,1.0,0.4765625,0.05078125,3.1480473398990123e-35,inf,inf,540402517
7,8,3,0.95,1.0,0.4765625,0.05078125,3.1480473398990123e-35,inf,inf,540402517
7,8,3,0.99,1.0,0.4765625,0.05078125,3.1480473398990123e-35,inf,inf,540402517
4,10,1,0.8,0.1,0.03125,0.005859375,0.045947845400773846,24.0,25.0,2365744358
4,10,1,0.85,0.1,0.03125,0.005859375,0.045947845400773846,25.0,25.0,2365744358
4,10,1,0.9,0.1,0.03125,0.005859375,0.045947845400773846,28.0,31.0,2365744358
4,10,1,0.95,0.1,0.03125,0.005859375,0.045947845400773846,30.0,31.0,2365744358
4,10,1,0.99,0.1,0.03125,0.005859375,0.045947845400773846,32.0,32.0,2365744358
4,10,1,0.8,0.1,0.03125,0.005859375,0.060442629537665694,24.0,31.0,2365744358
4,10,1,0.85,0.1,0.03125,0.005859375,0.060442629537665694,25.0,31.0,2365744358
4,10,1,0.9,0.1,0.03125,0.005859375,0.060442629537665694,28.0,29.0,2365744358
4,10,1,0.95,0.1,0.03125,0.005859375,0.060442629537665694,30.0,31.0,2365744358
4,10,1,0.99,0.1,0.03125,0.005859375,0.060442629537665694,32.0,inf,2365744358
4,10,1,0.8,0.1,0.03125,0.005859375,0.06213844766362443,24.0,28.0,2365744358
4,10,1,0.85,0.1,0.03125,0.005859375,0.06213844766362443,25.0,27.0,2365744358
4,10,1,0.9,0.1,0.03125,0.005859375,0.06213844766362443,28.0,28.0,2365744358
4,10,1,0.95,0.1,0.03125,0.005859375,0.06213844766362443,30.0,30.0,2365744358
4,10,1,0.99,0.1,0.03125,0.005859375,0.06213844766362443,32.0,32.0,2365744358
4,10,1,0.8,0.1,0.03125,0.005859375,0.06763206131200343,24.0,inf,2365744358
4,10,1,0.85,0.1,0.03125,0.005859375,0.06763206131200343,25.0,28.0,2365744358
4,10,1,0.9,0.1,0.03125,0.005859375,0.06763206131200343,28.0,28.0,2365744358
4,10,1,0.95,0.1,0.03125,0.005859375,0.06763206131200343,30.0,inf,2365744358
4,10,1,0.99,0.1,0.03125,0.005859375,0.06763206131200343,32.0,32.0,2365744358
4,10,1,0.8,0.1,0.03125,0.005859375,0.06952959085937986,24.0,24.0,2365744358
4,10,1,0.85,0.1,0.03125,0.005859375,0.06952959085937986,25.0,29.0,2365744358
4,10,1,0.9,0.1,0.03125,0.005859375,0.06952959085937986,28.0,29.0,2365744358
4,10,1,0.95,0.1,0.03125,0.005859375,0.06952959085937986,30.0,30.0,2365744358
4,10,1,0.99,0.1,0.03125,0.005859375,0.06952959085937986,32.0,32.0,2365744358
4,10,1,0.8,0.1,0.03125,0.005859375,4.257608475649421e-75,inf,inf,2365744358
4,10,1,0.85,0.1,0.03125,0.005859375,4.257608475649421e-75,inf,inf,2365744358
4,10,1,0.9,0.1,0.03125,0.005859375,4.257608475649421e-75,inf,inf,2365744358
4,10,1,0.95,0.1,0.03125,0.005859375,4.257608475649421e-75,inf,inf,2365744358
4,10,1,0.99,0.1,0.03125,0.005859375,4.257608475649421e-75,inf,inf,2365744358
4,10,1,0.8,0.1,0.03125,0.005859375,8.769154457083244e-54,inf,inf,2365744358
4,10,1,0.85,0.1,0.03125,0.005859375,8.769154457083244e-54,inf,inf,2365744358
4,10,1,0.9,0.1,0.03125,0.005859375,8.769154457083244e-54,inf,inf,2365744358
4,10,1,0.95,0.1,0.03125,0.005859375,8.769154457083244e-54,inf,inf,2365744358
4,10,1,0.99,0.1,0.03125,0.005859375,8.769154457083244e-54,inf,inf,2365744358
4,10,1,0.8,0.1,0.03125,0.005859375,2.0712364523280026e-53,inf,inf,2365744358
4,10,1,0.85,0.1,0.03125,0.005859375,2.0712364523280026e-53,inf,inf,2365744358
4,10,1,0.9,0.1,0.03125,0.005859375,2.0712364523280026e-53,inf,inf,2365744358
4,10,1,0.95,0.1,0.03125,0.005859375,2.0712364523280026e-53,inf,inf,2365744358
4,10,1,0.99,0.1,0.03125,0.005859375,2.0712364523280026e-53,inf,inf,2365744358
4,10,1,0.8,0.1,0.03125,0.005859375,4.6007226696839953e-51,inf,inf,2365744358
4,10,1,0.85,0.1,0.03125,0.005859375,4.6007226696839953e-51,inf,inf,2365744358
4,10,1,0.9,0.1,0.03125,0.005859375,4.6007226696839953e-51,inf,inf,2365744358
4,10,1,0.95,0.1,0.03125,0.005859375,4.6007226696839953e-51,inf,inf,2365744358
4,10,1,0.99,0.1,0.03125,0.005859375,4.6007226696839953e-51,inf,inf,2365744358
4,10,1,0.8,0.1,0.03125,0.005859375,7.08826474985229e-42,inf,inf,2365744358
4,10,1,0.85,0.1,0.03125,0.005859375,7.08826474985229e-42,inf,inf,2365744358
4,10,1,0.9,0.1,0.03125,0.005859375,7.08826474985229e-42,inf,inf,2365744358
4,10,1,0.95,0.1,0.03125,0.005859375,7.08826474985229e-42,inf,inf,2365744358
4,10,1,0.99,0.1,0.03125,0.005859375,7.08826474985229e-42,inf,inf,2365744358
7,10,2,0.8,1.0,0.158203125,0.0107421875,0.036118436929117,9.0,30.0,2944241545
7,10,2,0.85,1.0,0.158203125,0.0107421875,0.036118436929117,15.0,30.0,2944241545
7,10,2,0.9,1.0,0.158203125,0.0107421875,0.036118436929117,22.0,55.0,2944241545
7,10,2,0.95,1.0,0.158203125,0.0107421875,0.036118436929117,52.0,79.0,2944241545
7,10,2,0.99,1.0,0.158203125,0.0107421875,0.036118436929117,67.0,inf,2944241545
7,10,2,0.8,1.0,0.158203125,0.0107421875,0.041399894997577374,7.0,24.0,2944241545
7,10,2,0.85,1.0,0.158203125,0.0107421875,0.041399894997577374,14.0,inf,2944241545
7,10,2,0.9,1.0,0.158203125,0.0107421875,0.041399894997577374,21.0,inf,2944241545
7,10,2,0.95,1.0,0.158203125,0.0107421875,0.041399894997577374,57.0,78.0,2944241545
7,10,2,0.99,1.0,0.158203125,0.0107421875,0.041399894997577374,69.0,127.0,2944241545
7,10,2,0.8,1.0,0.158203125,0.0107421875,0.09646918809962757,7.0,17.0,2944241545
7,10,2,0.85,1.0,0.158203125,0.0107421875,0.09646918809962757,13.0,27.0,2944241545
7,10,2,0.9,1.0,0.158203125,0.0107421875,0.09646918809962757,51.0,43.0,2944241545
7,10,2,0.95,1.0,0.158203125,0.0107421875,0.09646918809962757,58.0,80.0,2944241545
7,10,2,0.99,1.0,0.158203125,0.0107421875,0.09646918809962757,64.0,78.0,2944241545
7,10,2,0.8,1.0,0.158203125,0.0107421875,0.1870859286514968,9.0,23.0,2944241545
7,10,2,0.85,1.0,0.158203125,0.0107421875,0.1870859286514968,15.0,27.0,2944241545
7,10,2,0.9,1.0,0.158203125,0.0107421875,0.1870859286514968,22.0,inf,2944241545
7,10,2,0.95,1.0,0.158203125,0.0107421875,0.1870859286514968,52.0,67.0,2944241545
7,10,2,0.99,1.0,0.158203125,0.0107421875,0.1870859286514968,67.0,92.0,2944241545
7,10,2,0.8,1.0,0.158203125,0.0107421875,0.43594380234372293,9.0,19.0,2944241545
7,10,2,0.85,1.0,0.158203125,0.0107421875,0.43594380234372293,16.0,25.0,2944241545
7,10,2,0.9,1.0,0.158203125,0.0107421875,0.43594380234372293,50.0,32.0,2944241545
7,10,2,0.95,1.0,0.158203125,0.0107421875,0.43594380234372293,70.0,58.0,2944241545
7,10,2,0.99,1.0,0.158203125,0.0107421875,0.43594380234372293,73.0,inf,2944241545
7,10,2,0.8,1.0,0.158203125,0.0107421875,0.0,inf,inf,2944241545
7,10,2,0.85,1.0,0.158203125,0.0107421875,0.0,inf,inf,2944241545
7,10,2,0.9,1.0,0.158203125,0.0107421875,0.0,inf,inf,2944241545
7,10,2,0.95,1.0,0.158203125,0.0107421875,0.0,inf,inf,2944241545
7,10,2,0.99,1.0,0.158203125,0.0107421875,0.0,inf,inf,2944241545
7,10,2,0.8,1.0,0.158203125,0.0107421875,0.0,inf,inf,2944241545
7,10,2,0.85,1.0,0.158203125,0.0107421875,0.0,inf,inf,2944241545
7,10,2,0.9,1.0,0.158203125,0.0107421875,0.0,inf,inf,2944241545
7,10,2,0.95,1.0,0.158203125,0.0107421875,0.0,inf,inf,2944241545
7,10,2,0.99,1.0,0.158203125,0.0107421875,0.0,inf,inf,2944241545
7,10,2,0.8,1.0,0.158203125,0.0107421875,0.0,inf,inf,2944241545
7,10,2,0.85,1.0,0.158203125,0.0107421875,0.0,inf,inf,2944241545
7,10,2,0.9,1.0,0.158203125,0.0107421875,0.0,inf,inf,2944241545
7,10,2,0.95,1.0,0.158203125,0.0107421875,0.0,inf,inf,2944241545
7,10,2,0.99,1.0,0.158203125,0.0107421875,0.0,inf,inf,2944241545
7,10,2,0.8,1.0,0.158203125,0.0107421875,0.0,inf,inf,2944241545
7,10,2,0.85,1.0,0.158203125,0.0107421875,0.0,inf,inf,2944241545
7,10,2,0.9,1.0,0.158203125,0.0107421875,0.0,inf,inf,2944241545
7,10,2,0.95,1.0,0.158203125,0.0107421875,0.0,inf,inf,2944241545
7,10,2,0.99,1.0,0.158203125,0.0107421875,0.0,inf,inf,2944241545
7,10,2,0.8,1.0,0.158203125,0.0107421875,2.2865618925210244e-44,inf,inf,2944241545
7,10,2,0.85,1.0,0.158203125,0.0107421875,2.2865618925210244e-44,inf,inf,2944241545
7,10,2,0.9,1.0,0.158203125,0.0107421875,2.2865618925210244e-44,inf,inf,2944241545
7,10,2,0.95,1.0,0.158203125,0.0107421875,2.2865618925210244e-44,inf,inf,2944241545
7,10,2,0.99,1.0,0.158203125,0.0107421875,2.2865618925210244e-44,inf,inf,2944241545
7,10,3,0.8,1.0,0.283203125,0.015625,0.019848721237085594,3.0,9.0,1437983121
7,10,3,0.85,1.0,0.283203125,0.015625,0.019848721237085594,16.0,14.0,1437983121
7,10,3,0.9,1.0,0.283203125,0.015625,0.019848721237085594,23.0,77.0,1437983121
7,10,3,0.95,1.0,0.283203125,0.015625,0.019848721237085594,45.0,73.0,1437983121
7,10,3,0.99,1.0,0.283203125,0.015625,0.019848721237085594,97.0,174.0,1437983121
7,10,3,0.8,1.0,0.283203125,0.015625,0.020894525985598992,3.0,21.0,1437983121
7,10,3,0.85,1.0,0.283203125,0.015625,0.020894525985598992,9.0,30.0,1437983121
7,10,3,0.9,1.0,0.283203125,0.015625,0.020894525985598992,33.0,32.0,1437983121
7,10,3,0.95,1.0,0.283203125,0.015625,0.020894525985598992,78.0,93.0,1437983121
7,10,3,0.99,1.0,0.283203125,0.015625,0.020894525985598992,119.0,221.0,1437983121
7,10,3,0.8,1.0,0.283203125,0.015625,0.04560681999241845,3.0,37.0,1437983121
7,10,3,0.85,1.0,0.283203125,0.015625,0.04560681999241845,4.0,39.0,1437983121
7,10,3,0.9,1.0,0.283203125,0.015625,0.04560681999241845,22.0,46.0,1437983121
7,10,3,0.95,1.0,0.283203125,0.015625,0.04560681999241845,44.0,inf,1437983121
7,10,3,0.99,1.0,0.283203125,0.015625,0.04560681999241845,86.0,219.0,1437983121
7,10,3,0.8,1.0,0.283203125,0.015625,0.05424735285406493,3.0,13.0,1437983121
7,10,3,0.85,1.0,0.283203125,0.015625,0.05424735285406493,7.0,13.0,1437983121
7,10,3,0.9,1.0,0.283203125,0.015625,0.05424735285406493,18.0,49.0,1437983121
7,10,3,0.95,1.0,0.283203125,0.015625,0.05424735285406493,51.0,72.0,1437983121
7,10,3,0.99,1.0,0.283203125,0.015625,0.05424735285406493,117.0,244.0,1437983121
7,10,3,0.8,1.0,0.283203125,0.015625,0.7421254734634213,3.0,11.0,1437983121
7,10,3,0.85,1.0,0.283203125,0.015625,0.7421254734634213,16.0,11.0,1437983121
7,10,3,0.9,1.0,0.283203125,0.015625,0.7421254734634213,76.0,11.0,1437983121
7,10,3,0.95,1.0,0.283203125,0.015625,0.7421254734634213,89.0,19.0,1437983121
7,10,3,0.99,1.0,0.283203125,0.015625,0.7421254734634213,131.0,84.0,1437983121
7,10,3,0.8,1.0,0.283203125,0.015625,0.0,inf,inf,1437983121
7,10,3,0.85,1.0,0.283203125,0.015625,0.0,inf,inf,1437983121
7,10,3,0.9,1.0,0.283203125,0.015625,0.0,inf,inf,1437983121
7,10,3,0.95,1.0,0.283203125,0.015625,0.0,inf,inf,1437983121
7,10,3,0.99,1.0,0.283203125,0.015625,0.0,inf,inf,1437983121
7,10,3,0.8,1.0,0.283203125,0.015625,0.0,inf,inf,1437983121
7,10,3,0.85,1.0,0.283203125,0.015625,0.0,inf,inf,1437983121
7,10,3,0.9,1.0,0.283203125,0.015625,0.0,inf,inf,1437983121
7,10,3,0.95,1.0,0.283203125,0.015625,0.0,inf,inf,1437983121
7,10,3,0.99,1.0,0.283203125,0.015625,0.0,inf,inf,1437983121
7,10,3,0.8,1.0,0.283203125,0.015625,1.0041038217340164e-44,inf,inf,1437983121
7,10,3,0.85,1.0,0.283203125,0.015625,1.0041038217340164e-44,inf,inf,1437983121
7,10,3,0.9,1.0,0.283203125,0.015625,1.0041038217340164e-44,inf,inf,1437983121
7,10,3,0.95,1.0,0.283203125,0.015625,1.0041038217340164e-44,inf,inf,1437983121
7,10,3,0.99,1.0,0.283203125,0.015625,1.0041038217340164e-44,inf,inf,1437983121
7,10,3,0.8,1.0,0.283203125,0.015625,2.591334432838779e-44,inf,inf,1437983121
7,10,3,0.85,1.0,0.283203125,0.015625,2.591334432838779e-44,inf,inf,1437983121
7,10,3,0.9,1.0,0.283203125,0.015625,2.591334432838779e-44,inf,inf,1437983121
7,10,3,0.95,1.0,0.283203125,0.015625,2.591334432838779e-44,inf,inf,1437983121
7,10,3,0.99,1.0,0.283203125,0.015625,2.591334432838779e-44,inf,inf,1437983121
7,10,3,0.8,1.0,0.283203125,0.015625,4.467631415137246e-44,inf,inf,1437983121
7,10,3,0.85,1.0,0.283203125,0.015625,4.467631415137246e-44,inf,inf,1437983121
7,10,3,0.9,1.0,0.283203125,0.015625,4.467631415137246e-44,inf,inf,1437983121
7,10,3,0.95,1.0,0.283203125,0.015625,4.467631415137246e-44,inf,inf,1437983121
7,10,3,0.99,1.0,0.283203125,0.015625,4.467631415137246e-44,inf,inf,1437983121
0,12,1,0.8,10.0,0.001953125,0.001708984375,0.0002500507462377073,2.0,inf,770281466
0,12,1,0.85,10.0,0.001953125,0.001708984375,0.0002500507462377073,2.0,inf,770281466
0,12,1,0.9,10.0,0.001953125,0.001708984375,0.0002500507462377073,2.0,inf,770281466
0,12,1,0.95,10.0,0.001953125,0.001708984375,0.0002500507462377073,2.0,inf,770281466
0,12,1,0.99,10.0,0.001953125,0.001708984375,0.0002500507462377073,2.0,inf,770281466
0,12,1,0.8,10.0,0.001953125,0.001708984375,0.000383693548470206,2.0,inf,770281466
0,12,1,0.85,10.0,0.001953125,0.001708984375,0.000383693548470206,2.0,inf,770281466
0,12,1,0.9,10.0,0.001953125,0.001708984375,0.000383693548470206,2.0,inf,770281466
0,12,1,0.95,10.0,0.001953125,0.001708984375,0.000383693548470206,2.0,inf,770281466
0,12,1,0.99,10.0,0.001953125,0.001708984375,0.000383693548470206,2.0,inf,770281466
0,12,1,0.8,10.0,0.001953125,0.001708984375,0.0010803883888526973,2.0,inf,770281466
0,12,1,0.85,10.0,0.001953125,0.001708984375,0.0010803883888526973,2.0,inf,770281466
0,12,1,0.9,10.0,0.001953125,0.001708984375,0.0010803883888526973,2.0,inf,770281466
0,12,1,0.95,10.0,0.001953125,0.001708984375,0.0010803883888526973,2.0,inf,770281466
0,12,1,0.99,10.0,0.001953125,0.001708984375,0.0010803883888526973,2.0,inf,770281466
0,12,1,0.8,10.0,0.001953125,0.001708984375,0.0024509360430228734,2.0,inf,770281466
0,12,1,0.85,10.0,0.001953125,0.001708984375,0.0024509360430228734,2.0,inf,770281466
0,12,1,0.9,10.0,0.001953125,0.001708984375,0.0024509360430228734,2.0,inf,770281466
0,12,1,0.95,10.0,0.001953125,0.001708984375,0.0024509360430228734,2.0,inf,770281466
0,12,1,0.99,10.0,0.001953125,0.001708984375,0.0024509360430228734,2.0,inf,770281466
0,12,1,0.8,10.0,0.001953125,0.001708984375,0.9957786422985019,2.0,inf,770281466
0,12,1,0.85,10.0,0.001953125,0.001708984375,0.9957786422985019,2.0,inf,770281466
0,12,1,0.9,10.0,0.001953125,0.001708984375,0.9957786422985019,2.0,inf,770281466
0,12,1,0.95,10.0,0.001953125,0.001708984375,0.9957786422985019,2.0,inf,770281466
0,12,1,0.99,10.0,0.001953125,0.001708984375,0.9957786422985019,2.0,inf,770281466
0,12,1,0.8,10.0,0.001953125,0.001708984375,5.311756799538301e-40,inf,inf,770281466
0,12,1,0.85,10.0,0.001953125,0.001708984375,5.311756799538301e-40,inf,inf,770281466
0,12,1,0.9,10.0,0.001953125,0.001708984375,5.311756799538301e-40,inf,inf,770281466
0,12,1,0.95,10.0,0.001953125,0.001708984375,5.311756799538301e-40,inf,inf,770281466
0,12,1,0.99,10.0,0.001953125,0.001708984375,5.311756799538301e-40,inf,inf,770281466
0,12,1,0.8,10.0,0.001953125,0.001708984375,6.709714628398931e-40,inf,inf,770281466
0,12,1,0.85,10.0,0.001953125,0.001708984375,6.709714628398931e-40,inf,inf,770281466
0,12,1,0.9,10.0,0.001953125,0.001708984375,6.709714628398931e-40,inf,inf,770281466
0,12,1,0.95,10.0,0.001953125,0.001708984375,6.709714628398931e-40,inf,inf,770281466
0,12,1,0.99,10.0,0.001953125,0.001708984375,6.709714628398931e-40,inf,inf,770281466
0,12,1,0.8,10.0,0.001953125,0.001708984375,1.479816026805784e-39,inf,inf,770281466
0,12,1,0.85,10.0,0.001953125,0.001708984375,1.479816026805784e-39,inf,inf,770281466
0,12,1,0.9,10.0,0.001953125,0.001708984375,1.479816026805784e-39,inf,inf,770281466
0,12,1,0.95,10.0,0.001953125,0.001708984375,1.479816026805784e-39,inf,inf,770281466
0,12,1,0.99,10.0,0.001953125,0.001708984375,1.479816026805784e-39,inf,inf,770281466
0,12,1,0.8,10.0,0.001953125,0.001708984375,2.81063925591949e-39,inf,inf,770281466
0,12,1,0.85,10.0,0.001953125,0.001708984375,2.81063925591949e-39,inf,inf,770281466
0,12,1,0.9,10.0,0.001953125,0.001708984375,2.81063925591949e-39,inf,inf,770281466
0,12,1,0.95,10.0,0.001953125,0.001708984375,2.81063925591949e-39,inf,inf,770281466
0,12,1,0.99,10.0,0.001953125,0.001708984375,2.81063925591949e-39,inf,inf,770281466
0,12,1,0.8,10.0,0.001953125,0.001708984375,4.972448508798482e-39,inf,inf,770281466
0,12,1,0.85,10.0,0.001953125,0.001708984375,4.972448508798482e-39,inf,inf,770281466
0,12,1,0.9,10.0,0.001953125,0.001708984375,4.972448508798482e-39,inf,inf,770281466
0,12,1,0.95,10.0,0.001953125,0.001708984375,4.972448508798482e-39,inf,inf,770281466
0,12,1,0.99,10.0,0.001953125,0.001708984375,4.972448508798482e-39,inf,inf,770281466
7,12,1,0.8,1.0,0.010009765625,0.001708984375,0.04297259690601271,5.0,5.0,2709210405
7,12,1,0.85,1.0,0.010009765625,0.001708984375,0.04297259690601271,6.0,6.0,2709210405
7,12,1,0.9,1.0,0.010009765625,0.001708984375,0.04297259690601271,6.0,6.0,2709210405
7,12,1,0.95,1.0,0.010009765625,0.001708984375,0.04297259690601271,7.0,12.0,2709210405
7,12,1,0.99,1.0,0.010009765625,0.001708984375,0.04297259690601271,15.0,18.0,2709210405
7,12,1,0.8,1.0,0.010009765625,0.001708984375,0.09536027511609416,6.0,inf,2709210405
7,12,1,0.85,1.0,0.010009765625,0.001708984375,0.09536027511609416,7.0,inf,2709210405
7,12,1,0.9,1.0,0.010009765625,0.001708984375,0.09536027511609416,7.0,inf,2709210405
7,12,1,0.95,1.0,0.010009765625,0.001708984375,0.09536027511609416,8.0,inf,2709210405
7,12,1,0.99,1.0,0.010009765625,0.001708984375,0.09536027511609416,16.0,21.0,2709210405
7,12,1,0.8,1.0,0.010009765625,0.001708984375,0.1094596767927228,5.0,9.0,2709210405
7,12,1,0.85,1.0,0.010009765625,0.001708984375,0.1094596767927228,7.0,6.0,2709210405
7,12,1,0.9,1.0,0.010009765625,0.001708984375,0.1094596767927228,7.0,8.0,2709210405
7,12,1,0.95,1.0,0.010009765625,0.001708984375,0.1094596767927228,8.0,10.0,2709210405
7,12,1,0.99,1.0,0.010009765625,0.001708984375,0.1094596767927228,16.0,18.0,2709210405
7,12,1,0.8,1.0,0.010009765625,0.001708984375,0.18253634780034542,5.0,6.0,2709210405
7,12,1,0.85,1.0,0.010009765625,0.001708984375,0.18253634780034542,7.0,9.0,2709210405
7,12,1,0.9,1.0,0.010009765625,0.001708984375,0.18253634780034542,7.0,14.0,2709210405
7,12,1,0.95,1.0,0.010009765625,0.001708984375,0.18253634780034542,8.0,8.0,2709210405
7,12,1,0.99,1.0,0.010009765625,0.001708984375,0.18253634780034542,16.0,18.0,2709210405
7,12,1,0.8,1.0,0.010009765625,0.001708984375,0.46495606669640704,5.0,6.0,2709210405
7,12,1,0.85,1.0,0.010009765625,0.001708984375,0.46495606669640704,6.0,8.0,2709210405
7,12,1,0.9,1.0,0.010009765625,0.001708984375,0.46495606669640704,6.0,10.0,2709210405
7,12,1,0.95,1.0,0.010009765625,0.001708984375,0.46495606669640704,7.0,10.0,2709210405
7,12,1,0.99,1.0,0.010009765625,0.001708984375,0.46495606669640704,15.0,inf,2709210405
7,12,1,0.8,1.0,0.010009765625,0.001708984375,1.1710033758802933e-38,inf,inf,2709210405
7,12,1,0.85,1.0,0.010009765625,0.001708984375,1.1710033758802933e-38,inf,inf,2709210405
7,12,1,0.9,1.0,0.010009765625,0.001708984375,1.1710033758802933e-38,inf,inf,2709210405
7,12,1,0.95,1.0,0.010009765625,0.001708984375,1.1710033758802933e-38,inf,inf,2709210405
7,12,1,0.99,1.0,0.010009765625,0.001708984375,1.1710033758802933e-38,inf,inf,2709210405
7,12,1,0.8,1.0,0.010009765625,0.001708984375,5.951000103518452e-38,inf,inf,2709210405
7,12,1,0.85,1.0,0.010009765625,0.001708984375,5.951000103518452e-38,inf,inf,2709210405
7,12,1,0.9,1.0,0.010009765625,0.001708984375,5.951000103518452e-38,inf,inf,2709210405
7,12,1,0.95,1.0,0.010009765625,0.001708984375,5.951000103518452e-38,inf,inf,2709210405
7,12,1,0.99,1.0,0.010009765625,0.001708984375,5.951000103518452e-38,inf,inf,2709210405
7,12,1,0.8,1.0,0.010009765625,0.001708984375,6.34754437086522e-38,inf,inf,2709210405
7,12,1,0.85,1.0,0.010009765625,0.001708984375,6.34754437086522e-38,inf,inf,2709210405
7,12,1,0.9,1.0,0.010009765625,0.001708984375,6.34754437086522e-38,inf,inf,2709210405
7,12,1,0.95,1.0,0.010009765625,0.001708984375,6.34754437086522e-38,inf,inf,2709210405
7,12,1,0.99,1.0,0.010009765625,0.001708984375,6.34754437086522e-38,inf,inf,2709210405
7,12,1,0.8,1.0,0.010009765625,0.001708984375,6.702442735343565e-38,inf,inf,2709210405
7,12,1,0.85,1.0,0.010009765625,0.001708984375,6.702442735343565e-38,inf,inf,2709210405
7,12,1,0.9,1.0,0.010009765625,0.001708984375,6.702442735343565e-38,inf,inf,2709210405
7,12,1,0.95,1.0,0.010009765625,0.001708984375,6.702442735343565e-38,inf,inf,2709210405
7,12,1,0.99,1.0,0.010009765625,0.001708984375,6.702442735343565e-38,inf,inf,2709210405
7,12,1,0.8,1.0,0.010009765625,0.001708984375,8.901231600387801e-38,inf,inf,2709210405
7,12,1,0.85,1.0,0.010009765625,0.001708984375,8.901231600387801e-38,inf,inf,2709210405
7,12,1,0.9,1.0,0.010009765625,0.001708984375,8.901231600387801e-38,inf,inf,2709210405
7,12,1,0.95,1.0,0.010009765625,0.001708984375,8.901231600387801e-38,inf,inf,2709210405
7,12,1,0.99,1.0,0.010009765625,0.001708984375,8.901231600387801e-38,inf,inf,2709210405
0,12,2,0.8,10.0,0.005615234375,0.003173828125,0.001165119008742254,2.0,inf,2120151021
0,12,2,0.85,10.0,0.005615234375,0.003173828125,0.001165119008742254,2.0,inf,2120151021
0,12,2,0.9,10.0,0.005615234375,0.003173828125,0.001165119008742254,2.0,inf,2120151021
0,12,2,0.95,10.0,0.005615234375,0.003173828125,0.001165119008742254,2.0,inf,2120151021
0,12,2,0.99,10.0,0.005615234375,0.003173828125,0.001165119008742254,2.0,inf,2120151021
0,12,2,0.8,10.0,0.005615234375,0.003173828125,0.001363925609124198,2.0,inf,2120151021
0,12,2,0.85,10.0,0.005615234375,0.003173828125,0.001363925609124198,2.0,inf,2120151021
0,12,2,0.9,10.0,0.005615234375,0.003173828125,0.001363925609124198,2.0,inf,2120151021
0,12,2,0.95,10.0,0.005615234375,0.003173828125,0.001363925609124198,2.0,inf,2120151021
0,12,2,0.99,10.0,0.005615234375,0.003173828125,0.001363925609124198,2.0,inf,2120151021
0,12,2,0.8,10.0,0.005615234375,0.003173828125,0.001533660271095406,2.0,inf,2120151021
0,12,2,0.85,10.0,0.005615234375,0.003173828125,0.001533660271095406,2.0,inf,2120151021
0,12,2,0.9,10.0,0.005615234375,0.003173828125,0.001533660271095406,2.0,inf,2120151021
0,12,2,0.95,10.0,0.005615234375,0.003173828125,0.001533660271095406,2.0,inf,2120151021
0,12,2,0.99,10.0,0.005615234375,0.003173828125,0.001533660271095406,2.0,inf,2120151021
0,12,2,0.8,10.0,0.005615234375,0.003173828125,0.0016051001093631673,2.0,3.0,2120151021
0,12,2,0.85,10.0,0.005615234375,0.003173828125,0.0016051001093631673,2.0,3.0,2120151021
0,12,2,0.9,10.0,0.005615234375,0.003173828125,0.0016051001093631673,2.0,3.0,2120151021
0,12,2,0.95,10.0,0.005615234375,0.003173828125,0.0016051001093631673,2.0,3.0,2120151021
0,12,2,0.99,10.0,0.005615234375,0.003173828125,0.0016051001093631673,2.0,3.0,2120151021
0,12,2,0.8,10.0,0.005615234375,0.003173828125,0.9930466125186398,2.0,2.0,2120151021
0,12,2,0.85,10.0,0.005615234375,0.003173828125,0.9930466125186398,2.0,2.0,2120151021
0,12,2,0.9,10.0,0.005615234375,0.003173828125,0.9930466125186398,2.0,2.0,2120151021
0,12,2,0.95,10.0,0.005615234375,0.003173828125,0.9930466125186398,2.0,2.0,2120151021
0,12,2,0.99,10.0,0.005615234375,0.003173828125,0.9930466125186398,2.0,2.0,2120151021
0,12,2,0.8,10.0,0.005615234375,0.003173828125,8.43337010821814e-40,inf,inf,2120151021
0,12,2,0.85,10.0,0.005615234375,0.003173828125,8.43337010821814e-40,inf,inf,2120151021
0,12,2,0.9,10.0,0.005615234375,0.003173828125,8.43337010821814e-40,inf,inf,2120151021
0,12,2,0.95,10.0,0.005615234375,0.003173828125,8.43337010821814e-40,inf,inf,2120151021
0,12,2,0.99,10.0,0.005615234375,0.003173828125,8.43337010821814e-40,inf,inf,2120151021
0,12,2,0.8,10.0,0.005615234375,0.003173828125,1.9237664397292896e-39,inf,inf,2120151021
0,12,2,0.85,10.0,0.005615234375,0.003173828125,1.9237664397292896e-39,inf,inf,2120151021
0,12,2,0.9,10.0,0.005615234375,0.003173828125,1.9237664397292896e-39,inf,inf,2120151021
0,12,2,0.95,10.0,0.005615234375,0.003173828125,1.9237664397292896e-39,inf,inf,2120151021
0,12,2,0.99,10.0,0.005615234375,0.003173828125,1.9237664397292896e-39,inf,inf,2120151021
0,12,2,0.8,10.0,0.005615234375,0.003173828125,2.250193998019591e-39,inf,inf,2120151021
0,12,2,0.85,10.0,0.005615234375,0.003173828125,2.250193998019591e-39,inf,inf,2120151021
0,12,2,0.9,10.0,0.005615234375,0.003173828125,2.250193998019591e-39,inf,inf,2120151021
0,12,2,0.95,10.0,0.005615234375,0.003173828125,2.250193998019591e-39,inf,inf,2120151021
0,12,2,0.99,10.0,0.005615234375,0.003173828125,2.250193998019591e-39,inf,inf,2120151021
0,12,2,0.8,10.0,0.005615234375,0.003173828125,2.3708170553686984e-39,inf,inf,2120151021
0,12,2,0.85,10.0,0.005615234375,0.003173828125,2.3708170553686984e-39,inf,inf,2120151021
0,12,2,0.9,10.0,0.005615234375,0.003173828125,2.3708170553686984e-39,inf,inf,2120151021
0,12,2,0.95,10.0,0.005615234375,0.003173828125,2.3708170553686984e-39,inf,inf,2120151021
0,12,2,0.99,10.0,0.005615234375,0.003173828125,2.3708170553686984e-39,inf,inf,2120151021
0,12,2,0.8,10.0,0.005615234375,0.003173828125,2.8969990958585685e-39,inf,inf,2120151021
0,12,2,0.85,10.0,0.005615234375,0.003173828125,2.8969990958585685e-39,inf,inf,2120151021
0,12,2,0.9,10.0,0.005615234375,0.003173828125,2.8969990958585685e-39,inf,inf,2120151021
0,12,2,0.95,10.0,0.005615234375,0.003173828125,2.8969990958585685e-39,inf,inf,2120151021
0,12,2,0.99,10.0,0.005615234375,0.003173828125,2.8969990958585685e-39,inf,inf,2120151021
4,12,2,0.8,0.1,0.498779296875,0.003173828125,0.006054586701329016,1224.0,1654.0,2896534003
4,12,2,0.85,0.1,0.498779296875,0.003173828125,0.006054586701329016,1291.0,1684.0,2896534003
4,12,2,0.9,0.1,0.498779296875,0.003173828125,0.006054586701329016,1398.0,1765.0,2896534003
4,12,2,0.95,0.1,0.498779296875,0.003173828125,0.006054586701329016,1542.0,inf,2896534003
4,12,2,0.99,0.1,0.498779296875,0.003173828125,0.006054586701329016,1785.0,inf,2896534003
4,12,2,0.8,0.1,0.498779296875,0.003173828125,0.006141019208716552,1205.0,1644.0,2896534003
4,12,2,0.85,0.1,0.498779296875,0.003173828125,0.006141019208716552,1323.0,1696.0,2896534003
4,12,2,0.9,0.1,0.498779296875,0.003173828125,0.006141019208716552,1413.0,1774.0,2896534003
4,12,2,0.95,0.1,0.498779296875,0.003173828125,0.006141019208716552,1544.0,1920.0,2896534003
4,12,2,0.99,0.1,0.498779296875,0.003173828125,0.006141019208716552,1795.0,inf,2896534003
4,12,2,0.8,0.1,0.498779296875,0.003173828125,0.006162254390585365,1276.0,1583.0,2896534003
4,12,2,0.85,0.1,0.498779296875,0.003173828125,0.006162254390585365,1386.0,inf,2896534003
4,12,2,0.9,0.1,0.498779296875,0.003173828125,0.006162254390585365,1498.0,1815.0,2896534003
4,12,2,0.95,0.1,0.498779296875,0.003173828125,0.006162254390585365,1574.0,1863.0,2896534003
4,12,2,0.99,0.1,0.498779296875,0.003173828125,0.006162254390585365,1841.0,inf,2896534003
4,12,2,0.8,0.1,0.498779296875,0.003173828125,0.006795412515145782,1198.0,1683.0,2896534003
4,12,2,0.85,0.1,0.498779296875,0.003173828125,0.006795412515145782,1293.0,1740.0,2896534003
4,12,2,0.9,0.1,0.498779296875,0.003173828125,0.006795412515145782,1405.0,1784.0,2896534003
4,12,2,0.95,0.1,0.498779296875,0.003173828125,0.006795412515145782,1548.0,1906.0,2896534003
4,12,2,0.99,0.1,0.498779296875,0.003173828125,0.006795412515145782,1817.0,inf,2896534003
4,12,2,0.8,0.1,0.498779296875,0.003173828125,0.008363413238487999,1150.0,1629.0,2896534003
4,12,2,0.85,0.1,0.498779296875,0.003173828125,0.008363413238487999,1256.0,1701.0,2896534003
4,12,2,0.9,0.1,0.498779296875,0.003173828125,0.008363413238487999,1394.0,1809.0,2896534003
4,12,2,0.95,0.1,0.498779296875,0.003173828125,0.008363413238487999,1531.0,1866.0,2896534003
4,12,2,0.99,0.1,0.498779296875,0.003173828125,0.008363413238487999,1785.0,inf,2896534003
4,12,2,0.8,0.1,0.498779296875,0.003173828125,1.0401446353808598e-31,inf,inf,2896534003
4,12,2,0.85,0.1,0.498779296875,0.003173828125,1.0401446353808598e-31,inf,inf,2896534003
4,12,2,0.9,0.1,0.498779296875,0.003173828125,1.0401446353808598e-31,inf,inf,2896534003
4,12,2,0.95,0.1,0.498779296875,0.003173828125,1.0401446353808598e-31,inf,inf,2896534003
4,12,2,0.99,0.1,0.498779296875,0.003173828125,1.0401446353808598e-31,inf,inf,2896534003
4,12,2,0.8,0.1,0.498779296875,0.003173828125,1.0653949195452357e-31,inf,inf,2896534003
4,12,2,0.85,0.1,0.498779296875,0.003173828125,1.0653949195452357e-31,inf,inf,2896534003
4,12,2,0.9,0.1,0.498779296875,0.003173828125,1.0653949195452357e-31,inf,inf,2896534003
4,12,2,0.95,0.1,0.498779296875,0.003173828125,1.0653949195452357e-31,inf,inf,2896534003
4,12,2,0.99,0.1,0.498779296875,0.003173828125,1.0653949195452357e-31,inf,inf,2896534003
4,12,2,0.8,0.1,0.498779296875,0.003173828125,1.6292069614000466e-31,inf,inf,2896534003
4,12,2,0.85,0.1,0.498779296875,0.003173828125,1.6292069614000466e-31,inf,inf,2896534003
4,12,2,0.9,0.1,0.498779296875,0.003173828125,1.6292069614000466e-31,inf,inf,2896534003
4,12,2,0.95,0.1,0.498779296875,0.003173828125,1.6292069614000466e-31,inf,inf,2896534003
4,12,2,0.99,0.1,0.498779296875,0.003173828125,1.6292069614000466e-31,inf,inf,2896534003
4,12,2,0.8,0.1,0.498779296875,0.003173828125,1.639511894790684e-31,inf,inf,2896534003
4,12,2,0.85,0.1,0.498779296875,0.003173828125,1.639511894790684e-31,inf,inf,2896534003
4,12,2,0.9,0.1,0.498779296875,0.003173828125,1.639511894790684e-31,inf,inf,2896534003
4,12,2,0.95,0.1,0.498779296875,0.003173828125,1.639511894790684e-31,inf,inf,2896534003
4,12,2,0.99,0.1,0.498779296875,0.003173828125,1.639511894790684e-31,inf,inf,2896534003
4,12,2,0.8,0.1,0.498779296875,0.003173828125,1.782391358119445e-31,inf,inf,2896534003
4,12,2,0.85,0.1,0.498779296875,0.003173828125,1.782391358119445e-31,inf,inf,2896534003
4,12,2,0.9,0.1,0.498779296875,0.003173828125,1.782391358119445e-31,inf,inf,2896534003
4,12,2,0.95,0.1,0.498779296875,0.003173828125,1.782391358119445e-31,inf,inf,2896534003
4,12,2,0.99,0.1,0.498779296875,0.003173828125,1.782391358119445e-31,inf,inf,2896534003
4,12,3,0.8,0.1,0.471435546875,0.004638671875,0.009187647962140928,751.0,inf,1019254676
4,12,3,0.85,0.1,0.471435546875,0.004638671875,0.009187647962140928,932.0,inf,1019254676
4,12,3,0.9,0.1,0.471435546875,0.004638671875,0.009187647962140928,1080.0,inf,1019254676
4,12,3,0.95,0.1,0.471435546875,0.004638671875,0.009187647962140928,1398.0,1963.0,1019254676
4,12,3,0.99,0.1,0.471435546875,0.004638671875,0.009187647962140928,1711.0,inf,1019254676
4,12,3,0.8,0.1,0.471435546875,0.004638671875,0.00984028300413604,687.0,inf,1019254676
4,12,3,0.85,0.1,0.471435546875,0.004638671875,0.00984028300413604,937.0,inf,1019254676
4,12,3,0.9,0.1,0.471435546875,0.004638671875,0.00984028300413604,1068.0,1894.0,1019254676
4,12,3,0.95,0.1,0.471435546875,0.004638671875,0.00984028300413604,1404.0,inf,1019254676
4,12,3,0.99,0.1,0.471435546875,0.004638671875,0.00984028300413604,1673.0,inf,1019254676
4,12,3,0.8,0.1,0.471435546875,0.004638671875,0.010509695001261973,783.0,1663.0,1019254676
4,12,3,0.85,0.1,0.471435546875,0.004638671875,0.010509695001261973,915.0,1719.0,1019254676
4,12,3,0.9,0.1,0.471435546875,0.004638671875,0.010509695001261973,1052.0,1840.0,1019254676
4,12,3,0.95,0.1,0.471435546875,0.004638671875,0.010509695001261973,1432.0,1946.0,1019254676
4,12,3,0.99,0.1,0.471435546875,0.004638671875,0.010509695001261973,1774.0,inf,1019254676
4,12,3,0.8,0.1,0.471435546875,0.004638671875,0.013251506141291496,856.0,1565.0,1019254676
4,12,3,0.85,0.1,0.471435546875,0.004638671875,0.013251506141291496,957.0,1709.0,1019254676
4,12,3,0.9,0.1,0.471435546875,0.004638671875,0.013251506141291496,1089.0,1829.0,1019254676
4,12,3,0.95,0.1,0.471435546875,0.004638671875,0.013251506141291496,1437.0,1916.0,1019254676
4,12,3,0.99,0.1,0.471435546875,0.004638671875,0.013251506141291496,1762.0,inf,1019254676
4,12,3,0.8,0.1,0.471435546875,0.004638671875,0.015476447292223538,751.0,1520.0,1019254676
4,12,3,0.85,0.1,0.471435546875,0.004638671875,0.015476447292223538,932.0,1606.0,1019254676
4,12,3,0.9,0.1,0.471435546875,0.004638671875,0.015476447292223538,1080.0,1759.0,1019254676
4,12,3,0.95,0.1,0.471435546875,0.004638671875,0.015476447292223538,1398.0,1935.0,1019254676
4,12,3,0.99,0.1,0.471435546875,0.004638671875,0.015476447292223538,1711.0,inf,1019254676
4,12,3,0.8,0.1,0.471435546875,0.004638671875,2.1366812266422647e-35,inf,inf,1019254676
4,12,3,0.85,0.1,0.471435546875,0.004638671875,2.1366812266422647e-35,inf,inf,1019254676
4,12,3,0.9,0.1,0.471435546875,0.004638671875,2.1366812266422647e-35,inf,inf,1019254676
4,12,3,0.95,0.1,0.471435546875,0.004638671875,2.1366812266422647e-35,inf,inf,1019254676
4,12,3,0.99,0.1,0.471435546875,0.004638671875,2.1366812266422647e-35,inf,inf,1019254676
4,12,3,0.8,0.1,0.471435546875,0.004638671875,5.81409855365615e-35,inf,inf,1019254676
4,12,3,0.85,0.1,0.471435546875,0.004638671875,5.81409855365615e-35,inf,inf,1019254676
4,12,3,0.9,0.1,0.471435546875,0.004638671875,5.81409855365615e-35,inf,inf,1019254676
4,12,3,0.95,0.1,0.471435546875,0.004638671875,5.81409855365615e-35,inf,inf,1019254676
4,12,3,0.99,0.1,0.471435546875,0.004638671875,5.81409855365615e-35,inf,inf,1019254676
4,12,3,0.8,0.1,0.471435546875,0.004638671875,1.1674658803963695e-34,inf,inf,1019254676
4,12,3,0.85,0.1,0.471435546875,0.004638671875,1.1674658803963695e-34,inf,inf,1019254676
4,12,3,0.9,0.1,0.471435546875,0.004638671875,1.1674658803963695e-34,inf,inf,1019254676
4,12,3,0.95,0.1,0.471435546875,0.004638671875,1.1674658803963695e-34,inf,inf,1019254676
4,12,3,0.99,0.1,0.471435546875,0.004638671875,1.1674658803963695e-34,inf,inf,1019254676
4,12,3,0.8,0.1,0.471435546875,0.004638671875,1.4429867022858154e-34,inf,inf,1019254676
4,12,3,0.85,0.1,0.471435546875,0.004638671875,1.4429867022858154e-34,inf,inf,1019254676
4,12,3,0.9,0.1,0.471435546875,0.004638671875,1.4429867022858154e-34,inf,inf,1019254676
4,12,3,0.95,0.1,0.471435546875,0.004638671875,1.4429867022858154e-34,inf,inf,1019254676
4,12,3,0.99,0.1,0.471435546875,0.004638671875,1.4429867022858154e-34,inf,inf,1019254676
4,12,3,0.8,0.1,0.471435546875,0.004638671875,1.8974390486750848e-34,inf,inf,1019254676
4,12,3,0.85,0.1,0.471435546875,0.004638671875,1.8974390486750848e-34,inf,inf,1019254676
4,12,3,0.9,0.1,0.471435546875,0.004638671875,1.8974390486750848e-34,inf,inf,1019254676
4,12,3,0.95,0.1,0.471435546875,0.004638671875,1.8974390486750848e-34,inf,inf,1019254676
4,12,3,0.99,0.1,0.471435546875,0.004638671875,1.8974390486750848e-34,inf,inf,1019254676
