Number_of_Sites,Ground_State_Density,Hamiltonian_Density,Max_Interactions,Fidelity,Overlap,BARK_Pool_Size,SKQD_Pool_Size
6,1.0,0.15625,1,0.8,0.0585906870912421,19,24
6,1.0,0.15625,1,0.8,0.06490405668903601,19,21
6,1.0,0.15625,1,0.8,0.10476814569010452,19,27
6,1.0,0.15625,1,0.8,0.12069598117935156,19,25
6,1.0,0.15625,1,0.8,0.13370143265949833,19,inf
6,1.0,0.15625,1,0.8,0.000115353072993767,19,inf
6,1.0,0.15625,1,0.8,0.00011587943732359577,19,63
6,1.0,0.15625,1,0.8,0.0001920645492042437,19,63
6,1.0,0.15625,1,0.8,0.0001929409534915541,21,59
6,1.0,0.15625,1,0.8,0.00024766646444473794,19,inf
6,1.0,0.15625,1,0.85,0.0585906870912421,21,27
6,1.0,0.15625,1,0.85,0.06490405668903601,21,29
6,1.0,0.15625,1,0.85,0.10476814569010452,21,29
6,1.0,0.15625,1,0.85,0.12069598117935156,21,32
6,1.0,0.15625,1,0.85,0.13370143265949833,21,33
6,1.0,0.15625,1,0.85,0.000115353072993767,21,58
6,1.0,0.15625,1,0.85,0.00011587943732359577,21,inf
6,1.0,0.15625,1,0.85,0.0001920645492042437,21,60
6,1.0,0.15625,1,0.85,0.0001929409534915541,23,inf
6,1.0,0.15625,1,0.85,0.00024766646444473794,21,inf
6,1.0,0.15625,1,0.9,0.0585906870912421,24,29
6,1.0,0.15625,1,0.9,0.06490405668903601,24,28
6,1.0,0.15625,1,0.9,0.10476814569010452,24,31
6,1.0,0.15625,1,0.9,0.12069598117935156,24,30
6,1.0,0.15625,1,0.9,0.13370143265949833,24,32
6,1.0,0.15625,1,0.9,0.000115353072993767,25,inf
6,1.0,0.15625,1,0.9,0.00011587943732359577,25,inf
6,1.0,0.15625,1,0.9,0.0001920645492042437,25,inf
6,1.0,0.15625,1,0.9,0.0001929409534915541,26,61
6,1.0,0.15625,1,0.9,0.00024766646444473794,25,59
6,1.0,0.203125,2,0.8,0.06906239661335982,38,inf
6,1.0,0.203125,2,0.8,0.07171574336315098,38,38
6,1.0,0.203125,2,0.8,0.07799117836841286,19,47
6,1.0,0.203125,2,0.8,0.0846290698521881,38,inf
6,1.0,0.203125,2,0.8,0.09203447628747959,19,34
6,1.0,0.203125,2,0.8,1.5076874403838079e-05,21,55
6,1.0,0.203125,2,0.8,2.3722876355869187e-05,21,inf
6,1.0,0.203125,2,0.8,2.459437159539663e-05,21,59
6,1.0,0.203125,2,0.8,3.578138659976112e-05,21,44
6,1.0,0.203125,2,0.8,4.260983872505533e-05,21,inf
6,1.0,0.203125,2,0.85,0.06906239661335982,39,34
6,1.0,0.203125,2,0.85,0.07171574336315098,39,44
6,1.0,0.203125,2,0.85,0.07799117836841286,24,34
6,1.0,0.203125,2,0.85,0.0846290698521881,39,35
6,1.0,0.203125,2,0.85,0.09203447628747959,24,39
6,1.0,0.203125,2,0.85,1.5076874403838079e-05,26,57
6,1.0,0.203125,2,0.85,2.3722876355869187e-05,27,62
6,1.0,0.203125,2,0.85,2.459437159539663e-05,27,inf
6,1.0,0.203125,2,0.85,3.578138659976112e-05,25,55
6,1.0,0.203125,2,0.85,4.260983872505533e-05,26,inf
6,1.0,0.203125,2,0.9,0.06906239661335982,43,46
6,1.0,0.203125,2,0.9,0.07171574336315098,43,49
6,1.0,0.203125,2,0.9,0.07799117836841286,32,49
6,1.0,0.203125,2,0.9,0.0846290698521881,43,inf
6,1.0,0.203125,2,0.9,0.09203447628747959,32,inf
6,1.0,0.203125,2,0.9,1.5076874403838079e-05,34,60
6,1.0,0.203125,2,0.9,2.3722876355869187e-05,32,inf
6,1.0,0.203125,2,0.9,2.459437159539663e-05,34,inf
6,1.0,0.203125,2,0.9,3.578138659976112e-05,33,51
6,1.0,0.203125,2,0.9,4.260983872505533e-05,34,58
8,0.98828125,0.05078125,1,0.8,0.036968918490811714,72,65
8,0.98828125,0.05078125,1,0.8,0.05159116930363326,147,112
8,0.98828125,0.05078125,1,0.8,0.07577316614831088,72,65
8,0.98828125,0.05078125,1,0.8,0.1488399778849349,72,52
8,0.98828125,0.05078125,1,0.8,0.20773875353166957,72,53
8,0.98828125,0.05078125,1,0.8,3.4396773648981943e-07,76,inf
8,0.98828125,0.05078125,1,0.8,7.497142750439438e-07,74,inf
8,0.98828125,0.05078125,1,0.8,8.614759451360029e-07,145,inf
8,0.98828125,0.05078125,1,0.8,1.4347096549625772e-06,76,inf
8,0.98828125,0.05078125,1,0.8,1.5883010292605477e-06,76,inf
8,0.98828125,0.05078125,1,0.85,0.036968918490811714,76,114
8,0.98828125,0.05078125,1,0.85,0.05159116930363326,148,117
8,0.98828125,0.05078125,1,0.85,0.07577316614831088,76,94
8,0.98828125,0.05078125,1,0.85,0.1488399778849349,76,inf
8,0.98828125,0.05078125,1,0.85,0.20773875353166957,76,103
8,0.98828125,0.05078125,1,0.85,3.4396773648981943e-07,80,inf
8,0.98828125,0.05078125,1,0.85,7.497142750439438e-07,79,inf
8,0.98828125,0.05078125,1,0.85,8.614759451360029e-07,146,inf
8,0.98828125,0.05078125,1,0.85,1.4347096549625772e-06,80,inf
8,0.98828125,0.05078125,1,0.85,1.5883010292605477e-06,80,inf
8,0.98828125,0.05078125,1,0.9,0.036968918490811714,89,134
8,0.98828125,0.05078125,1,0.9,0.05159116930363326,154,124
8,0.98828125,0.05078125,1,0.9,0.07577316614831088,89,120
8,0.98828125,0.05078125,1,0.9,0.1488399778849349,89,96
8,0.98828125,0.05078125,1,0.9,0.20773875353166957,89,103
8,0.98828125,0.05078125,1,0.9,3.4396773648981943e-07,90,inf
8,0.98828125,0.05078125,1,0.9,7.497142750439438e-07,89,inf
8,0.98828125,0.05078125,1,0.9,8.614759451360029e-07,148,inf
8,0.98828125,0.05078125,1,0.9,1.4347096549625772e-06,90,inf
8,0.98828125,0.05078125,1,0.9,1.5883010292605477e-06,90,inf
8,1.0,0.06640625,2,0.8,0.03269256185275065,94,181
8,1.0,0.06640625,2,0.8,0.03384450262967083,100,139
8,1.0,0.06640625,2,0.8,0.038533724815099035,99,160
8,1.0,0.06640625,2,0.8,0.05217424808966435,111,148
8,1.0,0.06640625,2,0.8,0.07406151671589001,100,inf
8,1.0,0.06640625,2,0.8,9.209475477484277e-06,97,238
8,1.0,0.06640625,2,0.8,1.1433276465581433e-05,110,inf
8,1.0,0.06640625,2,0.8,1.6228635891738257e-05,99,inf
8,1.0,0.06640625,2,0.8,2.0870489964703973e-05,118,inf
8,1.0,0.06640625,2,0.8,2.172787934075192e-05,112,inf
8,1.0,0.06640625,2,0.85,0.03269256185275065,118,180
8,1.0,0.06640625,2,0.85,0.03384450262967083,114,174
8,1.0,0.06640625,2,0.85,0.038533724815099035,112,175
8,1.0,0.06640625,2,0.85,0.05217424808966435,124,183
8,1.0,0.06640625,2,0.85,0.07406151671589001,114,169
8,1.0,0.06640625,2,0.85,9.209475477484277e-06,113,inf
8,1.0,0.06640625,2,0.85,1.1433276465581433e-05,122,inf
8,1.0,0.06640625,2,0.85,1.6228635891738257e-05,114,inf
8,1.0,0.06640625,2,0.85,2.0870489964703973e-05,142,inf
8,1.0,0.06640625,2,0.85,2.172787934075192e-05,125,inf
8,1.0,0.06640625,2,0.9,0.03269256185275065,147,inf
8,1.0,0.06640625,2,0.9,0.03384450262967083,131,194
8,1.0,0.06640625,2,0.9,0.038533724815099035,133,170
8,1.0,0.06640625,2,0.9,0.05217424808966435,140,188
8,1.0,0.06640625,2,0.9,0.07406151671589001,131,176
8,1.0,0.06640625,2,0.9,9.209475477484277e-06,147,inf
8,1.0,0.06640625,2,0.9,1.1433276465581433e-05,140,inf
8,1.0,0.06640625,2,0.9,1.6228635891738257e-05,152,inf
8,1.0,0.06640625,2,0.9,2.0870489964703973e-05,150,inf
8,1.0,0.06640625,2,0.9,2.172787934075192e-05,141,inf
6,1.0,0.15625,1,0.8,0.03997491837877984,31,47
6,1.0,0.15625,1,0.8,0.04010067227128385,31,42
6,1.0,0.15625,1,0.8,0.04649250536641199,31,52
6,1.0,0.15625,1,0.8,0.05278540727379892,46,50
6,1.0,0.15625,1,0.8,0.05295146065680259,31,45
6,1.0,0.15625,1,0.8,0.0015208815141758694,32,57
6,1.0,0.15625,1,0.8,0.001567269334017632,32,54
6,1.0,0.15625,1,0.8,0.00252398902354067,32,60
6,1.0,0.15625,1,0.8,0.002600972238219322,46,52
6,1.0,0.15625,1,0.8,0.0030525649935714333,37,inf
6,1.0,0.15625,1,0.85,0.03997491837877984,38,49
6,1.0,0.15625,1,0.85,0.04010067227128385,38,53
6,1.0,0.15625,1,0.85,0.04649250536641199,38,54
6,1.0,0.15625,1,0.85,0.05278540727379892,47,52
6,1.0,0.15625,1,0.85,0.05295146065680259,38,48
6,1.0,0.15625,1,0.85,0.0015208815141758694,39,inf
6,1.0,0.15625,1,0.85,0.001567269334017632,39,59
6,1.0,0.15625,1,0.85,0.00252398902354067,39,61
6,1.0,0.15625,1,0.85,0.002600972238219322,50,59
6,1.0,0.15625,1,0.85,0.0030525649935714333,39,60
6,1.0,0.15625,1,0.9,0.03997491837877984,46,inf
6,1.0,0.15625,1,0.9,0.04010067227128385,46,inf
6,1.0,0.15625,1,0.9,0.04649250536641199,46,59
6,1.0,0.15625,1,0.9,0.05278540727379892,50,58
6,1.0,0.15625,1,0.9,0.05295146065680259,46,59
6,1.0,0.15625,1,0.9,0.0015208815141758694,47,61
6,1.0,0.15625,1,0.9,0.001567269334017632,47,64
6,1.0,0.15625,1,0.9,0.00252398902354067,46,inf
6,1.0,0.15625,1,0.9,0.002600972238219322,52,61
6,1.0,0.15625,1,0.9,0.0030525649935714333,48,63
6,1.0,0.203125,2,0.8,0.049157516517656805,36,34
6,1.0,0.203125,2,0.8,0.05552644863459179,36,47
6,1.0,0.203125,2,0.8,0.08582306546966767,36,31
6,1.0,0.203125,2,0.8,0.11084113410456083,36,34
6,1.0,0.203125,2,0.8,0.1282666104162273,36,42
6,1.0,0.203125,2,0.8,8.387411355900725e-05,38,56
6,1.0,0.203125,2,0.8,0.00013678659943857358,38,inf
6,1.0,0.203125,2,0.8,0.00020644806256999077,38,inf
6,1.0,0.203125,2,0.8,0.00023049783624912943,37,61
6,1.0,0.203125,2,0.8,0.0006441826666376785,39,inf
6,1.0,0.203125,2,0.85,0.049157516517656805,39,44
6,1.0,0.203125,2,0.85,0.05552644863459179,39,42
6,1.0,0.203125,2,0.85,0.08582306546966767,39,61
6,1.0,0.203125,2,0.85,0.11084113410456083,39,44
6,1.0,0.203125,2,0.85,0.1282666104162273,39,45
6,1.0,0.203125,2,0.85,8.387411355900725e-05,41,64
6,1.0,0.203125,2,0.85,0.00013678659943857358,41,inf
6,1.0,0.203125,2,0.85,0.00020644806256999077,41,62
6,1.0,0.203125,2,0.85,0.00023049783624912943,40,61
6,1.0,0.203125,2,0.85,0.0006441826666376785,40,inf
6,1.0,0.203125,2,0.9,0.049157516517656805,45,50
6,1.0,0.203125,2,0.9,0.05552644863459179,45,49
6,1.0,0.203125,2,0.9,0.08582306546966767,45,45
6,1.0,0.203125,2,0.9,0.11084113410456083,45,inf
6,1.0,0.203125,2,0.9,0.1282666104162273,45,43
6,1.0,0.203125,2,0.9,8.387411355900725e-05,44,inf
6,1.0,0.203125,2,0.9,0.00013678659943857358,44,inf
6,1.0,0.203125,2,0.9,0.00020644806256999077,46,inf
6,1.0,0.203125,2,0.9,0.00023049783624912943,46,61
6,1.0,0.203125,2,0.9,0.0006441826666376785,44,inf
8,0.984375,0.05078125,1,0.8,0.0409187088418544,45,68
8,0.984375,0.05078125,1,0.8,0.07485304470804796,37,56
8,0.984375,0.05078125,1,0.8,0.09032952872813876,37,51
8,0.984375,0.05078125,1,0.8,0.11513313578421495,45,54
8,0.984375,0.05078125,1,0.8,0.13893786067011876,45,58
8,0.984375,0.05078125,1,0.8,3.335561531079266e-07,49,inf
8,0.984375,0.05078125,1,0.8,3.8726646461095304e-07,49,inf
8,0.984375,0.05078125,1,0.8,5.922698706796137e-07,49,inf
8,0.984375,0.05078125,1,0.8,6.876391179612701e-07,207,inf
8,0.984375,0.05078125,1,0.8,1.056191393583277e-06,49,inf
8,0.984375,0.05078125,1,0.85,0.0409187088418544,66,74
8,0.984375,0.05078125,1,0.85,0.07485304470804796,70,86
8,0.984375,0.05078125,1,0.85,0.09032952872813876,70,84
8,0.984375,0.05078125,1,0.85,0.11513313578421495,66,77
8,0.984375,0.05078125,1,0.85,0.13893786067011876,66,73
8,0.984375,0.05078125,1,0.85,3.335561531079266e-07,70,inf
8,0.984375,0.05078125,1,0.85,3.8726646461095304e-07,70,inf
8,0.984375,0.05078125,1,0.85,5.922698706796137e-07,64,inf
8,0.984375,0.05078125,1,0.85,6.876391179612701e-07,214,inf
8,0.984375,0.05078125,1,0.85,1.056191393583277e-06,70,inf
8,0.984375,0.05078125,1,0.9,0.0409187088418544,71,106
8,0.984375,0.05078125,1,0.9,0.07485304470804796,135,87
8,0.984375,0.05078125,1,0.9,0.09032952872813876,135,89
8,0.984375,0.05078125,1,0.9,0.11513313578421495,71,inf
8,0.984375,0.05078125,1,0.9,0.13893786067011876,71,88
8,0.984375,0.05078125,1,0.9,3.335561531079266e-07,75,inf
8,0.984375,0.05078125,1,0.9,3.8726646461095304e-07,75,inf
8,0.984375,0.05078125,1,0.9,5.922698706796137e-07,74,inf
8,0.984375,0.05078125,1,0.9,6.876391179612701e-07,229,inf
8,0.984375,0.05078125,1,0.9,1.056191393583277e-06,75,inf
8,0.98046875,0.0625,2,0.8,0.04580573539539363,81,inf
8,0.98046875,0.0625,2,0.8,0.0571609816799942,71,85
8,0.98046875,0.0625,2,0.8,0.09242011198364679,71,93
8,0.98046875,0.0625,2,0.8,0.10174557161420565,71,67
8,0.98046875,0.0625,2,0.8,0.16917362608425784,88,76
8,0.98046875,0.0625,2,0.8,2.1197030298956675e-07,195,inf
8,0.98046875,0.0625,2,0.8,4.3202759654047203e-07,192,inf
8,0.98046875,0.0625,2,0.8,5.349586785897872e-07,193,inf
8,0.98046875,0.0625,2,0.8,6.548391725692004e-07,193,inf
8,0.98046875,0.0625,2,0.8,7.040381307573566e-07,72,inf
8,0.98046875,0.0625,2,0.85,0.04580573539539363,133,95
8,0.98046875,0.0625,2,0.85,0.0571609816799942,133,105
8,0.98046875,0.0625,2,0.85,0.09242011198364679,133,109
8,0.98046875,0.0625,2,0.85,0.10174557161420565,133,95
8,0.98046875,0.0625,2,0.85,0.16917362608425784,132,87
8,0.98046875,0.0625,2,0.85,2.1197030298956675e-07,196,inf
8,0.98046875,0.0625,2,0.85,4.3202759654047203e-07,193,inf
8,0.98046875,0.0625,2,0.85,5.349586785897872e-07,194,inf
8,0.98046875,0.0625,2,0.85,6.548391725692004e-07,194,inf
8,0.98046875,0.0625,2,0.85,7.040381307573566e-07,131,inf
8,0.98046875,0.0625,2,0.9,0.04580573539539363,146,134
8,0.98046875,0.0625,2,0.9,0.0571609816799942,143,118
8,0.98046875,0.0625,2,0.9,0.09242011198364679,143,120
8,0.98046875,0.0625,2,0.9,0.10174557161420565,143,125
8,0.98046875,0.0625,2,0.9,0.16917362608425784,147,128
8,0.98046875,0.0625,2,0.9,2.1197030298956675e-07,198,inf
8,0.98046875,0.0625,2,0.9,4.3202759654047203e-07,194,236
8,0.98046875,0.0625,2,0.9,5.349586785897872e-07,196,inf
8,0.98046875,0.0625,2,0.9,6.548391725692004e-07,195,inf
8,0.98046875,0.0625,2,0.9,7.040381307573566e-07,142,inf
6,1.0,0.15625,1,0.8,0.0485898297853595,23,38
6,1.0,0.15625,1,0.8,0.06092872175157315,23,39
6,1.0,0.15625,1,0.8,0.08902572827499557,24,26
6,1.0,0.15625,1,0.8,0.1264256473698428,23,inf
6,1.0,0.15625,1,0.8,0.255314771987709,23,20
6,1.0,0.15625,1,0.8,2.833777057734291e-05,25,inf
6,1.0,0.15625,1,0.8,9.106664058556174e-05,24,60
6,1.0,0.15625,1,0.8,0.00010916739387487891,24,51
6,1.0,0.15625,1,0.8,0.00012964576379330045,24,inf
6,1.0,0.15625,1,0.8,0.0001330616130885384,26,55
6,1.0,0.15625,1,0.85,0.0485898297853595,26,39
6,1.0,0.15625,1,0.85,0.06092872175157315,27,39
6,1.0,0.15625,1,0.85,0.08902572827499557,34,33
6,1.0,0.15625,1,0.85,0.1264256473698428,27,29
6,1.0,0.15625,1,0.85,0.255314771987709,27,26
6,1.0,0.15625,1,0.85,2.833777057734291e-05,28,61
6,1.0,0.15625,1,0.85,9.106664058556174e-05,28,inf
6,1.0,0.15625,1,0.85,0.00010916739387487891,26,57
6,1.0,0.15625,1,0.85,0.00012964576379330045,35,inf
6,1.0,0.15625,1,0.85,0.0001330616130885384,36,58
6,1.0,0.15625,1,0.9,0.0485898297853595,34,51
6,1.0,0.15625,1,0.9,0.06092872175157315,33,43
6,1.0,0.15625,1,0.9,0.08902572827499557,35,inf
6,1.0,0.15625,1,0.9,0.1264256473698428,33,39
6,1.0,0.15625,1,0.9,0.255314771987709,33,39
6,1.0,0.15625,1,0.9,2.833777057734291e-05,36,55
6,1.0,0.15625,1,0.9,9.106664058556174e-05,36,63
6,1.0,0.15625,1,0.9,0.00010916739387487891,34,inf
6,1.0,0.15625,1,0.9,0.00012964576379330045,36,56
6,1.0,0.15625,1,0.9,0.0001330616130885384,37,59
6,1.0,0.203125,2,0.8,0.04481385745443195,6,34
6,1.0,0.203125,2,0.8,0.05285957304891757,6,inf
6,1.0,0.203125,2,0.8,0.1095854790279729,8,20
6,1.0,0.203125,2,0.8,0.1677949329202439,8,12
6,1.0,0.203125,2,0.8,0.41804257829745795,8,13
6,1.0,0.203125,2,0.8,1.2364845170640192e-05,8,inf
6,1.0,0.203125,2,0.8,1.5639088959650045e-05,11,60
6,1.0,0.203125,2,0.8,2.4094408808768765e-05,8,inf
6,1.0,0.203125,2,0.8,2.4206567471664607e-05,9,inf
6,1.0,0.203125,2,0.8,2.5456222242679238e-05,9,54
6,1.0,0.203125,2,0.85,0.04481385745443195,10,29
6,1.0,0.203125,2,0.85,0.05285957304891757,9,19
6,1.0,0.203125,2,0.85,0.1095854790279729,12,21
6,1.0,0.203125,2,0.85,0.1677949329202439,12,26
6,1.0,0.203125,2,0.85,0.41804257829745795,11,18
6,1.0,0.203125,2,0.85,1.2364845170640192e-05,11,61
6,1.0,0.203125,2,0.85,1.5639088959650045e-05,15,55
6,1.0,0.203125,2,0.85,2.4094408808768765e-05,11,54
6,1.0,0.203125,2,0.85,2.4206567471664607e-05,13,inf
6,1.0,0.203125,2,0.85,2.5456222242679238e-05,12,inf
6,1.0,0.203125,2,0.9,0.04481385745443195,19,36
6,1.0,0.203125,2,0.9,0.05285957304891757,15,25
6,1.0,0.203125,2,0.9,0.1095854790279729,13,26
6,1.0,0.203125,2,0.9,0.1677949329202439,13,25
6,1.0,0.203125,2,0.9,0.41804257829745795,13,17
6,1.0,0.203125,2,0.9,1.2364845170640192e-05,15,60
6,1.0,0.203125,2,0.9,1.5639088959650045e-05,16,61
6,1.0,0.203125,2,0.9,2.4094408808768765e-05,16,53
6,1.0,0.203125,2,0.9,2.4206567471664607e-05,14,57
6,1.0,0.203125,2,0.9,2.5456222242679238e-05,14,64
8,1.0,0.05078125,1,0.8,0.03622009187267132,57,87
8,1.0,0.05078125,1,0.8,0.04263531354955319,54,115
8,1.0,0.05078125,1,0.8,0.0432863755206395,54,93
8,1.0,0.05078125,1,0.8,0.07127646511116927,55,86
8,1.0,0.05078125,1,0.8,0.07236489139454598,54,96
8,1.0,0.05078125,1,0.8,1.6315444209167414e-05,143,inf
8,1.0,0.05078125,1,0.8,1.6787577573011462e-05,146,inf
8,1.0,0.05078125,1,0.8,1.7248189948970332e-05,55,inf
8,1.0,0.05078125,1,0.8,1.774731493977231e-05,55,inf
8,1.0,0.05078125,1,0.8,1.9789292590157784e-05,147,inf
8,1.0,0.05078125,1,0.85,0.03622009187267132,62,119
8,1.0,0.05078125,1,0.85,0.04263531354955319,61,127
8,1.0,0.05078125,1,0.85,0.0432863755206395,61,118
8,1.0,0.05078125,1,0.85,0.07127646511116927,62,109
8,1.0,0.05078125,1,0.85,0.07236489139454598,61,121
8,1.0,0.05078125,1,0.85,1.6315444209167414e-05,149,inf
8,1.0,0.05078125,1,0.85,1.6787577573011462e-05,152,inf
8,1.0,0.05078125,1,0.85,1.7248189948970332e-05,63,inf
8,1.0,0.05078125,1,0.85,1.774731493977231e-05,63,inf
8,1.0,0.05078125,1,0.85,1.9789292590157784e-05,153,inf
8,1.0,0.05078125,1,0.9,0.03622009187267132,80,129
8,1.0,0.05078125,1,0.9,0.04263531354955319,81,138
8,1.0,0.05078125,1,0.9,0.0432863755206395,81,126
8,1.0,0.05078125,1,0.9,0.07127646511116927,80,126
8,1.0,0.05078125,1,0.9,0.07236489139454598,81,152
8,1.0,0.05078125,1,0.9,1.6315444209167414e-05,154,inf
8,1.0,0.05078125,1,0.9,1.6787577573011462e-05,157,inf
8,1.0,0.05078125,1,0.9,1.7248189948970332e-05,81,inf
8,1.0,0.05078125,1,0.9,1.774731493977231e-05,81,inf
8,1.0,0.05078125,1,0.9,1.9789292590157784e-05,158,inf
8,1.0,0.06640625,2,0.8,0.03609143645742651,89,174
8,1.0,0.06640625,2,0.8,0.03615847659925853,89,143
8,1.0,0.06640625,2,0.8,0.046930492270325024,88,173
8,1.0,0.06640625,2,0.8,0.04818367459150137,89,155
8,1.0,0.06640625,2,0.8,0.04827317616571586,89,193
8,1.0,0.06640625,2,0.8,2.0219456792496776e-05,108,241
8,1.0,0.06640625,2,0.8,3.0556079165246885e-05,102,235
8,1.0,0.06640625,2,0.8,3.093726287260041e-05,97,inf
8,1.0,0.06640625,2,0.8,3.620694608444782e-05,117,221
8,1.0,0.06640625,2,0.8,4.4236970403822485e-05,108,235
8,1.0,0.06640625,2,0.85,0.03609143645742651,119,188
8,1.0,0.06640625,2,0.85,0.03615847659925853,119,176
8,1.0,0.06640625,2,0.85,0.046930492270325024,109,184
8,1.0,0.06640625,2,0.85,0.04818367459150137,119,173
8,1.0,0.06640625,2,0.85,0.04827317616571586,119,178
8,1.0,0.06640625,2,0.85,2.0219456792496776e-05,130,236
8,1.0,0.06640625,2,0.85,3.0556079165246885e-05,125,243
8,1.0,0.06640625,2,0.85,3.093726287260041e-05,118,242
8,1.0,0.06640625,2,0.85,3.620694608444782e-05,134,247
8,1.0,0.06640625,2,0.85,4.4236970403822485e-05,130,236
8,1.0,0.06640625,2,0.9,0.03609143645742651,138,187
8,1.0,0.06640625,2,0.9,0.03615847659925853,138,194
8,1.0,0.06640625,2,0.9,0.046930492270325024,136,226
8,1.0,0.06640625,2,0.9,0.04818367459150137,138,inf
8,1.0,0.06640625,2,0.9,0.04827317616571586,138,211
8,1.0,0.06640625,2,0.9,2.0219456792496776e-05,150,242
8,1.0,0.06640625,2,0.9,3.0556079165246885e-05,146,inf
8,1.0,0.06640625,2,0.9,3.093726287260041e-05,139,inf
8,1.0,0.06640625,2,0.9,3.620694608444782e-05,156,inf
8,1.0,0.06640625,2,0.9,4.4236970403822485e-05,150,inf
6,1.0,0.15625,1,0.8,0.05723601935244565,14,27
6,1.0,0.15625,1,0.8,0.06001037382191189,16,24
6,1.0,0.15625,1,0.8,0.07780203071742343,35,18
6,1.0,0.15625,1,0.8,0.13834349704771864,14,26
6,1.0,0.15625,1,0.8,0.4058350776777287,14,23
6,1.0,0.15625,1,0.8,9.618629416443195e-06,18,inf
6,1.0,0.15625,1,0.8,1.7862960277976165e-05,18,45
6,1.0,0.15625,1,0.8,2.3158905631478695e-05,37,inf
6,1.0,0.15625,1,0.8,3.185306394419744e-05,41,inf
6,1.0,0.15625,1,0.8,5.013377688689773e-05,12,43
6,1.0,0.15625,1,0.85,0.05723601935244565,15,24
6,1.0,0.15625,1,0.85,0.06001037382191189,39,20
6,1.0,0.15625,1,0.85,0.07780203071742343,35,25
6,1.0,0.15625,1,0.85,0.13834349704771864,15,21
6,1.0,0.15625,1,0.85,0.4058350776777287,15,16
6,1.0,0.15625,1,0.85,9.618629416443195e-06,19,inf
6,1.0,0.15625,1,0.85,1.7862960277976165e-05,19,inf
6,1.0,0.15625,1,0.85,2.3158905631478695e-05,37,inf
6,1.0,0.15625,1,0.85,3.185306394419744e-05,45,inf
6,1.0,0.15625,1,0.85,5.013377688689773e-05,15,47
6,1.0,0.15625,1,0.9,0.05723601935244565,19,34
6,1.0,0.15625,1,0.9,0.06001037382191189,40,36
6,1.0,0.15625,1,0.9,0.07780203071742343,35,32
6,1.0,0.15625,1,0.9,0.13834349704771864,19,inf
6,1.0,0.15625,1,0.9,0.4058350776777287,19,22
6,1.0,0.15625,1,0.9,9.618629416443195e-06,22,inf
6,1.0,0.15625,1,0.9,1.7862960277976165e-05,22,47
6,1.0,0.15625,1,0.9,2.3158905631478695e-05,37,inf
6,1.0,0.15625,1,0.9,3.185306394419744e-05,46,inf
6,1.0,0.15625,1,0.9,5.013377688689773e-05,21,inf
6,1.0,0.203125,2,0.8,0.050117021730265596,25,45
6,1.0,0.203125,2,0.8,0.0651753238163615,17,35
6,1.0,0.203125,2,0.8,0.07079033933547231,20,26
6,1.0,0.203125,2,0.8,0.13935168198889053,25,25
6,1.0,0.203125,2,0.8,0.2534027122261469,25,28
6,1.0,0.203125,2,0.8,0.0001373899208618964,30,59
6,1.0,0.203125,2,0.8,0.0002014267334281228,20,inf
6,1.0,0.203125,2,0.8,0.000251938385466723,26,inf
6,1.0,0.203125,2,0.8,0.0003390359289258534,26,61
6,1.0,0.203125,2,0.8,0.00036936571250177706,20,46
6,1.0,0.203125,2,0.85,0.050117021730265596,26,44
6,1.0,0.203125,2,0.85,0.0651753238163615,23,33
6,1.0,0.203125,2,0.85,0.07079033933547231,27,inf
6,1.0,0.203125,2,0.85,0.13935168198889053,26,38
6,1.0,0.203125,2,0.85,0.2534027122261469,26,28
6,1.0,0.203125,2,0.85,0.0001373899208618964,33,inf
6,1.0,0.203125,2,0.85,0.0002014267334281228,27,56
6,1.0,0.203125,2,0.85,0.000251938385466723,27,53
6,1.0,0.203125,2,0.85,0.0003390359289258534,27,59
6,1.0,0.203125,2,0.85,0.00036936571250177706,27,52
6,1.0,0.203125,2,0.9,0.050117021730265596,29,53
6,1.0,0.203125,2,0.9,0.0651753238163615,28,57
6,1.0,0.203125,2,0.9,0.07079033933547231,28,44
6,1.0,0.203125,2,0.9,0.13935168198889053,29,42
6,1.0,0.203125,2,0.9,0.2534027122261469,29,42
6,1.0,0.203125,2,0.9,0.0001373899208618964,43,inf
6,1.0,0.203125,2,0.9,0.0002014267334281228,30,inf
6,1.0,0.203125,2,0.9,0.000251938385466723,30,50
6,1.0,0.203125,2,0.9,0.0003390359289258534,30,inf
6,1.0,0.203125,2,0.9,0.00036936571250177706,30,57
8,0.98046875,0.05078125,1,0.8,0.059793389267968795,29,53
8,0.98046875,0.05078125,1,0.8,0.07231527969865238,28,57
8,0.98046875,0.05078125,1,0.8,0.0758828356514033,29,57
8,0.98046875,0.05078125,1,0.8,0.12387517624846445,29,59
8,0.98046875,0.05078125,1,0.8,0.14981703040751354,29,49
8,0.98046875,0.05078125,1,0.8,2.5456376471267533e-07,33,inf
8,0.98046875,0.05078125,1,0.8,3.0008883727405296e-07,31,inf
8,0.98046875,0.05078125,1,0.8,5.130654133272147e-07,32,inf
8,0.98046875,0.05078125,1,0.8,6.048197924186881e-07,31,inf
8,0.98046875,0.05078125,1,0.8,7.457937515885069e-07,32,inf
8,0.98046875,0.05078125,1,0.85,0.059793389267968795,56,73
8,0.98046875,0.05078125,1,0.85,0.07231527969865238,55,77
8,0.98046875,0.05078125,1,0.85,0.0758828356514033,56,58
8,0.98046875,0.05078125,1,0.85,0.12387517624846445,56,69
8,0.98046875,0.05078125,1,0.85,0.14981703040751354,56,68
8,0.98046875,0.05078125,1,0.85,2.5456376471267533e-07,60,inf
8,0.98046875,0.05078125,1,0.85,3.0008883727405296e-07,58,inf
8,0.98046875,0.05078125,1,0.85,5.130654133272147e-07,55,inf
8,0.98046875,0.05078125,1,0.85,6.048197924186881e-07,57,inf
8,0.98046875,0.05078125,1,0.85,7.457937515885069e-07,59,inf
8,0.98046875,0.05078125,1,0.9,0.059793389267968795,73,92
8,0.98046875,0.05078125,1,0.9,0.07231527969865238,68,110
8,0.98046875,0.05078125,1,0.9,0.0758828356514033,73,117
8,0.98046875,0.05078125,1,0.9,0.12387517624846445,73,83
8,0.98046875,0.05078125,1,0.9,0.14981703040751354,73,82
8,0.98046875,0.05078125,1,0.9,2.5456376471267533e-07,77,inf
8,0.98046875,0.05078125,1,0.9,3.0008883727405296e-07,71,inf
8,0.98046875,0.05078125,1,0.9,5.130654133272147e-07,75,inf
8,0.98046875,0.05078125,1,0.9,6.048197924186881e-07,70,inf
8,0.98046875,0.05078125,1,0.9,7.457937515885069e-07,76,inf
8,1.0,0.0625,2,0.8,0.049601896836204695,46,74
8,1.0,0.0625,2,0.8,0.05234996033869987,44,67
8,1.0,0.0625,2,0.8,0.06472158776891745,47,70
8,1.0,0.0625,2,0.8,0.0854716337342228,46,91
8,1.0,0.0625,2,0.8,0.2194266853076045,46,46
8,1.0,0.0625,2,0.8,3.894425714111446e-06,50,inf
8,1.0,0.0625,2,0.8,4.880140521870965e-06,46,inf
8,1.0,0.0625,2,0.8,4.997036411756394e-06,48,inf
8,1.0,0.0625,2,0.8,6.1325289421819405e-06,45,inf
8,1.0,0.0625,2,0.8,6.748874021324553e-06,49,inf
8,1.0,0.0625,2,0.85,0.049601896836204695,79,90
8,1.0,0.0625,2,0.85,0.05234996033869987,75,138
8,1.0,0.0625,2,0.85,0.06472158776891745,76,88
8,1.0,0.0625,2,0.85,0.0854716337342228,79,77
8,1.0,0.0625,2,0.85,0.2194266853076045,79,51
8,1.0,0.0625,2,0.85,3.894425714111446e-06,75,inf
8,1.0,0.0625,2,0.85,4.880140521870965e-06,78,inf
8,1.0,0.0625,2,0.85,4.997036411756394e-06,78,232
8,1.0,0.0625,2,0.85,6.1325289421819405e-06,78,inf
8,1.0,0.0625,2,0.85,6.748874021324553e-06,82,inf
8,1.0,0.0625,2,0.9,0.049601896836204695,132,120
8,1.0,0.0625,2,0.9,0.05234996033869987,130,140
8,1.0,0.0625,2,0.9,0.06472158776891745,131,105
8,1.0,0.0625,2,0.9,0.0854716337342228,132,120
8,1.0,0.0625,2,0.9,0.2194266853076045,132,inf
8,1.0,0.0625,2,0.9,3.894425714111446e-06,130,inf
8,1.0,0.0625,2,0.9,4.880140521870965e-06,133,inf
8,1.0,0.0625,2,0.9,4.997036411756394e-06,133,inf
8,1.0,0.0625,2,0.9,6.1325289421819405e-06,132,inf
8,1.0,0.0625,2,0.9,6.748874021324553e-06,134,inf
6,1.0,0.15625,1,0.8,0.044644925567664674,24,inf
6,1.0,0.15625,1,0.8,0.04545859274841184,24,inf
6,1.0,0.15625,1,0.8,0.11218746624521797,23,38
6,1.0,0.15625,1,0.8,0.13317767369106107,25,inf
6,1.0,0.15625,1,0.8,0.13560487680346045,25,32
6,1.0,0.15625,1,0.8,0.00015186733859606842,24,inf
6,1.0,0.15625,1,0.8,0.00018322288333106956,26,inf
6,1.0,0.15625,1,0.8,0.0004482345714627398,37,53
6,1.0,0.15625,1,0.8,0.0004486635449141919,24,inf
6,1.0,0.15625,1,0.8,0.0005412976160948437,35,53
6,1.0,0.15625,1,0.85,0.044644925567664674,32,44
6,1.0,0.15625,1,0.85,0.04545859274841184,32,inf
6,1.0,0.15625,1,0.85,0.11218746624521797,31,44
6,1.0,0.15625,1,0.85,0.13317767369106107,34,39
6,1.0,0.15625,1,0.85,0.13560487680346045,34,43
6,1.0,0.15625,1,0.85,0.00015186733859606842,32,inf
6,1.0,0.15625,1,0.85,0.00018322288333106956,30,57
6,1.0,0.15625,1,0.85,0.0004482345714627398,39,56
6,1.0,0.15625,1,0.85,0.0004486635449141919,32,inf
6,1.0,0.15625,1,0.85,0.0005412976160948437,37,57
6,1.0,0.15625,1,0.9,0.044644925567664674,36,52
6,1.0,0.15625,1,0.9,0.04545859274841184,36,44
6,1.0,0.15625,1,0.9,0.11218746624521797,35,inf
6,1.0,0.15625,1,0.9,0.13317767369106107,39,46
6,1.0,0.15625,1,0.9,0.13560487680346045,39,45
6,1.0,0.15625,1,0.9,0.00015186733859606842,36,inf
6,1.0,0.15625,1,0.9,0.00018322288333106956,34,inf
6,1.0,0.15625,1,0.9,0.0004482345714627398,42,58
6,1.0,0.15625,1,0.9,0.0004486635449141919,36,inf
6,1.0,0.15625,1,0.9,0.0005412976160948437,44,inf
6,1.0,0.1875,2,0.8,0.0410592362220312,17,inf
6,1.0,0.1875,2,0.8,0.05146200740287355,17,23
6,1.0,0.1875,2,0.8,0.05461428620426054,18,39
6,1.0,0.1875,2,0.8,0.15841433439950783,18,37
6,1.0,0.1875,2,0.8,0.2971130484195719,18,23
6,1.0,0.1875,2,0.8,0.00018075316690995777,21,inf
6,1.0,0.1875,2,0.8,0.0002716485455925494,20,inf
6,1.0,0.1875,2,0.8,0.00028682865007757737,19,58
6,1.0,0.1875,2,0.8,0.00029210116108019206,19,55
6,1.0,0.1875,2,0.8,0.00032264867099556323,20,inf
6,1.0,0.1875,2,0.85,0.0410592362220312,22,43
6,1.0,0.1875,2,0.85,0.05146200740287355,22,28
6,1.0,0.1875,2,0.85,0.05461428620426054,22,39
6,1.0,0.1875,2,0.85,0.15841433439950783,22,39
6,1.0,0.1875,2,0.85,0.2971130484195719,22,29
6,1.0,0.1875,2,0.85,0.00018075316690995777,24,inf
6,1.0,0.1875,2,0.85,0.0002716485455925494,23,56
6,1.0,0.1875,2,0.85,0.00028682865007757737,23,inf
6,1.0,0.1875,2,0.85,0.00029210116108019206,23,inf
6,1.0,0.1875,2,0.85,0.00032264867099556323,23,inf
6,1.0,0.1875,2,0.9,0.0410592362220312,35,43
6,1.0,0.1875,2,0.9,0.05146200740287355,35,inf
6,1.0,0.1875,2,0.9,0.05461428620426054,35,48
6,1.0,0.1875,2,0.9,0.15841433439950783,35,42
6,1.0,0.1875,2,0.9,0.2971130484195719,35,38
6,1.0,0.1875,2,0.9,0.00018075316690995777,37,62
6,1.0,0.1875,2,0.9,0.0002716485455925494,27,inf
6,1.0,0.1875,2,0.9,0.00028682865007757737,36,inf
6,1.0,0.1875,2,0.9,0.00029210116108019206,36,62
6,1.0,0.1875,2,0.9,0.00032264867099556323,36,inf
8,1.0,0.05078125,1,0.8,0.0459092881242495,27,87
8,1.0,0.05078125,1,0.8,0.04723835161735136,26,107
8,1.0,0.05078125,1,0.8,0.05977525515694565,27,94
8,1.0,0.05078125,1,0.8,0.13466096283206525,27,67
8,1.0,0.05078125,1,0.8,0.1703995405718182,26,inf
8,1.0,0.05078125,1,0.8,1.3203099748812756e-06,32,inf
8,1.0,0.05078125,1,0.8,1.4258422634976768e-06,32,inf
8,1.0,0.05078125,1,0.8,2.3125041727907592e-06,32,inf
8,1.0,0.05078125,1,0.8,2.4198890843301537e-06,32,inf
8,1.0,0.05078125,1,0.8,2.4973424777591847e-06,32,inf
8,1.0,0.05078125,1,0.85,0.0459092881242495,36,88
8,1.0,0.05078125,1,0.85,0.04723835161735136,37,inf
8,1.0,0.05078125,1,0.85,0.05977525515694565,37,76
8,1.0,0.05078125,1,0.85,0.13466096283206525,37,95
8,1.0,0.05078125,1,0.85,0.1703995405718182,37,inf
8,1.0,0.05078125,1,0.85,1.3203099748812756e-06,40,inf
8,1.0,0.05078125,1,0.85,1.4258422634976768e-06,40,inf
8,1.0,0.05078125,1,0.85,2.3125041727907592e-06,40,inf
8,1.0,0.05078125,1,0.85,2.4198890843301537e-06,40,inf
8,1.0,0.05078125,1,0.85,2.4973424777591847e-06,40,inf
8,1.0,0.05078125,1,0.9,0.0459092881242495,68,93
8,1.0,0.05078125,1,0.9,0.04723835161735136,65,109
8,1.0,0.05078125,1,0.9,0.05977525515694565,66,109
8,1.0,0.05078125,1,0.9,0.13466096283206525,66,inf
8,1.0,0.05078125,1,0.9,0.1703995405718182,65,105
8,1.0,0.05078125,1,0.9,1.3203099748812756e-06,72,inf
8,1.0,0.05078125,1,0.9,1.4258422634976768e-06,70,inf
8,1.0,0.05078125,1,0.9,2.3125041727907592e-06,73,inf
8,1.0,0.05078125,1,0.9,2.4198890843301537e-06,73,inf
8,1.0,0.05078125,1,0.9,2.4973424777591847e-06,69,inf
8,0.9765625,0.06640625,2,0.8,0.06100692527509015,64,94
8,0.9765625,0.06640625,2,0.8,0.07302822976902304,64,79
8,0.9765625,0.06640625,2,0.8,0.08589665038412772,64,58
8,0.9765625,0.06640625,2,0.8,0.10144834703532299,64,54
8,0.9765625,0.06640625,2,0.8,0.16068675598332913,64,83
8,0.9765625,0.06640625,2,0.8,2.808926790320732e-07,26,inf
8,0.9765625,0.06640625,2,0.8,3.697192824583753e-07,147,inf
8,0.9765625,0.06640625,2,0.8,4.2492876808480506e-07,163,inf
8,0.9765625,0.06640625,2,0.8,6.910001263666314e-07,26,inf
8,0.9765625,0.06640625,2,0.8,7.397525144824776e-07,165,inf
8,0.9765625,0.06640625,2,0.85,0.06100692527509015,133,111
8,0.9765625,0.06640625,2,0.85,0.07302822976902304,133,77
8,0.9765625,0.06640625,2,0.85,0.08589665038412772,133,81
8,0.9765625,0.06640625,2,0.85,0.10144834703532299,133,70
8,0.9765625,0.06640625,2,0.85,0.16068675598332913,133,inf
8,0.9765625,0.06640625,2,0.85,2.808926790320732e-07,45,inf
8,0.9765625,0.06640625,2,0.85,3.697192824583753e-07,151,inf
8,0.9765625,0.06640625,2,0.85,4.2492876808480506e-07,166,inf
8,0.9765625,0.06640625,2,0.85,6.910001263666314e-07,45,inf
8,0.9765625,0.06640625,2,0.85,7.397525144824776e-07,168,inf
8,0.9765625,0.06640625,2,0.9,0.06100692527509015,137,111
8,0.9765625,0.06640625,2,0.9,0.07302822976902304,137,95
8,0.9765625,0.06640625,2,0.9,0.08589665038412772,137,125
8,0.9765625,0.06640625,2,0.9,0.10144834703532299,137,90
8,0.9765625,0.06640625,2,0.9,0.16068675598332913,137,100
8,0.9765625,0.06640625,2,0.9,2.808926790320732e-07,76,inf
8,0.9765625,0.06640625,2,0.9,3.697192824583753e-07,158,inf
8,0.9765625,0.06640625,2,0.9,4.2492876808480506e-07,172,inf
8,0.9765625,0.06640625,2,0.9,6.910001263666314e-07,75,inf
8,0.9765625,0.06640625,2,0.9,7.397525144824776e-07,174,inf
