Folder,Cluster,Runs,Path
all,all,720,equal_bitstrings_plots/all
by_N,N-10,180,equal_bitstrings_plots/by_N/N-10
by_N,N-12,180,equal_bitstrings_plots/by_N/N-12
by_N,N-6,180,equal_bitstrings_plots/by_N/N-6
by_N,N-8,180,equal_bitstrings_plots/by_N/N-8
by_maxint,maxint-1,240,equal_bitstrings_plots/by_maxint/maxint-1
by_maxint,maxint-2,240,equal_bitstrings_plots/by_maxint/maxint-2
by_maxint,maxint-3,240,equal_bitstrings_plots/by_maxint/maxint-3
by_gsdens,gsdens-high,210,equal_bitstrings_plots/by_gsdens/gsdens-high
by_gsdens,gsdens-low,240,equal_bitstrings_plots/by_gsdens/gsdens-low
by_gsdens,gsdens-mid,270,equal_bitstrings_plots/by_gsdens/gsdens-mid
by_hamdens,hamdens-high,240,equal_bitstrings_plots/by_hamdens/hamdens-high
by_hamdens,hamdens-low,240,equal_bitstrings_plots/by_hamdens/hamdens-low
by_hamdens,hamdens-mid,240,equal_bitstrings_plots/by_hamdens/hamdens-mid
by_overlap,overlap-high,240,equal_bitstrings_plots/by_overlap/overlap-high
by_overlap,overlap-low,240,equal_bitstrings_plots/by_overlap/overlap-low
by_overlap,overlap-mid,240,equal_bitstrings_plots/by_overlap/overlap-mid
by_N_maxint,N-10_maxint-1,60,equal_bitstrings_plots/by_N_maxint/N-10_maxint-1
by_N_maxint,N-10_maxint-2,60,equal_bitstrings_plots/by_N_maxint/N-10_maxint-2
by_N_maxint,N-10_maxint-3,60,equal_bitstrings_plots/by_N_maxint/N-10_maxint-3
by_N_maxint,N-12_maxint-1,60,equal_bitstrings_plots/by_N_maxint/N-12_maxint-1
by_N_maxint,N-12_maxint-2,60,equal_bitstrings_plots/by_N_maxint/N-12_maxint-2
by_N_maxint,N-12_maxint-3,60,equal_bitstrings_plots/by_N_maxint/N-12_maxint-3
by_N_maxint,N-6_maxint-1,60,equal_bitstrings_plots/by_N_maxint/N-6_maxint-1
by_N_maxint,N-6_maxint-2,60,equal_bitstrings_plots/by_N_maxint/N-6_maxint-2
by_N_maxint,N-6_maxint-3,60,equal_bitstrings_plots/by_N_maxint/N-6_maxint-3
by_N_maxint,N-8_maxint-1,60,equal_bitstrings_plots/by_N_maxint/N-8_maxint-1
by_N_maxint,N-8_maxint-2,60,equal_bitstrings_plots/by_N_maxint/N-8_maxint-2
by_N_maxint,N-8_maxint-3,60,equal_bitstrings_plots/by_N_maxint/N-8_maxint-3
by_N_gsdens,N-10_gsdens-high,60,equal_bitstrings_plots/by_N_gsdens/N-10_gsdens-high
by_N_gsdens,N-10_gsdens-low,60,equal_bitstrings_plots/by_N_gsdens/N-10_gsdens-low
by_N_gsdens,N-10_gsdens-mid,60,equal_bitstrings_plots/by_N_gsdens/N-10_gsdens-mid
by_N_gsdens,N-12_gsdens-high,60,equal_bitstrings_plots/by_N_gsdens/N-12_gsdens-high
by_N_gsdens,N-12_gsdens-low,60,equal_bitstrings_plots/by_N_gsdens/N-12_gsdens-low
by_N_gsdens,N-12_gsdens-mid,60,equal_bitstrings_plots/by_N_gsdens/N-12_gsdens-mid
by_N_gsdens,N-6_gsdens-high,30,equal_bitstrings_plots/by_N_gsdens/N-6_gsdens-high
by_N_gsdens,N-6_gsdens-low,60,equal_bitstrings_plots/by_N_gsdens/N-6_gsdens-low
by_N_gsdens,N-6_gsdens-mid,90,equal_bitstrings_plots/by_N_gsdens/N-6_gsdens-mid
by_N_gsdens,N-8_gsdens-high,60,equal_bitstrings_plots/by_N_gsdens/N-8_gsdens-high
by_N_gsdens,N-8_gsdens-low,60,equal_bitstrings_plots/by_N_gsdens/N-8_gsdens-low
by_N_gsdens,N-8_gsdens-mid,60,equal_bitstrings_plots/by_N_gsdens/N-8_gsdens-mid
by_N_hamdens,N-10_hamdens-high,60,equal_bitstrings_plots/by_N_hamdens/N-10_hamdens-high
by_N_hamdens,N-10_hamdens-low,60,equal_bitstrings_plots/by_N_hamdens/N-10_hamdens-low
by_N_hamdens,N-10_hamdens-mid,60,equal_bitstrings_plots/by_N_hamdens/N-10_hamdens-mid
by_N_hamdens,N-12_hamdens-high,60,equal_bitstrings_plots/by_N_hamdens/N-12_hamdens-high
by_N_hamdens,N-12_hamdens-low,60,equal_bitstrings_plots/by_N_hamdens/N-12_hamdens-low
by_N_hamdens,N-12_hamdens-mid,60,equal_bitstrings_plots/by_N_hamdens/N-12_hamdens-mid
by_N_hamdens,N-6_hamdens-high,60,equal_bitstrings_plots/by_N_hamdens/N-6_hamdens-high
by_N_hamdens,N-6_hamdens-low,60,equal_bitstrings_plots/by_N_hamdens/N-6_hamdens-low
by_N_hamdens,N-6_hamdens-mid,60,equal_bitstrings_plots/by_N_hamdens/N-6_hamdens-mid
by_N_hamdens,N-8_hamdens-high,60,equal_bitstrings_plots/by_N_hamdens/N-8_hamdens-high
by_N_hamdens,N-8_hamdens-low,60,equal_bitstrings_plots/by_N_hamdens/N-8_hamdens-low
by_N_hamdens,N-8_hamdens-mid,60,equal_bitstrings_plots/by_N_hamdens/N-8_hamdens-mid
by_N_overlap,N-10_overlap-high,60,equal_bitstrings_plots/by_N_overlap/N-10_overlap-high
by_N_overlap,N-10_overlap-low,60,equal_bitstrings_plots/by_N_overlap/N-10_overlap-low
by_N_overlap,N-10_overlap-mid,60,equal_bitstrings_plots/by_N_overlap/N-10_overlap-mid
by_N_overlap,N-12_overlap-high,60,equal_bitstrings_plots/by_N_overlap/N-12_overlap-high
by_N_overlap,N-12_overlap-low,60,equal_bitstrings_plots/by_N_overlap/N-12_overlap-low
by_N_overlap,N-12_overlap-mid,60,equal_bitstrings_plots/by_N_overlap/N-12_overlap-mid
by_N_overlap,N-6_overlap-high,60,equal_bitstrings_plots/by_N_overlap/N-6_overlap-high
by_N_overlap,N-6_overlap-low,60,equal_bitstrings_plots/by_N_overlap/N-6_overlap-low
by_N_overlap,N-6_overlap-mid,60,equal_bitstrings_plots/by_N_overlap/N-6_overlap-mid
by_N_overlap,N-8_overlap-high,60,equal_bitstrings_plots/by_N_overlap/N-8_overlap-high
by_N_overlap,N-8_overlap-low,60,equal_bitstrings_plots/by_N_overlap/N-8_overlap-low
by_N_overlap,N-8_overlap-mid,60,equal_bitstrings_plots/by_N_overlap/N-8_overlap-mid
by_maxint_gsdens,maxint-1_gsdens-low,240,equal_bitstrings_plots/by_maxint_gsdens/maxint-1_gsdens-low
by_maxint_gsdens,maxint-2_gsdens-high,36,equal_bitstrings_plots/by_maxint_gsdens/maxint-2_gsdens-high
by_maxint_gsdens,maxint-2_gsdens-mid,204,equal_bitstrings_plots/by_maxint_gsdens/maxint-2_gsdens-mid
by_maxint_gsdens,maxint-3_gsdens-high,174,equal_bitstrings_plots/by_maxint_gsdens/maxint-3_gsdens-high
by_maxint_gsdens,maxint-3_gsdens-mid,66,equal_bitstrings_plots/by_maxint_gsdens/maxint-3_gsdens-mid
by_maxint_hamdens,maxint-1_hamdens-low,240,equal_bitstrings_plots/by_maxint_hamdens/maxint-1_hamdens-low
by_maxint_hamdens,maxint-2_hamdens-mid,240,equal_bitstrings_plots/by_maxint_hamdens/maxint-2_hamdens-mid
by_maxint_hamdens,maxint-3_hamdens-high,240,equal_bitstrings_plots/by_maxint_hamdens/maxint-3_hamdens-high
by_maxint_overlap,maxint-1_overlap-high,74,equal_bitstrings_plots/by_maxint_overlap/maxint-1_overlap-high
by_maxint_overlap,maxint-1_overlap-low,118,equal_bitstrings_plots/by_maxint_overlap/maxint-1_overlap-low
by_maxint_overlap,maxint-1_overlap-mid,48,equal_bitstrings_plots/by_maxint_overlap/maxint-1_overlap-mid
by_maxint_overlap,maxint-2_overlap-high,86,equal_bitstrings_plots/by_maxint_overlap/maxint-2_overlap-high
by_maxint_overlap,maxint-2_overlap-low,71,equal_bitstrings_plots/by_maxint_overlap/maxint-2_overlap-low
by_maxint_overlap,maxint-2_overlap-mid,83,equal_bitstrings_plots/by_maxint_overlap/maxint-2_overlap-mid
by_maxint_overlap,maxint-3_overlap-high,80,equal_bitstrings_plots/by_maxint_overlap/maxint-3_overlap-high
by_maxint_overlap,maxint-3_overlap-low,51,equal_bitstrings_plots/by_maxint_overlap/maxint-3_overlap-low
by_maxint_overlap,maxint-3_overlap-mid,109,equal_bitstrings_plots/by_maxint_overlap/maxint-3_overlap-mid
by_gsdens_hamdens,gsdens-high_hamdens-high,174,equal_bitstrings_plots/by_gsdens_hamdens/gsdens-high_hamdens-high
by_gsdens_hamdens,gsdens-high_hamdens-mid,36,equal_bitstrings_plots/by_gsdens_hamdens/gsdens-high_hamdens-mid
by_gsdens_hamdens,gsdens-low_hamdens-low,240,equal_bitstrings_plots/by_gsdens_hamdens/gsdens-low_hamdens-low
by_gsdens_hamdens,gsdens-mid_hamdens-high,66,equal_bitstrings_plots/by_gsdens_hamdens/gsdens-mid_hamdens-high
by_gsdens_hamdens,gsdens-mid_hamdens-mid,204,equal_bitstrings_plots/by_gsdens_hamdens/gsdens-mid_hamdens-mid
by_gsdens_overlap,gsdens-high_overlap-high,69,equal_bitstrings_plots/by_gsdens_overlap/gsdens-high_overlap-high
by_gsdens_overlap,gsdens-high_overlap-low,39,equal_bitstrings_plots/by_gsdens_overlap/gsdens-high_overlap-low
by_gsdens_overlap,gsdens-high_overlap-mid,102,equal_bitstrings_plots/by_gsdens_overlap/gsdens-high_overlap-mid
by_gsdens_overlap,gsdens-low_overlap-high,74,equal_bitstrings_plots/by_gsdens_overlap/gsdens-low_overlap-high
by_gsdens_overlap,gsdens-low_overlap-low,118,equal_bitstrings_plots/by_gsdens_overlap/gsdens-low_overlap-low
by_gsdens_overlap,gsdens-low_overlap-mid,48,equal_bitstrings_plots/by_gsdens_overlap/gsdens-low_overlap-mid
by_gsdens_overlap,gsdens-mid_overlap-high,97,equal_bitstrings_plots/by_gsdens_overlap/gsdens-mid_overlap-high
by_gsdens_overlap,gsdens-mid_overlap-low,83,equal_bitstrings_plots/by_gsdens_overlap/gsdens-mid_overlap-low
by_gsdens_overlap,gsdens-mid_overlap-mid,90,equal_bitstrings_plots/by_gsdens_overlap/gsdens-mid_overlap-mid
by_hamdens_overlap,hamdens-high_overlap-high,80,equal_bitstrings_plots/by_hamdens_overlap/hamdens-high_overlap-high
by_hamdens_overlap,hamdens-high_overlap-low,51,equal_bitstrings_plots/by_hamdens_overlap/hamdens-high_overlap-low
by_hamdens_overlap,hamdens-high_overlap-mid,109,equal_bitstrings_plots/by_hamdens_overlap/hamdens-high_overlap-mid
by_hamdens_overlap,hamdens-low_overlap-high,74,equal_bitstrings_plots/by_hamdens_overlap/hamdens-low_overlap-high
by_hamdens_overlap,hamdens-low_overlap-low,118,equal_bitstrings_plots/by_hamdens_overlap/hamdens-low_overlap-low
by_hamdens_overlap,hamdens-low_overlap-mid,48,equal_bitstrings_plots/by_hamdens_overlap/hamdens-low_overlap-mid
by_hamdens_overlap,hamdens-mid_overlap-high,86,equal_bitstrings_plots/by_hamdens_overlap/hamdens-mid_overlap-high
by_hamdens_overlap,hamdens-mid_overlap-low,71,equal_bitstrings_plots/by_hamdens_overlap/hamdens-mid_overlap-low
by_hamdens_overlap,hamdens-mid_overlap-mid,83,equal_bitstrings_plots/by_hamdens_overlap/hamdens-mid_overlap-mid
by_N_maxint_gsdens,N-10_maxint-1_gsdens-low,60,equal_bitstrings_plots/by_N_maxint_gsdens/N-10_maxint-1_gsdens-low
by_N_maxint_gsdens,N-10_maxint-2_gsdens-high,6,equal_bitstrings_plots/by_N_maxint_gsdens/N-10_maxint-2_gsdens-high
by_N_maxint_gsdens,N-10_maxint-2_gsdens-mid,54,equal_bitstrings_plots/by_N_maxint_gsdens/N-10_maxint-2_gsdens-mid
by_N_maxint_gsdens,N-10_maxint-3_gsdens-high,54,equal_bitstrings_plots/by_N_maxint_gsdens/N-10_maxint-3_gsdens-high
by_N_maxint_gsdens,N-10_maxint-3_gsdens-mid,6,equal_bitstrings_plots/by_N_maxint_gsdens/N-10_maxint-3_gsdens-mid
by_N_maxint_gsdens,N-12_maxint-1_gsdens-low,60,equal_bitstrings_plots/by_N_maxint_gsdens/N-12_maxint-1_gsdens-low
by_N_maxint_gsdens,N-12_maxint-2_gsdens-high,6,equal_bitstrings_plots/by_N_maxint_gsdens/N-12_maxint-2_gsdens-high
by_N_maxint_gsdens,N-12_maxint-2_gsdens-mid,54,equal_bitstrings_plots/by_N_maxint_gsdens/N-12_maxint-2_gsdens-mid
by_N_maxint_gsdens,N-12_maxint-3_gsdens-high,54,equal_bitstrings_plots/by_N_maxint_gsdens/N-12_maxint-3_gsdens-high
by_N_maxint_gsdens,N-12_maxint-3_gsdens-mid,6,equal_bitstrings_plots/by_N_maxint_gsdens/N-12_maxint-3_gsdens-mid
by_N_maxint_gsdens,N-6_maxint-1_gsdens-low,60,equal_bitstrings_plots/by_N_maxint_gsdens/N-6_maxint-1_gsdens-low
by_N_maxint_gsdens,N-6_maxint-2_gsdens-high,12,equal_bitstrings_plots/by_N_maxint_gsdens/N-6_maxint-2_gsdens-high
by_N_maxint_gsdens,N-6_maxint-2_gsdens-mid,48,equal_bitstrings_plots/by_N_maxint_gsdens/N-6_maxint-2_gsdens-mid
by_N_maxint_gsdens,N-6_maxint-3_gsdens-high,18,equal_bitstrings_plots/by_N_maxint_gsdens/N-6_maxint-3_gsdens-high
by_N_maxint_gsdens,N-6_maxint-3_gsdens-mid,42,equal_bitstrings_plots/by_N_maxint_gsdens/N-6_maxint-3_gsdens-mid
by_N_maxint_gsdens,N-8_maxint-1_gsdens-low,60,equal_bitstrings_plots/by_N_maxint_gsdens/N-8_maxint-1_gsdens-low
by_N_maxint_gsdens,N-8_maxint-2_gsdens-high,12,equal_bitstrings_plots/by_N_maxint_gsdens/N-8_maxint-2_gsdens-high
by_N_maxint_gsdens,N-8_maxint-2_gsdens-mid,48,equal_bitstrings_plots/by_N_maxint_gsdens/N-8_maxint-2_gsdens-mid
by_N_maxint_gsdens,N-8_maxint-3_gsdens-high,48,equal_bitstrings_plots/by_N_maxint_gsdens/N-8_maxint-3_gsdens-high
by_N_maxint_gsdens,N-8_maxint-3_gsdens-mid,12,equal_bitstrings_plots/by_N_maxint_gsdens/N-8_maxint-3_gsdens-mid
by_N_maxint_hamdens,N-10_maxint-1_hamdens-low,60,equal_bitstrings_plots/by_N_maxint_hamdens/N-10_maxint-1_hamdens-low
by_N_maxint_hamdens,N-10_maxint-2_hamdens-mid,60,equal_bitstrings_plots/by_N_maxint_hamdens/N-10_maxint-2_hamdens-mid
by_N_maxint_hamdens,N-10_maxint-3_hamdens-high,60,equal_bitstrings_plots/by_N_maxint_hamdens/N-10_maxint-3_hamdens-high
by_N_maxint_hamdens,N-12_maxint-1_hamdens-low,60,equal_bitstrings_plots/by_N_maxint_hamdens/N-12_maxint-1_hamdens-low
by_N_maxint_hamdens,N-12_maxint-2_hamdens-mid,60,equal_bitstrings_plots/by_N_maxint_hamdens/N-12_maxint-2_hamdens-mid
by_N_maxint_hamdens,N-12_maxint-3_hamdens-high,60,equal_bitstrings_plots/by_N_maxint_hamdens/N-12_maxint-3_hamdens-high
by_N_maxint_hamdens,N-6_maxint-1_hamdens-low,60,equal_bitstrings_plots/by_N_maxint_hamdens/N-6_maxint-1_hamdens-low
by_N_maxint_hamdens,N-6_maxint-2_hamdens-mid,60,equal_bitstrings_plots/by_N_maxint_hamdens/N-6_maxint-2_hamdens-mid
by_N_maxint_hamdens,N-6_maxint-3_hamdens-high,60,equal_bitstrings_plots/by_N_maxint_hamdens/N-6_maxint-3_hamdens-high
by_N_maxint_hamdens,N-8_maxint-1_hamdens-low,60,equal_bitstrings_plots/by_N_maxint_hamdens/N-8_maxint-1_hamdens-low
by_N_maxint_hamdens,N-8_maxint-2_hamdens-mid,60,equal_bitstrings_plots/by_N_maxint_hamdens/N-8_maxint-2_hamdens-mid
by_N_maxint_hamdens,N-8_maxint-3_hamdens-high,60,equal_bitstrings_plots/by_N_maxint_hamdens/N-8_maxint-3_hamdens-high
by_N_maxint_overlap,N-10_maxint-1_overlap-high,20,equal_bitstrings_plots/by_N_maxint_overlap/N-10_maxint-1_overlap-high
by_N_maxint_overlap,N-10_maxint-1_overlap-low,28,equal_bitstrings_plots/by_N_maxint_overlap/N-10_maxint-1_overlap-low
by_N_maxint_overlap,N-10_maxint-1_overlap-mid,12,equal_bitstrings_plots/by_N_maxint_overlap/N-10_maxint-1_overlap-mid
by_N_maxint_overlap,N-10_maxint-2_overlap-high,21,equal_bitstrings_plots/by_N_maxint_overlap/N-10_maxint-2_overlap-high
by_N_maxint_overlap,N-10_maxint-2_overlap-low,15,equal_bitstrings_plots/by_N_maxint_overlap/N-10_maxint-2_overlap-low
by_N_maxint_overlap,N-10_maxint-2_overlap-mid,24,equal_bitstrings_plots/by_N_maxint_overlap/N-10_maxint-2_overlap-mid
by_N_maxint_overlap,N-10_maxint-3_overlap-high,19,equal_bitstrings_plots/by_N_maxint_overlap/N-10_maxint-3_overlap-high
by_N_maxint_overlap,N-10_maxint-3_overlap-low,17,equal_bitstrings_plots/by_N_maxint_overlap/N-10_maxint-3_overlap-low
by_N_maxint_overlap,N-10_maxint-3_overlap-mid,24,equal_bitstrings_plots/by_N_maxint_overlap/N-10_maxint-3_overlap-mid
by_N_maxint_overlap,N-12_maxint-1_overlap-high,21,equal_bitstrings_plots/by_N_maxint_overlap/N-12_maxint-1_overlap-high
by_N_maxint_overlap,N-12_maxint-1_overlap-low,30,equal_bitstrings_plots/by_N_maxint_overlap/N-12_maxint-1_overlap-low
by_N_maxint_overlap,N-12_maxint-1_overlap-mid,9,equal_bitstrings_plots/by_N_maxint_overlap/N-12_maxint-1_overlap-mid
by_N_maxint_overlap,N-12_maxint-2_overlap-high,23,equal_bitstrings_plots/by_N_maxint_overlap/N-12_maxint-2_overlap-high
by_N_maxint_overlap,N-12_maxint-2_overlap-low,19,equal_bitstrings_plots/by_N_maxint_overlap/N-12_maxint-2_overlap-low
by_N_maxint_overlap,N-12_maxint-2_overlap-mid,18,equal_bitstrings_plots/by_N_maxint_overlap/N-12_maxint-2_overlap-mid
by_N_maxint_overlap,N-12_maxint-3_overlap-high,16,equal_bitstrings_plots/by_N_maxint_overlap/N-12_maxint-3_overlap-high
by_N_maxint_overlap,N-12_maxint-3_overlap-low,11,equal_bitstrings_plots/by_N_maxint_overlap/N-12_maxint-3_overlap-low
by_N_maxint_overlap,N-12_maxint-3_overlap-mid,33,equal_bitstrings_plots/by_N_maxint_overlap/N-12_maxint-3_overlap-mid
by_N_maxint_overlap,N-6_maxint-1_overlap-high,16,equal_bitstrings_plots/by_N_maxint_overlap/N-6_maxint-1_overlap-high
by_N_maxint_overlap,N-6_maxint-1_overlap-low,30,equal_bitstrings_plots/by_N_maxint_overlap/N-6_maxint-1_overlap-low
by_N_maxint_overlap,N-6_maxint-1_overlap-mid,14,equal_bitstrings_plots/by_N_maxint_overlap/N-6_maxint-1_overlap-mid
by_N_maxint_overlap,N-6_maxint-2_overlap-high,21,equal_bitstrings_plots/by_N_maxint_overlap/N-6_maxint-2_overlap-high
by_N_maxint_overlap,N-6_maxint-2_overlap-low,20,equal_bitstrings_plots/by_N_maxint_overlap/N-6_maxint-2_overlap-low
by_N_maxint_overlap,N-6_maxint-2_overlap-mid,19,equal_bitstrings_plots/by_N_maxint_overlap/N-6_maxint-2_overlap-mid
by_N_maxint_overlap,N-6_maxint-3_overlap-high,23,equal_bitstrings_plots/by_N_maxint_overlap/N-6_maxint-3_overlap-high
by_N_maxint_overlap,N-6_maxint-3_overlap-low,10,equal_bitstrings_plots/by_N_maxint_overlap/N-6_maxint-3_overlap-low
by_N_maxint_overlap,N-6_maxint-3_overlap-mid,27,equal_bitstrings_plots/by_N_maxint_overlap/N-6_maxint-3_overlap-mid
by_N_maxint_overlap,N-8_maxint-1_overlap-high,17,equal_bitstrings_plots/by_N_maxint_overlap/N-8_maxint-1_overlap-high
by_N_maxint_overlap,N-8_maxint-1_overlap-low,30,equal_bitstrings_plots/by_N_maxint_overlap/N-8_maxint-1_overlap-low
by_N_maxint_overlap,N-8_maxint-1_overlap-mid,13,equal_bitstrings_plots/by_N_maxint_overlap/N-8_maxint-1_overlap-mid
by_N_maxint_overlap,N-8_maxint-2_overlap-high,21,equal_bitstrings_plots/by_N_maxint_overlap/N-8_maxint-2_overlap-high
by_N_maxint_overlap,N-8_maxint-2_overlap-low,17,equal_bitstrings_plots/by_N_maxint_overlap/N-8_maxint-2_overlap-low
by_N_maxint_overlap,N-8_maxint-2_overlap-mid,22,equal_bitstrings_plots/by_N_maxint_overlap/N-8_maxint-2_overlap-mid
by_N_maxint_overlap,N-8_maxint-3_overlap-high,22,equal_bitstrings_plots/by_N_maxint_overlap/N-8_maxint-3_overlap-high
by_N_maxint_overlap,N-8_maxint-3_overlap-low,13,equal_bitstrings_plots/by_N_maxint_overlap/N-8_maxint-3_overlap-low
by_N_maxint_overlap,N-8_maxint-3_overlap-mid,25,equal_bitstrings_plots/by_N_maxint_overlap/N-8_maxint-3_overlap-mid
by_N_gsdens_hamdens,N-10_gsdens-high_hamdens-high,54,equal_bitstrings_plots/by_N_gsdens_hamdens/N-10_gsdens-high_hamdens-high
by_N_gsdens_hamdens,N-10_gsdens-high_hamdens-mid,6,equal_bitstrings_plots/by_N_gsdens_hamdens/N-10_gsdens-high_hamdens-mid
by_N_gsdens_hamdens,N-10_gsdens-low_hamdens-low,60,equal_bitstrings_plots/by_N_gsdens_hamdens/N-10_gsdens-low_hamdens-low
by_N_gsdens_hamdens,N-10_gsdens-mid_hamdens-high,6,equal_bitstrings_plots/by_N_gsdens_hamdens/N-10_gsdens-mid_hamdens-high
by_N_gsdens_hamdens,N-10_gsdens-mid_hamdens-mid,54,equal_bitstrings_plots/by_N_gsdens_hamdens/N-10_gsdens-mid_hamdens-mid
by_N_gsdens_hamdens,N-12_gsdens-high_hamdens-high,54,equal_bitstrings_plots/by_N_gsdens_hamdens/N-12_gsdens-high_hamdens-high
by_N_gsdens_hamdens,N-12_gsdens-high_hamdens-mid,6,equal_bitstrings_plots/by_N_gsdens_hamdens/N-12_gsdens-high_hamdens-mid
by_N_gsdens_hamdens,N-12_gsdens-low_hamdens-low,60,equal_bitstrings_plots/by_N_gsdens_hamdens/N-12_gsdens-low_hamdens-low
by_N_gsdens_hamdens,N-12_gsdens-mid_hamdens-high,6,equal_bitstrings_plots/by_N_gsdens_hamdens/N-12_gsdens-mid_hamdens-high
by_N_gsdens_hamdens,N-12_gsdens-mid_hamdens-mid,54,equal_bitstrings_plots/by_N_gsdens_hamdens/N-12_gsdens-mid_hamdens-mid
by_N_gsdens_hamdens,N-6_gsdens-high_hamdens-high,18,equal_bitstrings_plots/by_N_gsdens_hamdens/N-6_gsdens-high_hamdens-high
by_N_gsdens_hamdens,N-6_gsdens-high_hamdens-mid,12,equal_bitstrings_plots/by_N_gsdens_hamdens/N-6_gsdens-high_hamdens-mid
by_N_gsdens_hamdens,N-6_gsdens-low_hamdens-low,60,equal_bitstrings_plots/by_N_gsdens_hamdens/N-6_gsdens-low_hamdens-low
by_N_gsdens_hamdens,N-6_gsdens-mid_hamdens-high,42,equal_bitstrings_plots/by_N_gsdens_hamdens/N-6_gsdens-mid_hamdens-high
by_N_gsdens_hamdens,N-6_gsdens-mid_hamdens-mid,48,equal_bitstrings_plots/by_N_gsdens_hamdens/N-6_gsdens-mid_hamdens-mid
by_N_gsdens_hamdens,N-8_gsdens-high_hamdens-high,48,equal_bitstrings_plots/by_N_gsdens_hamdens/N-8_gsdens-high_hamdens-high
by_N_gsdens_hamdens,N-8_gsdens-high_hamdens-mid,12,equal_bitstrings_plots/by_N_gsdens_hamdens/N-8_gsdens-high_hamdens-mid
by_N_gsdens_hamdens,N-8_gsdens-low_hamdens-low,60,equal_bitstrings_plots/by_N_gsdens_hamdens/N-8_gsdens-low_hamdens-low
by_N_gsdens_hamdens,N-8_gsdens-mid_hamdens-high,12,equal_bitstrings_plots/by_N_gsdens_hamdens/N-8_gsdens-mid_hamdens-high
by_N_gsdens_hamdens,N-8_gsdens-mid_hamdens-mid,48,equal_bitstrings_plots/by_N_gsdens_hamdens/N-8_gsdens-mid_hamdens-mid
by_N_gsdens_overlap,N-10_gsdens-high_overlap-high,19,equal_bitstrings_plots/by_N_gsdens_overlap/N-10_gsdens-high_overlap-high
by_N_gsdens_overlap,N-10_gsdens-high_overlap-low,17,equal_bitstrings_plots/by_N_gsdens_overlap/N-10_gsdens-high_overlap-low
by_N_gsdens_overlap,N-10_gsdens-high_overlap-mid,24,equal_bitstrings_plots/by_N_gsdens_overlap/N-10_gsdens-high_overlap-mid
by_N_gsdens_overlap,N-10_gsdens-low_overlap-high,20,equal_bitstrings_plots/by_N_gsdens_overlap/N-10_gsdens-low_overlap-high
by_N_gsdens_overlap,N-10_gsdens-low_overlap-low,28,equal_bitstrings_plots/by_N_gsdens_overlap/N-10_gsdens-low_overlap-low
by_N_gsdens_overlap,N-10_gsdens-low_overlap-mid,12,equal_bitstrings_plots/by_N_gsdens_overlap/N-10_gsdens-low_overlap-mid
by_N_gsdens_overlap,N-10_gsdens-mid_overlap-high,21,equal_bitstrings_plots/by_N_gsdens_overlap/N-10_gsdens-mid_overlap-high
by_N_gsdens_overlap,N-10_gsdens-mid_overlap-low,15,equal_bitstrings_plots/by_N_gsdens_overlap/N-10_gsdens-mid_overlap-low
by_N_gsdens_overlap,N-10_gsdens-mid_overlap-mid,24,equal_bitstrings_plots/by_N_gsdens_overlap/N-10_gsdens-mid_overlap-mid
by_N_gsdens_overlap,N-12_gsdens-high_overlap-high,16,equal_bitstrings_plots/by_N_gsdens_overlap/N-12_gsdens-high_overlap-high
by_N_gsdens_overlap,N-12_gsdens-high_overlap-low,11,equal_bitstrings_plots/by_N_gsdens_overlap/N-12_gsdens-high_overlap-low
by_N_gsdens_overlap,N-12_gsdens-high_overlap-mid,33,equal_bitstrings_plots/by_N_gsdens_overlap/N-12_gsdens-high_overlap-mid
by_N_gsdens_overlap,N-12_gsdens-low_overlap-high,21,equal_bitstrings_plots/by_N_gsdens_overlap/N-12_gsdens-low_overlap-high
by_N_gsdens_overlap,N-12_gsdens-low_overlap-low,30,equal_bitstrings_plots/by_N_gsdens_overlap/N-12_gsdens-low_overlap-low
by_N_gsdens_overlap,N-12_gsdens-low_overlap-mid,9,equal_bitstrings_plots/by_N_gsdens_overlap/N-12_gsdens-low_overlap-mid
by_N_gsdens_overlap,N-12_gsdens-mid_overlap-high,23,equal_bitstrings_plots/by_N_gsdens_overlap/N-12_gsdens-mid_overlap-high
by_N_gsdens_overlap,N-12_gsdens-mid_overlap-low,19,equal_bitstrings_plots/by_N_gsdens_overlap/N-12_gsdens-mid_overlap-low
by_N_gsdens_overlap,N-12_gsdens-mid_overlap-mid,18,equal_bitstrings_plots/by_N_gsdens_overlap/N-12_gsdens-mid_overlap-mid
by_N_gsdens_overlap,N-6_gsdens-high_overlap-high,13,equal_bitstrings_plots/by_N_gsdens_overlap/N-6_gsdens-high_overlap-high
by_N_gsdens_overlap,N-6_gsdens-high_overlap-mid,13,equal_bitstrings_plots/by_N_gsdens_overlap/N-6_gsdens-high_overlap-mid
by_N_gsdens_overlap,N-6_gsdens-low_overlap-high,16,equal_bitstrings_plots/by_N_gsdens_overlap/N-6_gsdens-low_overlap-high
by_N_gsdens_overlap,N-6_gsdens-low_overlap-low,30,equal_bitstrings_plots/by_N_gsdens_overlap/N-6_gsdens-low_overlap-low
by_N_gsdens_overlap,N-6_gsdens-low_overlap-mid,14,equal_bitstrings_plots/by_N_gsdens_overlap/N-6_gsdens-low_overlap-mid
by_N_gsdens_overlap,N-6_gsdens-mid_overlap-high,31,equal_bitstrings_plots/by_N_gsdens_overlap/N-6_gsdens-mid_overlap-high
by_N_gsdens_overlap,N-6_gsdens-mid_overlap-low,26,equal_bitstrings_plots/by_N_gsdens_overlap/N-6_gsdens-mid_overlap-low
by_N_gsdens_overlap,N-6_gsdens-mid_overlap-mid,33,equal_bitstrings_plots/by_N_gsdens_overlap/N-6_gsdens-mid_overlap-mid
by_N_gsdens_overlap,N-8_gsdens-high_overlap-high,21,equal_bitstrings_plots/by_N_gsdens_overlap/N-8_gsdens-high_overlap-high
by_N_gsdens_overlap,N-8_gsdens-high_overlap-low,7,equal_bitstrings_plots/by_N_gsdens_overlap/N-8_gsdens-high_overlap-low
by_N_gsdens_overlap,N-8_gsdens-high_overlap-mid,32,equal_bitstrings_plots/by_N_gsdens_overlap/N-8_gsdens-high_overlap-mid
by_N_gsdens_overlap,N-8_gsdens-low_overlap-high,17,equal_bitstrings_plots/by_N_gsdens_overlap/N-8_gsdens-low_overlap-high
by_N_gsdens_overlap,N-8_gsdens-low_overlap-low,30,equal_bitstrings_plots/by_N_gsdens_overlap/N-8_gsdens-low_overlap-low
by_N_gsdens_overlap,N-8_gsdens-low_overlap-mid,13,equal_bitstrings_plots/by_N_gsdens_overlap/N-8_gsdens-low_overlap-mid
by_N_gsdens_overlap,N-8_gsdens-mid_overlap-high,22,equal_bitstrings_plots/by_N_gsdens_overlap/N-8_gsdens-mid_overlap-high
by_N_gsdens_overlap,N-8_gsdens-mid_overlap-low,23,equal_bitstrings_plots/by_N_gsdens_overlap/N-8_gsdens-mid_overlap-low
by_N_gsdens_overlap,N-8_gsdens-mid_overlap-mid,15,equal_bitstrings_plots/by_N_gsdens_overlap/N-8_gsdens-mid_overlap-mid
by_N_hamdens_overlap,N-10_hamdens-high_overlap-high,19,equal_bitstrings_plots/by_N_hamdens_overlap/N-10_hamdens-high_overlap-high
by_N_hamdens_overlap,N-10_hamdens-high_overlap-low,17,equal_bitstrings_plots/by_N_hamdens_overlap/N-10_hamdens-high_overlap-low
by_N_hamdens_overlap,N-10_hamdens-high_overlap-mid,24,equal_bitstrings_plots/by_N_hamdens_overlap/N-10_hamdens-high_overlap-mid
by_N_hamdens_overlap,N-10_hamdens-low_overlap-high,20,equal_bitstrings_plots/by_N_hamdens_overlap/N-10_hamdens-low_overlap-high
by_N_hamdens_overlap,N-10_hamdens-low_overlap-low,28,equal_bitstrings_plots/by_N_hamdens_overlap/N-10_hamdens-low_overlap-low
by_N_hamdens_overlap,N-10_hamdens-low_overlap-mid,12,equal_bitstrings_plots/by_N_hamdens_overlap/N-10_hamdens-low_overlap-mid
by_N_hamdens_overlap,N-10_hamdens-mid_overlap-high,21,equal_bitstrings_plots/by_N_hamdens_overlap/N-10_hamdens-mid_overlap-high
by_N_hamdens_overlap,N-10_hamdens-mid_overlap-low,15,equal_bitstrings_plots/by_N_hamdens_overlap/N-10_hamdens-mid_overlap-low
by_N_hamdens_overlap,N-10_hamdens-mid_overlap-mid,24,equal_bitstrings_plots/by_N_hamdens_overlap/N-10_hamdens-mid_overlap-mid
by_N_hamdens_overlap,N-12_hamdens-high_overlap-high,16,equal_bitstrings_plots/by_N_hamdens_overlap/N-12_hamdens-high_overlap-high
by_N_hamdens_overlap,N-12_hamdens-high_overlap-low,11,equal_bitstrings_plots/by_N_hamdens_overlap/N-12_hamdens-high_overlap-low
by_N_hamdens_overlap,N-12_hamdens-high_overlap-mid,33,equal_bitstrings_plots/by_N_hamdens_overlap/N-12_hamdens-high_overlap-mid
by_N_hamdens_overlap,N-12_hamdens-low_overlap-high,21,equal_bitstrings_plots/by_N_hamdens_overlap/N-12_hamdens-low_overlap-high
by_N_hamdens_overlap,N-12_hamdens-low_overlap-low,30,equal_bitstrings_plots/by_N_hamdens_overlap/N-12_hamdens-low_overlap-low
by_N_hamdens_overlap,N-12_hamdens-low_overlap-mid,9,equal_bitstrings_plots/by_N_hamdens_overlap/N-12_hamdens-low_overlap-mid
by_N_hamdens_overlap,N-12_hamdens-mid_overlap-high,23,equal_bitstrings_plots/by_N_hamdens_overlap/N-12_hamdens-mid_overlap-high
by_N_hamdens_overlap,N-12_hamdens-mid_overlap-low,19,equal_bitstrings_plots/by_N_hamdens_overlap/N-12_hamdens-mid_overlap-low
by_N_hamdens_overlap,N-12_hamdens-mid_overlap-mid,18,equal_bitstrings_plots/by_N_hamdens_overlap/N-12_hamdens-mid_overlap-mid
by_N_hamdens_overlap,N-6_hamdens-high_overlap-high,23,equal_bitstrings_plots/by_N_hamdens_overlap/N-6_hamdens-high_overlap-high
by_N_hamdens_overlap,N-6_hamdens-high_overlap-low,10,equal_bitstrings_plots/by_N_hamdens_overlap/N-6_hamdens-high_overlap-low
by_N_hamdens_overlap,N-6_hamdens-high_overlap-mid,27,equal_bitstrings_plots/by_N_hamdens_overlap/N-6_hamdens-high_overlap-mid
by_N_hamdens_overlap,N-6_hamdens-low_overlap-high,16,equal_bitstrings_plots/by_N_hamdens_overlap/N-6_hamdens-low_overlap-high
by_N_hamdens_overlap,N-6_hamdens-low_overlap-low,30,equal_bitstrings_plots/by_N_hamdens_overlap/N-6_hamdens-low_overlap-low
by_N_hamdens_overlap,N-6_hamdens-low_overlap-mid,14,equal_bitstrings_plots/by_N_hamdens_overlap/N-6_hamdens-low_overlap-mid
by_N_hamdens_overlap,N-6_hamdens-mid_overlap-high,21,equal_bitstrings_plots/by_N_hamdens_overlap/N-6_hamdens-mid_overlap-high
by_N_hamdens_overlap,N-6_hamdens-mid_overlap-low,20,equal_bitstrings_plots/by_N_hamdens_overlap/N-6_hamdens-mid_overlap-low
by_N_hamdens_overlap,N-6_hamdens-mid_overlap-mid,19,equal_bitstrings_plots/by_N_hamdens_overlap/N-6_hamdens-mid_overlap-mid
by_N_hamdens_overlap,N-8_hamdens-high_overlap-high,22,equal_bitstrings_plots/by_N_hamdens_overlap/N-8_hamdens-high_overlap-high
by_N_hamdens_overlap,N-8_hamdens-high_overlap-low,13,equal_bitstrings_plots/by_N_hamdens_overlap/N-8_hamdens-high_overlap-low
by_N_hamdens_overlap,N-8_hamdens-high_overlap-mid,25,equal_bitstrings_plots/by_N_hamdens_overlap/N-8_hamdens-high_overlap-mid
by_N_hamdens_overlap,N-8_hamdens-low_overlap-high,17,equal_bitstrings_plots/by_N_hamdens_overlap/N-8_hamdens-low_overlap-high
by_N_hamdens_overlap,N-8_hamdens-low_overlap-low,30,equal_bitstrings_plots/by_N_hamdens_overlap/N-8_hamdens-low_overlap-low
by_N_hamdens_overlap,N-8_hamdens-low_overlap-mid,13,equal_bitstrings_plots/by_N_hamdens_overlap/N-8_hamdens-low_overlap-mid
by_N_hamdens_overlap,N-8_hamdens-mid_overlap-high,21,equal_bitstrings_plots/by_N_hamdens_overlap/N-8_hamdens-mid_overlap-high
by_N_hamdens_overlap,N-8_hamdens-mid_overlap-low,17,equal_bitstrings_plots/by_N_hamdens_overlap/N-8_hamdens-mid_overlap-low
by_N_hamdens_overlap,N-8_hamdens-mid_overlap-mid,22,equal_bitstrings_plots/by_N_hamdens_overlap/N-8_hamdens-mid_overlap-mid
by_maxint_gsdens_hamdens,maxint-1_gsdens-low_hamdens-low,240,equal_bitstrings_plots/by_maxint_gsdens_hamdens/maxint-1_gsdens-low_hamdens-low
by_maxint_gsdens_hamdens,maxint-2_gsdens-high_hamdens-mid,36,equal_bitstrings_plots/by_maxint_gsdens_hamdens/maxint-2_gsdens-high_hamdens-mid
by_maxint_gsdens_hamdens,maxint-2_gsdens-mid_hamdens-mid,204,equal_bitstrings_plots/by_maxint_gsdens_hamdens/maxint-2_gsdens-mid_hamdens-mid
by_maxint_gsdens_hamdens,maxint-3_gsdens-high_hamdens-high,174,equal_bitstrings_plots/by_maxint_gsdens_hamdens/maxint-3_gsdens-high_hamdens-high
by_maxint_gsdens_hamdens,maxint-3_gsdens-mid_hamdens-high,66,equal_bitstrings_plots/by_maxint_gsdens_hamdens/maxint-3_gsdens-mid_hamdens-high
by_maxint_gsdens_overlap,maxint-1_gsdens-low_overlap-high,74,equal_bitstrings_plots/by_maxint_gsdens_overlap/maxint-1_gsdens-low_overlap-high
by_maxint_gsdens_overlap,maxint-1_gsdens-low_overlap-low,118,equal_bitstrings_plots/by_maxint_gsdens_overlap/maxint-1_gsdens-low_overlap-low
by_maxint_gsdens_overlap,maxint-1_gsdens-low_overlap-mid,48,equal_bitstrings_plots/by_maxint_gsdens_overlap/maxint-1_gsdens-low_overlap-mid
by_maxint_gsdens_overlap,maxint-2_gsdens-high_overlap-high,12,equal_bitstrings_plots/by_maxint_gsdens_overlap/maxint-2_gsdens-high_overlap-high
by_maxint_gsdens_overlap,maxint-2_gsdens-high_overlap-low,6,equal_bitstrings_plots/by_maxint_gsdens_overlap/maxint-2_gsdens-high_overlap-low
by_maxint_gsdens_overlap,maxint-2_gsdens-high_overlap-mid,18,equal_bitstrings_plots/by_maxint_gsdens_overlap/maxint-2_gsdens-high_overlap-mid
by_maxint_gsdens_overlap,maxint-2_gsdens-mid_overlap-high,74,equal_bitstrings_plots/by_maxint_gsdens_overlap/maxint-2_gsdens-mid_overlap-high
by_maxint_gsdens_overlap,maxint-2_gsdens-mid_overlap-low,65,equal_bitstrings_plots/by_maxint_gsdens_overlap/maxint-2_gsdens-mid_overlap-low
by_maxint_gsdens_overlap,maxint-2_gsdens-mid_overlap-mid,65,equal_bitstrings_plots/by_maxint_gsdens_overlap/maxint-2_gsdens-mid_overlap-mid
by_maxint_gsdens_overlap,maxint-3_gsdens-high_overlap-high,57,equal_bitstrings_plots/by_maxint_gsdens_overlap/maxint-3_gsdens-high_overlap-high
by_maxint_gsdens_overlap,maxint-3_gsdens-high_overlap-low,33,equal_bitstrings_plots/by_maxint_gsdens_overlap/maxint-3_gsdens-high_overlap-low
by_maxint_gsdens_overlap,maxint-3_gsdens-high_overlap-mid,84,equal_bitstrings_plots/by_maxint_gsdens_overlap/maxint-3_gsdens-high_overlap-mid
by_maxint_gsdens_overlap,maxint-3_gsdens-mid_overlap-high,23,equal_bitstrings_plots/by_maxint_gsdens_overlap/maxint-3_gsdens-mid_overlap-high
by_maxint_gsdens_overlap,maxint-3_gsdens-mid_overlap-low,18,equal_bitstrings_plots/by_maxint_gsdens_overlap/maxint-3_gsdens-mid_overlap-low
by_maxint_gsdens_overlap,maxint-3_gsdens-mid_overlap-mid,25,equal_bitstrings_plots/by_maxint_gsdens_overlap/maxint-3_gsdens-mid_overlap-mid
by_maxint_hamdens_overlap,maxint-1_hamdens-low_overlap-high,74,equal_bitstrings_plots/by_maxint_hamdens_overlap/maxint-1_hamdens-low_overlap-high
by_maxint_hamdens_overlap,maxint-1_hamdens-low_overlap-low,118,equal_bitstrings_plots/by_maxint_hamdens_overlap/maxint-1_hamdens-low_overlap-low
by_maxint_hamdens_overlap,maxint-1_hamdens-low_overlap-mid,48,equal_bitstrings_plots/by_maxint_hamdens_overlap/maxint-1_hamdens-low_overlap-mid
by_maxint_hamdens_overlap,maxint-2_hamdens-mid_overlap-high,86,equal_bitstrings_plots/by_maxint_hamdens_overlap/maxint-2_hamdens-mid_overlap-high
by_maxint_hamdens_overlap,maxint-2_hamdens-mid_overlap-low,71,equal_bitstrings_plots/by_maxint_hamdens_overlap/maxint-2_hamdens-mid_overlap-low
by_maxint_hamdens_overlap,maxint-2_hamdens-mid_overlap-mid,83,equal_bitstrings_plots/by_maxint_hamdens_overlap/maxint-2_hamdens-mid_overlap-mid
by_maxint_hamdens_overlap,maxint-3_hamdens-high_overlap-high,80,equal_bitstrings_plots/by_maxint_hamdens_overlap/maxint-3_hamdens-high_overlap-high
by_maxint_hamdens_overlap,maxint-3_hamdens-high_overlap-low,51,equal_bitstrings_plots/by_maxint_hamdens_overlap/maxint-3_hamdens-high_overlap-low
by_maxint_hamdens_overlap,maxint-3_hamdens-high_overlap-mid,109,equal_bitstrings_plots/by_maxint_hamdens_overlap/maxint-3_hamdens-high_overlap-mid
by_gsdens_hamdens_overlap,gsdens-high_hamdens-high_overlap-high,57,equal_bitstrings_plots/by_gsdens_hamdens_overlap/gsdens-high_hamdens-high_overlap-high
by_gsdens_hamdens_overlap,gsdens-high_hamdens-high_overlap-low,33,equal_bitstrings_plots/by_gsdens_hamdens_overlap/gsdens-high_hamdens-high_overlap-low
by_gsdens_hamdens_overlap,gsdens-high_hamdens-high_overlap-mid,84,equal_bitstrings_plots/by_gsdens_hamdens_overlap/gsdens-high_hamdens-high_overlap-mid
by_gsdens_hamdens_overlap,gsdens-high_hamdens-mid_overlap-high,12,equal_bitstrings_plots/by_gsdens_hamdens_overlap/gsdens-high_hamdens-mid_overlap-high
by_gsdens_hamdens_overlap,gsdens-high_hamdens-mid_overlap-low,6,equal_bitstrings_plots/by_gsdens_hamdens_overlap/gsdens-high_hamdens-mid_overlap-low
by_gsdens_hamdens_overlap,gsdens-high_hamdens-mid_overlap-mid,18,equal_bitstrings_plots/by_gsdens_hamdens_overlap/gsdens-high_hamdens-mid_overlap-mid
by_gsdens_hamdens_overlap,gsdens-low_hamdens-low_overlap-high,74,equal_bitstrings_plots/by_gsdens_hamdens_overlap/gsdens-low_hamdens-low_overlap-high
by_gsdens_hamdens_overlap,gsdens-low_hamdens-low_overlap-low,118,equal_bitstrings_plots/by_gsdens_hamdens_overlap/gsdens-low_hamdens-low_overlap-low
by_gsdens_hamdens_overlap,gsdens-low_hamdens-low_overlap-mid,48,equal_bitstrings_plots/by_gsdens_hamdens_overlap/gsdens-low_hamdens-low_overlap-mid
by_gsdens_hamdens_overlap,gsdens-mid_hamdens-high_overlap-high,23,equal_bitstrings_plots/by_gsdens_hamdens_overlap/gsdens-mid_hamdens-high_overlap-high
by_gsdens_hamdens_overlap,gsdens-mid_hamdens-high_overlap-low,18,equal_bitstrings_plots/by_gsdens_hamdens_overlap/gsdens-mid_hamdens-high_overlap-low
by_gsdens_hamdens_overlap,gsdens-mid_hamdens-high_overlap-mid,25,equal_bitstrings_plots/by_gsdens_hamdens_overlap/gsdens-mid_hamdens-high_overlap-mid
by_gsdens_hamdens_overlap,gsdens-mid_hamdens-mid_overlap-high,74,equal_bitstrings_plots/by_gsdens_hamdens_overlap/gsdens-mid_hamdens-mid_overlap-high
by_gsdens_hamdens_overlap,gsdens-mid_hamdens-mid_overlap-low,65,equal_bitstrings_plots/by_gsdens_hamdens_overlap/gsdens-mid_hamdens-mid_overlap-low
by_gsdens_hamdens_overlap,gsdens-mid_hamdens-mid_overlap-mid,65,equal_bitstrings_plots/by_gsdens_hamdens_overlap/gsdens-mid_hamdens-mid_overlap-mid
by_N_maxint_gsdens_hamdens,N-10_maxint-1_gsdens-low_hamdens-low,60,equal_bitstrings_plots/by_N_maxint_gsdens_hamdens/N-10_maxint-1_gsdens-low_hamdens-low
by_N_maxint_gsdens_hamdens,N-10_maxint-2_gsdens-high_hamdens-mid,6,equal_bitstrings_plots/by_N_maxint_gsdens_hamdens/N-10_maxint-2_gsdens-high_hamdens-mid
by_N_maxint_gsdens_hamdens,N-10_maxint-2_gsdens-mid_hamdens-mid,54,equal_bitstrings_plots/by_N_maxint_gsdens_hamdens/N-10_maxint-2_gsdens-mid_hamdens-mid
by_N_maxint_gsdens_hamdens,N-10_maxint-3_gsdens-high_hamdens-high,54,equal_bitstrings_plots/by_N_maxint_gsdens_hamdens/N-10_maxint-3_gsdens-high_hamdens-high
by_N_maxint_gsdens_hamdens,N-10_maxint-3_gsdens-mid_hamdens-high,6,equal_bitstrings_plots/by_N_maxint_gsdens_hamdens/N-10_maxint-3_gsdens-mid_hamdens-high
by_N_maxint_gsdens_hamdens,N-12_maxint-1_gsdens-low_hamdens-low,60,equal_bitstrings_plots/by_N_maxint_gsdens_hamdens/N-12_maxint-1_gsdens-low_hamdens-low
by_N_maxint_gsdens_hamdens,N-12_maxint-2_gsdens-high_hamdens-mid,6,equal_bitstrings_plots/by_N_maxint_gsdens_hamdens/N-12_maxint-2_gsdens-high_hamdens-mid
by_N_maxint_gsdens_hamdens,N-12_maxint-2_gsdens-mid_hamdens-mid,54,equal_bitstrings_plots/by_N_maxint_gsdens_hamdens/N-12_maxint-2_gsdens-mid_hamdens-mid
by_N_maxint_gsdens_hamdens,N-12_maxint-3_gsdens-high_hamdens-high,54,equal_bitstrings_plots/by_N_maxint_gsdens_hamdens/N-12_maxint-3_gsdens-high_hamdens-high
by_N_maxint_gsdens_hamdens,N-12_maxint-3_gsdens-mid_hamdens-high,6,equal_bitstrings_plots/by_N_maxint_gsdens_hamdens/N-12_maxint-3_gsdens-mid_hamdens-high
by_N_maxint_gsdens_hamdens,N-6_maxint-1_gsdens-low_hamdens-low,60,equal_bitstrings_plots/by_N_maxint_gsdens_hamdens/N-6_maxint-1_gsdens-low_hamdens-low
by_N_maxint_gsdens_hamdens,N-6_maxint-2_gsdens-high_hamdens-mid,12,equal_bitstrings_plots/by_N_maxint_gsdens_hamdens/N-6_maxint-2_gsdens-high_hamdens-mid
by_N_maxint_gsdens_hamdens,N-6_maxint-2_gsdens-mid_hamdens-mid,48,equal_bitstrings_plots/by_N_maxint_gsdens_hamdens/N-6_maxint-2_gsdens-mid_hamdens-mid
by_N_maxint_gsdens_hamdens,N-6_maxint-3_gsdens-high_hamdens-high,18,equal_bitstrings_plots/by_N_maxint_gsdens_hamdens/N-6_maxint-3_gsdens-high_hamdens-high
by_N_maxint_gsdens_hamdens,N-6_maxint-3_gsdens-mid_hamdens-high,42,equal_bitstrings_plots/by_N_maxint_gsdens_hamdens/N-6_maxint-3_gsdens-mid_hamdens-high
by_N_maxint_gsdens_hamdens,N-8_maxint-1_gsdens-low_hamdens-low,60,equal_bitstrings_plots/by_N_maxint_gsdens_hamdens/N-8_maxint-1_gsdens-low_hamdens-low
by_N_maxint_gsdens_hamdens,N-8_maxint-2_gsdens-high_hamdens-mid,12,equal_bitstrings_plots/by_N_maxint_gsdens_hamdens/N-8_maxint-2_gsdens-high_hamdens-mid
by_N_maxint_gsdens_hamdens,N-8_maxint-2_gsdens-mid_hamdens-mid,48,equal_bitstrings_plots/by_N_maxint_gsdens_hamdens/N-8_maxint-2_gsdens-mid_hamdens-mid
by_N_maxint_gsdens_hamdens,N-8_maxint-3_gsdens-high_hamdens-high,48,equal_bitstrings_plots/by_N_maxint_gsdens_hamdens/N-8_maxint-3_gsdens-high_hamdens-high
by_N_maxint_gsdens_hamdens,N-8_maxint-3_gsdens-mid_hamdens-high,12,equal_bitstrings_plots/by_N_maxint_gsdens_hamdens/N-8_maxint-3_gsdens-mid_hamdens-high
by_N_maxint_gsdens_overlap,N-10_maxint-1_gsdens-low_overlap-high,20,equal_bitstrings_plots/by_N_maxint_gsdens_overlap/N-10_maxint-1_gsdens-low_overlap-high
by_N_maxint_gsdens_overlap,N-10_maxint-1_gsdens-low_overlap-low,28,equal_bitstrings_plots/by_N_maxint_gsdens_overlap/N-10_maxint-1_gsdens-low_overlap-low
by_N_maxint_gsdens_overlap,N-10_maxint-1_gsdens-low_overlap-mid,12,equal_bitstrings_plots/by_N_maxint_gsdens_overlap/N-10_maxint-1_gsdens-low_overlap-mid
by_N_maxint_gsdens_overlap,N-10_maxint-2_gsdens-mid_overlap-high,20,equal_bitstrings_plots/by_N_maxint_gsdens_overlap/N-10_maxint-2_gsdens-mid_overlap-high
by_N_maxint_gsdens_overlap,N-10_maxint-2_gsdens-mid_overlap-low,13,equal_bitstrings_plots/by_N_maxint_gsdens_overlap/N-10_maxint-2_gsdens-mid_overlap-low
by_N_maxint_gsdens_overlap,N-10_maxint-2_gsdens-mid_overlap-mid,21,equal_bitstrings_plots/by_N_maxint_gsdens_overlap/N-10_maxint-2_gsdens-mid_overlap-mid
by_N_maxint_gsdens_overlap,N-10_maxint-3_gsdens-high_overlap-high,18,equal_bitstrings_plots/by_N_maxint_gsdens_overlap/N-10_maxint-3_gsdens-high_overlap-high
by_N_maxint_gsdens_overlap,N-10_maxint-3_gsdens-high_overlap-low,15,equal_bitstrings_plots/by_N_maxint_gsdens_overlap/N-10_maxint-3_gsdens-high_overlap-low
by_N_maxint_gsdens_overlap,N-10_maxint-3_gsdens-high_overlap-mid,21,equal_bitstrings_plots/by_N_maxint_gsdens_overlap/N-10_maxint-3_gsdens-high_overlap-mid
by_N_maxint_gsdens_overlap,N-12_maxint-1_gsdens-low_overlap-high,21,equal_bitstrings_plots/by_N_maxint_gsdens_overlap/N-12_maxint-1_gsdens-low_overlap-high
by_N_maxint_gsdens_overlap,N-12_maxint-1_gsdens-low_overlap-low,30,equal_bitstrings_plots/by_N_maxint_gsdens_overlap/N-12_maxint-1_gsdens-low_overlap-low
by_N_maxint_gsdens_overlap,N-12_maxint-1_gsdens-low_overlap-mid,9,equal_bitstrings_plots/by_N_maxint_gsdens_overlap/N-12_maxint-1_gsdens-low_overlap-mid
by_N_maxint_gsdens_overlap,N-12_maxint-2_gsdens-mid_overlap-high,22,equal_bitstrings_plots/by_N_maxint_gsdens_overlap/N-12_maxint-2_gsdens-mid_overlap-high
by_N_maxint_gsdens_overlap,N-12_maxint-2_gsdens-mid_overlap-low,16,equal_bitstrings_plots/by_N_maxint_gsdens_overlap/N-12_maxint-2_gsdens-mid_overlap-low
by_N_maxint_gsdens_overlap,N-12_maxint-2_gsdens-mid_overlap-mid,16,equal_bitstrings_plots/by_N_maxint_gsdens_overlap/N-12_maxint-2_gsdens-mid_overlap-mid
by_N_maxint_gsdens_overlap,N-12_maxint-3_gsdens-high_overlap-high,15,equal_bitstrings_plots/by_N_maxint_gsdens_overlap/N-12_maxint-3_gsdens-high_overlap-high
by_N_maxint_gsdens_overlap,N-12_maxint-3_gsdens-high_overlap-low,8,equal_bitstrings_plots/by_N_maxint_gsdens_overlap/N-12_maxint-3_gsdens-high_overlap-low
by_N_maxint_gsdens_overlap,N-12_maxint-3_gsdens-high_overlap-mid,31,equal_bitstrings_plots/by_N_maxint_gsdens_overlap/N-12_maxint-3_gsdens-high_overlap-mid
by_N_maxint_gsdens_overlap,N-6_maxint-1_gsdens-low_overlap-high,16,equal_bitstrings_plots/by_N_maxint_gsdens_overlap/N-6_maxint-1_gsdens-low_overlap-high
by_N_maxint_gsdens_overlap,N-6_maxint-1_gsdens-low_overlap-low,30,equal_bitstrings_plots/by_N_maxint_gsdens_overlap/N-6_maxint-1_gsdens-low_overlap-low
by_N_maxint_gsdens_overlap,N-6_maxint-1_gsdens-low_overlap-mid,14,equal_bitstrings_plots/by_N_maxint_gsdens_overlap/N-6_maxint-1_gsdens-low_overlap-mid
by_N_maxint_gsdens_overlap,N-6_maxint-2_gsdens-high_overlap-high,5,equal_bitstrings_plots/by_N_maxint_gsdens_overlap/N-6_maxint-2_gsdens-high_overlap-high
by_N_maxint_gsdens_overlap,N-6_maxint-2_gsdens-high_overlap-mid,6,equal_bitstrings_plots/by_N_maxint_gsdens_overlap/N-6_maxint-2_gsdens-high_overlap-mid
by_N_maxint_gsdens_overlap,N-6_maxint-2_gsdens-mid_overlap-high,16,equal_bitstrings_plots/by_N_maxint_gsdens_overlap/N-6_maxint-2_gsdens-mid_overlap-high
by_N_maxint_gsdens_overlap,N-6_maxint-2_gsdens-mid_overlap-low,19,equal_bitstrings_plots/by_N_maxint_gsdens_overlap/N-6_maxint-2_gsdens-mid_overlap-low
by_N_maxint_gsdens_overlap,N-6_maxint-2_gsdens-mid_overlap-mid,13,equal_bitstrings_plots/by_N_maxint_gsdens_overlap/N-6_maxint-2_gsdens-mid_overlap-mid
by_N_maxint_gsdens_overlap,N-6_maxint-3_gsdens-high_overlap-high,8,equal_bitstrings_plots/by_N_maxint_gsdens_overlap/N-6_maxint-3_gsdens-high_overlap-high
by_N_maxint_gsdens_overlap,N-6_maxint-3_gsdens-high_overlap-mid,7,equal_bitstrings_plots/by_N_maxint_gsdens_overlap/N-6_maxint-3_gsdens-high_overlap-mid
by_N_maxint_gsdens_overlap,N-6_maxint-3_gsdens-mid_overlap-high,15,equal_bitstrings_plots/by_N_maxint_gsdens_overlap/N-6_maxint-3_gsdens-mid_overlap-high
by_N_maxint_gsdens_overlap,N-6_maxint-3_gsdens-mid_overlap-low,7,equal_bitstrings_plots/by_N_maxint_gsdens_overlap/N-6_maxint-3_gsdens-mid_overlap-low
by_N_maxint_gsdens_overlap,N-6_maxint-3_gsdens-mid_overlap-mid,20,equal_bitstrings_plots/by_N_maxint_gsdens_overlap/N-6_maxint-3_gsdens-mid_overlap-mid
by_N_maxint_gsdens_overlap,N-8_maxint-1_gsdens-low_overlap-high,17,equal_bitstrings_plots/by_N_maxint_gsdens_overlap/N-8_maxint-1_gsdens-low_overlap-high
by_N_maxint_gsdens_overlap,N-8_maxint-1_gsdens-low_overlap-low,30,equal_bitstrings_plots/by_N_maxint_gsdens_overlap/N-8_maxint-1_gsdens-low_overlap-low
by_N_maxint_gsdens_overlap,N-8_maxint-1_gsdens-low_overlap-mid,13,equal_bitstrings_plots/by_N_maxint_gsdens_overlap/N-8_maxint-1_gsdens-low_overlap-mid
by_N_maxint_gsdens_overlap,N-8_maxint-2_gsdens-high_overlap-high,5,equal_bitstrings_plots/by_N_maxint_gsdens_overlap/N-8_maxint-2_gsdens-high_overlap-high
by_N_maxint_gsdens_overlap,N-8_maxint-2_gsdens-high_overlap-mid,7,equal_bitstrings_plots/by_N_maxint_gsdens_overlap/N-8_maxint-2_gsdens-high_overlap-mid
by_N_maxint_gsdens_overlap,N-8_maxint-2_gsdens-mid_overlap-high,16,equal_bitstrings_plots/by_N_maxint_gsdens_overlap/N-8_maxint-2_gsdens-mid_overlap-high
by_N_maxint_gsdens_overlap,N-8_maxint-2_gsdens-mid_overlap-low,17,equal_bitstrings_plots/by_N_maxint_gsdens_overlap/N-8_maxint-2_gsdens-mid_overlap-low
by_N_maxint_gsdens_overlap,N-8_maxint-2_gsdens-mid_overlap-mid,15,equal_bitstrings_plots/by_N_maxint_gsdens_overlap/N-8_maxint-2_gsdens-mid_overlap-mid
by_N_maxint_gsdens_overlap,N-8_maxint-3_gsdens-high_overlap-high,16,equal_bitstrings_plots/by_N_maxint_gsdens_overlap/N-8_maxint-3_gsdens-high_overlap-high
by_N_maxint_gsdens_overlap,N-8_maxint-3_gsdens-high_overlap-low,7,equal_bitstrings_plots/by_N_maxint_gsdens_overlap/N-8_maxint-3_gsdens-high_overlap-low
by_N_maxint_gsdens_overlap,N-8_maxint-3_gsdens-high_overlap-mid,25,equal_bitstrings_plots/by_N_maxint_gsdens_overlap/N-8_maxint-3_gsdens-high_overlap-mid
by_N_maxint_gsdens_overlap,N-8_maxint-3_gsdens-mid_overlap-high,6,equal_bitstrings_plots/by_N_maxint_gsdens_overlap/N-8_maxint-3_gsdens-mid_overlap-high
by_N_maxint_gsdens_overlap,N-8_maxint-3_gsdens-mid_overlap-low,6,equal_bitstrings_plots/by_N_maxint_gsdens_overlap/N-8_maxint-3_gsdens-mid_overlap-low
by_N_maxint_hamdens_overlap,N-10_maxint-1_hamdens-low_overlap-high,20,equal_bitstrings_plots/by_N_maxint_hamdens_overlap/N-10_maxint-1_hamdens-low_overlap-high
by_N_maxint_hamdens_overlap,N-10_maxint-1_hamdens-low_overlap-low,28,equal_bitstrings_plots/by_N_maxint_hamdens_overlap/N-10_maxint-1_hamdens-low_overlap-low
by_N_maxint_hamdens_overlap,N-10_maxint-1_hamdens-low_overlap-mid,12,equal_bitstrings_plots/by_N_maxint_hamdens_overlap/N-10_maxint-1_hamdens-low_overlap-mid
by_N_maxint_hamdens_overlap,N-10_maxint-2_hamdens-mid_overlap-high,21,equal_bitstrings_plots/by_N_maxint_hamdens_overlap/N-10_maxint-2_hamdens-mid_overlap-high
by_N_maxint_hamdens_overlap,N-10_maxint-2_hamdens-mid_overlap-low,15,equal_bitstrings_plots/by_N_maxint_hamdens_overlap/N-10_maxint-2_hamdens-mid_overlap-low
by_N_maxint_hamdens_overlap,N-10_maxint-2_hamdens-mid_overlap-mid,24,equal_bitstrings_plots/by_N_maxint_hamdens_overlap/N-10_maxint-2_hamdens-mid_overlap-mid
by_N_maxint_hamdens_overlap,N-10_maxint-3_hamdens-high_overlap-high,19,equal_bitstrings_plots/by_N_maxint_hamdens_overlap/N-10_maxint-3_hamdens-high_overlap-high
by_N_maxint_hamdens_overlap,N-10_maxint-3_hamdens-high_overlap-low,17,equal_bitstrings_plots/by_N_maxint_hamdens_overlap/N-10_maxint-3_hamdens-high_overlap-low
by_N_maxint_hamdens_overlap,N-10_maxint-3_hamdens-high_overlap-mid,24,equal_bitstrings_plots/by_N_maxint_hamdens_overlap/N-10_maxint-3_hamdens-high_overlap-mid
by_N_maxint_hamdens_overlap,N-12_maxint-1_hamdens-low_overlap-high,21,equal_bitstrings_plots/by_N_maxint_hamdens_overlap/N-12_maxint-1_hamdens-low_overlap-high
by_N_maxint_hamdens_overlap,N-12_maxint-1_hamdens-low_overlap-low,30,equal_bitstrings_plots/by_N_maxint_hamdens_overlap/N-12_maxint-1_hamdens-low_overlap-low
by_N_maxint_hamdens_overlap,N-12_maxint-1_hamdens-low_overlap-mid,9,equal_bitstrings_plots/by_N_maxint_hamdens_overlap/N-12_maxint-1_hamdens-low_overlap-mid
by_N_maxint_hamdens_overlap,N-12_maxint-2_hamdens-mid_overlap-high,23,equal_bitstrings_plots/by_N_maxint_hamdens_overlap/N-12_maxint-2_hamdens-mid_overlap-high
by_N_maxint_hamdens_overlap,N-12_maxint-2_hamdens-mid_overlap-low,19,equal_bitstrings_plots/by_N_maxint_hamdens_overlap/N-12_maxint-2_hamdens-mid_overlap-low
by_N_maxint_hamdens_overlap,N-12_maxint-2_hamdens-mid_overlap-mid,18,equal_bitstrings_plots/by_N_maxint_hamdens_overlap/N-12_maxint-2_hamdens-mid_overlap-mid
by_N_maxint_hamdens_overlap,N-12_maxint-3_hamdens-high_overlap-high,16,equal_bitstrings_plots/by_N_maxint_hamdens_overlap/N-12_maxint-3_hamdens-high_overlap-high
by_N_maxint_hamdens_overlap,N-12_maxint-3_hamdens-high_overlap-low,11,equal_bitstrings_plots/by_N_maxint_hamdens_overlap/N-12_maxint-3_hamdens-high_overlap-low
by_N_maxint_hamdens_overlap,N-12_maxint-3_hamdens-high_overlap-mid,33,equal_bitstrings_plots/by_N_maxint_hamdens_overlap/N-12_maxint-3_hamdens-high_overlap-mid
by_N_maxint_hamdens_overlap,N-6_maxint-1_hamdens-low_overlap-high,16,equal_bitstrings_plots/by_N_maxint_hamdens_overlap/N-6_maxint-1_hamdens-low_overlap-high
by_N_maxint_hamdens_overlap,N-6_maxint-1_hamdens-low_overlap-low,30,equal_bitstrings_plots/by_N_maxint_hamdens_overlap/N-6_maxint-1_hamdens-low_overlap-low
by_N_maxint_hamdens_overlap,N-6_maxint-1_hamdens-low_overlap-mid,14,equal_bitstrings_plots/by_N_maxint_hamdens_overlap/N-6_maxint-1_hamdens-low_overlap-mid
by_N_maxint_hamdens_overlap,N-6_maxint-2_hamdens-mid_overlap-high,21,equal_bitstrings_plots/by_N_maxint_hamdens_overlap/N-6_maxint-2_hamdens-mid_overlap-high
by_N_maxint_hamdens_overlap,N-6_maxint-2_hamdens-mid_overlap-low,20,equal_bitstrings_plots/by_N_maxint_hamdens_overlap/N-6_maxint-2_hamdens-mid_overlap-low
by_N_maxint_hamdens_overlap,N-6_maxint-2_hamdens-mid_overlap-mid,19,equal_bitstrings_plots/by_N_maxint_hamdens_overlap/N-6_maxint-2_hamdens-mid_overlap-mid
by_N_maxint_hamdens_overlap,N-6_maxint-3_hamdens-high_overlap-high,23,equal_bitstrings_plots/by_N_maxint_hamdens_overlap/N-6_maxint-3_hamdens-high_overlap-high
by_N_maxint_hamdens_overlap,N-6_maxint-3_hamdens-high_overlap-low,10,equal_bitstrings_plots/by_N_maxint_hamdens_overlap/N-6_maxint-3_hamdens-high_overlap-low
by_N_maxint_hamdens_overlap,N-6_maxint-3_hamdens-high_overlap-mid,27,equal_bitstrings_plots/by_N_maxint_hamdens_overlap/N-6_maxint-3_hamdens-high_overlap-mid
by_N_maxint_hamdens_overlap,N-8_maxint-1_hamdens-low_overlap-high,17,equal_bitstrings_plots/by_N_maxint_hamdens_overlap/N-8_maxint-1_hamdens-low_overlap-high
by_N_maxint_hamdens_overlap,N-8_maxint-1_hamdens-low_overlap-low,30,equal_bitstrings_plots/by_N_maxint_hamdens_overlap/N-8_maxint-1_hamdens-low_overlap-low
by_N_maxint_hamdens_overlap,N-8_maxint-1_hamdens-low_overlap-mid,13,equal_bitstrings_plots/by_N_maxint_hamdens_overlap/N-8_maxint-1_hamdens-low_overlap-mid
by_N_maxint_hamdens_overlap,N-8_maxint-2_hamdens-mid_overlap-high,21,equal_bitstrings_plots/by_N_maxint_hamdens_overlap/N-8_maxint-2_hamdens-mid_overlap-high
by_N_maxint_hamdens_overlap,N-8_maxint-2_hamdens-mid_overlap-low,17,equal_bitstrings_plots/by_N_maxint_hamdens_overlap/N-8_maxint-2_hamdens-mid_overlap-low
by_N_maxint_hamdens_overlap,N-8_maxint-2_hamdens-mid_overlap-mid,22,equal_bitstrings_plots/by_N_maxint_hamdens_overlap/N-8_maxint-2_hamdens-mid_overlap-mid
by_N_maxint_hamdens_overlap,N-8_maxint-3_hamdens-high_overlap-high,22,equal_bitstrings_plots/by_N_maxint_hamdens_overlap/N-8_maxint-3_hamdens-high_overlap-high
by_N_maxint_hamdens_overlap,N-8_maxint-3_hamdens-high_overlap-low,13,equal_bitstrings_plots/by_N_maxint_hamdens_overlap/N-8_maxint-3_hamdens-high_overlap-low
by_N_maxint_hamdens_overlap,N-8_maxint-3_hamdens-high_overlap-mid,25,equal_bitstrings_plots/by_N_maxint_hamdens_overlap/N-8_maxint-3_hamdens-high_overlap-mid
by_N_gsdens_hamdens_overlap,N-10_gsdens-high_hamdens-high_overlap-high,18,equal_bitstrings_plots/by_N_gsdens_hamdens_overlap/N-10_gsdens-high_hamdens-high_overlap-high
by_N_gsdens_hamdens_overlap,N-10_gsdens-high_hamdens-high_overlap-low,15,equal_bitstrings_plots/by_N_gsdens_hamdens_overlap/N-10_gsdens-high_hamdens-high_overlap-low
by_N_gsdens_hamdens_overlap,N-10_gsdens-high_hamdens-high_overlap-mid,21,equal_bitstrings_plots/by_N_gsdens_hamdens_overlap/N-10_gsdens-high_hamdens-high_overlap-mid
by_N_gsdens_hamdens_overlap,N-10_gsdens-low_hamdens-low_overlap-high,20,equal_bitstrings_plots/by_N_gsdens_hamdens_overlap/N-10_gsdens-low_hamdens-low_overlap-high
by_N_gsdens_hamdens_overlap,N-10_gsdens-low_hamdens-low_overlap-low,28,equal_bitstrings_plots/by_N_gsdens_hamdens_overlap/N-10_gsdens-low_hamdens-low_overlap-low
by_N_gsdens_hamdens_overlap,N-10_gsdens-low_hamdens-low_overlap-mid,12,equal_bitstrings_plots/by_N_gsdens_hamdens_overlap/N-10_gsdens-low_hamdens-low_overlap-mid
by_N_gsdens_hamdens_overlap,N-10_gsdens-mid_hamdens-mid_overlap-high,20,equal_bitstrings_plots/by_N_gsdens_hamdens_overlap/N-10_gsdens-mid_hamdens-mid_overlap-high
by_N_gsdens_hamdens_overlap,N-10_gsdens-mid_hamdens-mid_overlap-low,13,equal_bitstrings_plots/by_N_gsdens_hamdens_overlap/N-10_gsdens-mid_hamdens-mid_overlap-low
by_N_gsdens_hamdens_overlap,N-10_gsdens-mid_hamdens-mid_overlap-mid,21,equal_bitstrings_plots/by_N_gsdens_hamdens_overlap/N-10_gsdens-mid_hamdens-mid_overlap-mid
by_N_gsdens_hamdens_overlap,N-12_gsdens-high_hamdens-high_overlap-high,15,equal_bitstrings_plots/by_N_gsdens_hamdens_overlap/N-12_gsdens-high_hamdens-high_overlap-high
by_N_gsdens_hamdens_overlap,N-12_gsdens-high_hamdens-high_overlap-low,8,equal_bitstrings_plots/by_N_gsdens_hamdens_overlap/N-12_gsdens-high_hamdens-high_overlap-low
by_N_gsdens_hamdens_overlap,N-12_gsdens-high_hamdens-high_overlap-mid,31,equal_bitstrings_plots/by_N_gsdens_hamdens_overlap/N-12_gsdens-high_hamdens-high_overlap-mid
by_N_gsdens_hamdens_overlap,N-12_gsdens-low_hamdens-low_overlap-high,21,equal_bitstrings_plots/by_N_gsdens_hamdens_overlap/N-12_gsdens-low_hamdens-low_overlap-high
by_N_gsdens_hamdens_overlap,N-12_gsdens-low_hamdens-low_overlap-low,30,equal_bitstrings_plots/by_N_gsdens_hamdens_overlap/N-12_gsdens-low_hamdens-low_overlap-low
by_N_gsdens_hamdens_overlap,N-12_gsdens-low_hamdens-low_overlap-mid,9,equal_bitstrings_plots/by_N_gsdens_hamdens_overlap/N-12_gsdens-low_hamdens-low_overlap-mid
by_N_gsdens_hamdens_overlap,N-12_gsdens-mid_hamdens-mid_overlap-high,22,equal_bitstrings_plots/by_N_gsdens_hamdens_overlap/N-12_gsdens-mid_hamdens-mid_overlap-high
by_N_gsdens_hamdens_overlap,N-12_gsdens-mid_hamdens-mid_overlap-low,16,equal_bitstrings_plots/by_N_gsdens_hamdens_overlap/N-12_gsdens-mid_hamdens-mid_overlap-low
by_N_gsdens_hamdens_overlap,N-12_gsdens-mid_hamdens-mid_overlap-mid,16,equal_bitstrings_plots/by_N_gsdens_hamdens_overlap/N-12_gsdens-mid_hamdens-mid_overlap-mid
by_N_gsdens_hamdens_overlap,N-6_gsdens-high_hamdens-high_overlap-high,8,equal_bitstrings_plots/by_N_gsdens_hamdens_overlap/N-6_gsdens-high_hamdens-high_overlap-high
by_N_gsdens_hamdens_overlap,N-6_gsdens-high_hamdens-high_overlap-mid,7,equal_bitstrings_plots/by_N_gsdens_hamdens_overlap/N-6_gsdens-high_hamdens-high_overlap-mid
by_N_gsdens_hamdens_overlap,N-6_gsdens-high_hamdens-mid_overlap-high,5,equal_bitstrings_plots/by_N_gsdens_hamdens_overlap/N-6_gsdens-high_hamdens-mid_overlap-high
by_N_gsdens_hamdens_overlap,N-6_gsdens-high_hamdens-mid_overlap-mid,6,equal_bitstrings_plots/by_N_gsdens_hamdens_overlap/N-6_gsdens-high_hamdens-mid_overlap-mid
by_N_gsdens_hamdens_overlap,N-6_gsdens-low_hamdens-low_overlap-high,16,equal_bitstrings_plots/by_N_gsdens_hamdens_overlap/N-6_gsdens-low_hamdens-low_overlap-high
by_N_gsdens_hamdens_overlap,N-6_gsdens-low_hamdens-low_overlap-low,30,equal_bitstrings_plots/by_N_gsdens_hamdens_overlap/N-6_gsdens-low_hamdens-low_overlap-low
by_N_gsdens_hamdens_overlap,N-6_gsdens-low_hamdens-low_overlap-mid,14,equal_bitstrings_plots/by_N_gsdens_hamdens_overlap/N-6_gsdens-low_hamdens-low_overlap-mid
by_N_gsdens_hamdens_overlap,N-6_gsdens-mid_hamdens-high_overlap-high,15,equal_bitstrings_plots/by_N_gsdens_hamdens_overlap/N-6_gsdens-mid_hamdens-high_overlap-high
by_N_gsdens_hamdens_overlap,N-6_gsdens-mid_hamdens-high_overlap-low,7,equal_bitstrings_plots/by_N_gsdens_hamdens_overlap/N-6_gsdens-mid_hamdens-high_overlap-low
by_N_gsdens_hamdens_overlap,N-6_gsdens-mid_hamdens-high_overlap-mid,20,equal_bitstrings_plots/by_N_gsdens_hamdens_overlap/N-6_gsdens-mid_hamdens-high_overlap-mid
by_N_gsdens_hamdens_overlap,N-6_gsdens-mid_hamdens-mid_overlap-high,16,equal_bitstrings_plots/by_N_gsdens_hamdens_overlap/N-6_gsdens-mid_hamdens-mid_overlap-high
by_N_gsdens_hamdens_overlap,N-6_gsdens-mid_hamdens-mid_overlap-low,19,equal_bitstrings_plots/by_N_gsdens_hamdens_overlap/N-6_gsdens-mid_hamdens-mid_overlap-low
by_N_gsdens_hamdens_overlap,N-6_gsdens-mid_hamdens-mid_overlap-mid,13,equal_bitstrings_plots/by_N_gsdens_hamdens_overlap/N-6_gsdens-mid_hamdens-mid_overlap-mid
by_N_gsdens_hamdens_overlap,N-8_gsdens-high_hamdens-high_overlap-high,16,equal_bitstrings_plots/by_N_gsdens_hamdens_overlap/N-8_gsdens-high_hamdens-high_overlap-high
by_N_gsdens_hamdens_overlap,N-8_gsdens-high_hamdens-high_overlap-low,7,equal_bitstrings_plots/by_N_gsdens_hamdens_overlap/N-8_gsdens-high_hamdens-high_overlap-low
by_N_gsdens_hamdens_overlap,N-8_gsdens-high_hamdens-high_overlap-mid,25,equal_bitstrings_plots/by_N_gsdens_hamdens_overlap/N-8_gsdens-high_hamdens-high_overlap-mid
by_N_gsdens_hamdens_overlap,N-8_gsdens-high_hamdens-mid_overlap-high,5,equal_bitstrings_plots/by_N_gsdens_hamdens_overlap/N-8_gsdens-high_hamdens-mid_overlap-high
by_N_gsdens_hamdens_overlap,N-8_gsdens-high_hamdens-mid_overlap-mid,7,equal_bitstrings_plots/by_N_gsdens_hamdens_overlap/N-8_gsdens-high_hamdens-mid_overlap-mid
by_N_gsdens_hamdens_overlap,N-8_gsdens-low_hamdens-low_overlap-high,17,equal_bitstrings_plots/by_N_gsdens_hamdens_overlap/N-8_gsdens-low_hamdens-low_overlap-high
by_N_gsdens_hamdens_overlap,N-8_gsdens-low_hamdens-low_overlap-low,30,equal_bitstrings_plots/by_N_gsdens_hamdens_overlap/N-8_gsdens-low_hamdens-low_overlap-low
by_N_gsdens_hamdens_overlap,N-8_gsdens-low_hamdens-low_overlap-mid,13,equal_bitstrings_plots/by_N_gsdens_hamdens_overlap/N-8_gsdens-low_hamdens-low_overlap-mid
by_N_gsdens_hamdens_overlap,N-8_gsdens-mid_hamdens-high_overlap-high,6,equal_bitstrings_plots/by_N_gsdens_hamdens_overlap/N-8_gsdens-mid_hamdens-high_overlap-high
by_N_gsdens_hamdens_overlap,N-8_gsdens-mid_hamdens-high_overlap-low,6,equal_bitstrings_plots/by_N_gsdens_hamdens_overlap/N-8_gsdens-mid_hamdens-high_overlap-low
by_N_gsdens_hamdens_overlap,N-8_gsdens-mid_hamdens-mid_overlap-high,16,equal_bitstrings_plots/by_N_gsdens_hamdens_overlap/N-8_gsdens-mid_hamdens-mid_overlap-high
by_N_gsdens_hamdens_overlap,N-8_gsdens-mid_hamdens-mid_overlap-low,17,equal_bitstrings_plots/by_N_gsdens_hamdens_overlap/N-8_gsdens-mid_hamdens-mid_overlap-low
by_N_gsdens_hamdens_overlap,N-8_gsdens-mid_hamdens-mid_overlap-mid,15,equal_bitstrings_plots/by_N_gsdens_hamdens_overlap/N-8_gsdens-mid_hamdens-mid_overlap-mid
by_maxint_gsdens_hamdens_overlap,maxint-1_gsdens-low_hamdens-low_overlap-high,74,equal_bitstrings_plots/by_maxint_gsdens_hamdens_overlap/maxint-1_gsdens-low_hamdens-low_overlap-high
by_maxint_gsdens_hamdens_overlap,maxint-1_gsdens-low_hamdens-low_overlap-low,118,equal_bitstrings_plots/by_maxint_gsdens_hamdens_overlap/maxint-1_gsdens-low_hamdens-low_overlap-low
by_maxint_gsdens_hamdens_overlap,maxint-1_gsdens-low_hamdens-low_overlap-mid,48,equal_bitstrings_plots/by_maxint_gsdens_hamdens_overlap/maxint-1_gsdens-low_hamdens-low_overlap-mid
by_maxint_gsdens_hamdens_overlap,maxint-2_gsdens-high_hamdens-mid_overlap-high,12,equal_bitstrings_plots/by_maxint_gsdens_hamdens_overlap/maxint-2_gsdens-high_hamdens-mid_overlap-high
by_maxint_gsdens_hamdens_overlap,maxint-2_gsdens-high_hamdens-mid_overlap-low,6,equal_bitstrings_plots/by_maxint_gsdens_hamdens_overlap/maxint-2_gsdens-high_hamdens-mid_overlap-low
by_maxint_gsdens_hamdens_overlap,maxint-2_gsdens-high_hamdens-mid_overlap-mid,18,equal_bitstrings_plots/by_maxint_gsdens_hamdens_overlap/maxint-2_gsdens-high_hamdens-mid_overlap-mid
by_maxint_gsdens_hamdens_overlap,maxint-2_gsdens-mid_hamdens-mid_overlap-high,74,equal_bitstrings_plots/by_maxint_gsdens_hamdens_overlap/maxint-2_gsdens-mid_hamdens-mid_overlap-high
by_maxint_gsdens_hamdens_overlap,maxint-2_gsdens-mid_hamdens-mid_overlap-low,65,equal_bitstrings_plots/by_maxint_gsdens_hamdens_overlap/maxint-2_gsdens-mid_hamdens-mid_overlap-low
by_maxint_gsdens_hamdens_overlap,maxint-2_gsdens-mid_hamdens-mid_overlap-mid,65,equal_bitstrings_plots/by_maxint_gsdens_hamdens_overlap/maxint-2_gsdens-mid_hamdens-mid_overlap-mid
by_maxint_gsdens_hamdens_overlap,maxint-3_gsdens-high_hamdens-high_overlap-high,57,equal_bitstrings_plots/by_maxint_gsdens_hamdens_overlap/maxint-3_gsdens-high_hamdens-high_overlap-high
by_maxint_gsdens_hamdens_overlap,maxint-3_gsdens-high_hamdens-high_overlap-low,33,equal_bitstrings_plots/by_maxint_gsdens_hamdens_overlap/maxint-3_gsdens-high_hamdens-high_overlap-low
by_maxint_gsdens_hamdens_overlap,maxint-3_gsdens-high_hamdens-high_overlap-mid,84,equal_bitstrings_plots/by_maxint_gsdens_hamdens_overlap/maxint-3_gsdens-high_hamdens-high_overlap-mid
by_maxint_gsdens_hamdens_overlap,maxint-3_gsdens-mid_hamdens-high_overlap-high,23,equal_bitstrings_plots/by_maxint_gsdens_hamdens_overlap/maxint-3_gsdens-mid_hamdens-high_overlap-high
by_maxint_gsdens_hamdens_overlap,maxint-3_gsdens-mid_hamdens-high_overlap-low,18,equal_bitstrings_plots/by_maxint_gsdens_hamdens_overlap/maxint-3_gsdens-mid_hamdens-high_overlap-low
by_maxint_gsdens_hamdens_overlap,maxint-3_gsdens-mid_hamdens-high_overlap-mid,25,equal_bitstrings_plots/by_maxint_gsdens_hamdens_overlap/maxint-3_gsdens-mid_hamdens-high_overlap-mid
by_N_maxint_gsdens_hamdens_overlap,N-10_maxint-1_gsdens-low_hamdens-low_overlap-high,20,equal_bitstrings_plots/by_N_maxint_gsdens_hamdens_overlap/N-10_maxint-1_gsdens-low_hamdens-low_overlap-high
by_N_maxint_gsdens_hamdens_overlap,N-10_maxint-1_gsdens-low_hamdens-low_overlap-low,28,equal_bitstrings_plots/by_N_maxint_gsdens_hamdens_overlap/N-10_maxint-1_gsdens-low_hamdens-low_overlap-low
by_N_maxint_gsdens_hamdens_overlap,N-10_maxint-1_gsdens-low_hamdens-low_overlap-mid,12,equal_bitstrings_plots/by_N_maxint_gsdens_hamdens_overlap/N-10_maxint-1_gsdens-low_hamdens-low_overlap-mid
by_N_maxint_gsdens_hamdens_overlap,N-10_maxint-2_gsdens-mid_hamdens-mid_overlap-high,20,equal_bitstrings_plots/by_N_maxint_gsdens_hamdens_overlap/N-10_maxint-2_gsdens-mid_hamdens-mid_overlap-high
by_N_maxint_gsdens_hamdens_overlap,N-10_maxint-2_gsdens-mid_hamdens-mid_overlap-low,13,equal_bitstrings_plots/by_N_maxint_gsdens_hamdens_overlap/N-10_maxint-2_gsdens-mid_hamdens-mid_overlap-low
by_N_maxint_gsdens_hamdens_overlap,N-10_maxint-2_gsdens-mid_hamdens-mid_overlap-mid,21,equal_bitstrings_plots/by_N_maxint_gsdens_hamdens_overlap/N-10_maxint-2_gsdens-mid_hamdens-mid_overlap-mid
by_N_maxint_gsdens_hamdens_overlap,N-10_maxint-3_gsdens-high_hamdens-high_overlap-high,18,equal_bitstrings_plots/by_N_maxint_gsdens_hamdens_overlap/N-10_maxint-3_gsdens-high_hamdens-high_overlap-high
by_N_maxint_gsdens_hamdens_overlap,N-10_maxint-3_gsdens-high_hamdens-high_overlap-low,15,equal_bitstrings_plots/by_N_maxint_gsdens_hamdens_overlap/N-10_maxint-3_gsdens-high_hamdens-high_overlap-low
by_N_maxint_gsdens_hamdens_overlap,N-10_maxint-3_gsdens-high_hamdens-high_overlap-mid,21,equal_bitstrings_plots/by_N_maxint_gsdens_hamdens_overlap/N-10_maxint-3_gsdens-high_hamdens-high_overlap-mid
by_N_maxint_gsdens_hamdens_overlap,N-12_maxint-1_gsdens-low_hamdens-low_overlap-high,21,equal_bitstrings_plots/by_N_maxint_gsdens_hamdens_overlap/N-12_maxint-1_gsdens-low_hamdens-low_overlap-high
by_N_maxint_gsdens_hamdens_overlap,N-12_maxint-1_gsdens-low_hamdens-low_overlap-low,30,equal_bitstrings_plots/by_N_maxint_gsdens_hamdens_overlap/N-12_maxint-1_gsdens-low_hamdens-low_overlap-low
by_N_maxint_gsdens_hamdens_overlap,N-12_maxint-1_gsdens-low_hamdens-low_overlap-mid,9,equal_bitstrings_plots/by_N_maxint_gsdens_hamdens_overlap/N-12_maxint-1_gsdens-low_hamdens-low_overlap-mid
by_N_maxint_gsdens_hamdens_overlap,N-12_maxint-2_gsdens-mid_hamdens-mid_overlap-high,22,equal_bitstrings_plots/by_N_maxint_gsdens_hamdens_overlap/N-12_maxint-2_gsdens-mid_hamdens-mid_overlap-high
by_N_maxint_gsdens_hamdens_overlap,N-12_maxint-2_gsdens-mid_hamdens-mid_overlap-low,16,equal_bitstrings_plots/by_N_maxint_gsdens_hamdens_overlap/N-12_maxint-2_gsdens-mid_hamdens-mid_overlap-low
by_N_maxint_gsdens_hamdens_overlap,N-12_maxint-2_gsdens-mid_hamdens-mid_overlap-mid,16,equal_bitstrings_plots/by_N_maxint_gsdens_hamdens_overlap/N-12_maxint-2_gsdens-mid_hamdens-mid_overlap-mid
by_N_maxint_gsdens_hamdens_overlap,N-12_maxint-3_gsdens-high_hamdens-high_overlap-high,15,equal_bitstrings_plots/by_N_maxint_gsdens_hamdens_overlap/N-12_maxint-3_gsdens-high_hamdens-high_overlap-high
by_N_maxint_gsdens_hamdens_overlap,N-12_maxint-3_gsdens-high_hamdens-high_overlap-low,8,equal_bitstrings_plots/by_N_maxint_gsdens_hamdens_overlap/N-12_maxint-3_gsdens-high_hamdens-high_overlap-low
by_N_maxint_gsdens_hamdens_overlap,N-12_maxint-3_gsdens-high_hamdens-high_overlap-mid,31,equal_bitstrings_plots/by_N_maxint_gsdens_hamdens_overlap/N-12_maxint-3_gsdens-high_hamdens-high_overlap-mid
by_N_maxint_gsdens_hamdens_overlap,N-6_maxint-1_gsdens-low_hamdens-low_overlap-high,16,equal_bitstrings_plots/by_N_maxint_gsdens_hamdens_overlap/N-6_maxint-1_gsdens-low_hamdens-low_overlap-high
by_N_maxint_gsdens_hamdens_overlap,N-6_maxint-1_gsdens-low_hamdens-low_overlap-low,30,equal_bitstrings_plots/by_N_maxint_gsdens_hamdens_overlap/N-6_maxint-1_gsdens-low_hamdens-low_overlap-low
by_N_maxint_gsdens_hamdens_overlap,N-6_maxint-1_gsdens-low_hamdens-low_overlap-mid,14,equal_bitstrings_plots/by_N_maxint_gsdens_hamdens_overlap/N-6_maxint-1_gsdens-low_hamdens-low_overlap-mid
by_N_maxint_gsdens_hamdens_overlap,N-6_maxint-2_gsdens-high_hamdens-mid_overlap-high,5,equal_bitstrings_plots/by_N_maxint_gsdens_hamdens_overlap/N-6_maxint-2_gsdens-high_hamdens-mid_overlap-high
by_N_maxint_gsdens_hamdens_overlap,N-6_maxint-2_gsdens-high_hamdens-mid_overlap-mid,6,equal_bitstrings_plots/by_N_maxint_gsdens_hamdens_overlap/N-6_maxint-2_gsdens-high_hamdens-mid_overlap-mid
by_N_maxint_gsdens_hamdens_overlap,N-6_maxint-2_gsdens-mid_hamdens-mid_overlap-high,16,equal_bitstrings_plots/by_N_maxint_gsdens_hamdens_overlap/N-6_maxint-2_gsdens-mid_hamdens-mid_overlap-high
by_N_maxint_gsdens_hamdens_overlap,N-6_maxint-2_gsdens-mid_hamdens-mid_overlap-low,19,equal_bitstrings_plots/by_N_maxint_gsdens_hamdens_overlap/N-6_maxint-2_gsdens-mid_hamdens-mid_overlap-low
by_N_maxint_gsdens_hamdens_overlap,N-6_maxint-2_gsdens-mid_hamdens-mid_overlap-mid,13,equal_bitstrings_plots/by_N_maxint_gsdens_hamdens_overlap/N-6_maxint-2_gsdens-mid_hamdens-mid_overlap-mid
by_N_maxint_gsdens_hamdens_overlap,N-6_maxint-3_gsdens-high_hamdens-high_overlap-high,8,equal_bitstrings_plots/by_N_maxint_gsdens_hamdens_overlap/N-6_maxint-3_gsdens-high_hamdens-high_overlap-high
by_N_maxint_gsdens_hamdens_overlap,N-6_maxint-3_gsdens-high_hamdens-high_overlap-mid,7,equal_bitstrings_plots/by_N_maxint_gsdens_hamdens_overlap/N-6_maxint-3_gsdens-high_hamdens-high_overlap-mid
by_N_maxint_gsdens_hamdens_overlap,N-6_maxint-3_gsdens-mid_hamdens-high_overlap-high,15,equal_bitstrings_plots/by_N_maxint_gsdens_hamdens_overlap/N-6_maxint-3_gsdens-mid_hamdens-high_overlap-high
by_N_maxint_gsdens_hamdens_overlap,N-6_maxint-3_gsdens-mid_hamdens-high_overlap-low,7,equal_bitstrings_plots/by_N_maxint_gsdens_hamdens_overlap/N-6_maxint-3_gsdens-mid_hamdens-high_overlap-low
by_N_maxint_gsdens_hamdens_overlap,N-6_maxint-3_gsdens-mid_hamdens-high_overlap-mid,20,equal_bitstrings_plots/by_N_maxint_gsdens_hamdens_overlap/N-6_maxint-3_gsdens-mid_hamdens-high_overlap-mid
by_N_maxint_gsdens_hamdens_overlap,N-8_maxint-1_gsdens-low_hamdens-low_overlap-high,17,equal_bitstrings_plots/by_N_maxint_gsdens_hamdens_overlap/N-8_maxint-1_gsdens-low_hamdens-low_overlap-high
by_N_maxint_gsdens_hamdens_overlap,N-8_maxint-1_gsdens-low_hamdens-low_overlap-low,30,equal_bitstrings_plots/by_N_maxint_gsdens_hamdens_overlap/N-8_maxint-1_gsdens-low_hamdens-low_overlap-low
by_N_maxint_gsdens_hamdens_overlap,N-8_maxint-1_gsdens-low_hamdens-low_overlap-mid,13,equal_bitstrings_plots/by_N_maxint_gsdens_hamdens_overlap/N-8_maxint-1_gsdens-low_hamdens-low_overlap-mid
by_N_maxint_gsdens_hamdens_overlap,N-8_maxint-2_gsdens-high_hamdens-mid_overlap-high,5,equal_bitstrings_plots/by_N_maxint_gsdens_hamdens_overlap/N-8_maxint-2_gsdens-high_hamdens-mid_overlap-high
by_N_maxint_gsdens_hamdens_overlap,N-8_maxint-2_gsdens-high_hamdens-mid_overlap-mid,7,equal_bitstrings_plots/by_N_maxint_gsdens_hamdens_overlap/N-8_maxint-2_gsdens-high_hamdens-mid_overlap-mid
by_N_maxint_gsdens_hamdens_overlap,N-8_maxint-2_gsdens-mid_hamdens-mid_overlap-high,16,equal_bitstrings_plots/by_N_maxint_gsdens_hamdens_overlap/N-8_maxint-2_gsdens-mid_hamdens-mid_overlap-high
by_N_maxint_gsdens_hamdens_overlap,N-8_maxint-2_gsdens-mid_hamdens-mid_overlap-low,17,equal_bitstrings_plots/by_N_maxint_gsdens_hamdens_overlap/N-8_maxint-2_gsdens-mid_hamdens-mid_overlap-low
by_N_maxint_gsdens_hamdens_overlap,N-8_maxint-2_gsdens-mid_hamdens-mid_overlap-mid,15,equal_bitstrings_plots/by_N_maxint_gsdens_hamdens_overlap/N-8_maxint-2_gsdens-mid_hamdens-mid_overlap-mid
by_N_maxint_gsdens_hamdens_overlap,N-8_maxint-3_gsdens-high_hamdens-high_overlap-high,16,equal_bitstrings_plots/by_N_maxint_gsdens_hamdens_overlap/N-8_maxint-3_gsdens-high_hamdens-high_overlap-high
by_N_maxint_gsdens_hamdens_overlap,N-8_maxint-3_gsdens-high_hamdens-high_overlap-low,7,equal_bitstrings_plots/by_N_maxint_gsdens_hamdens_overlap/N-8_maxint-3_gsdens-high_hamdens-high_overlap-low
by_N_maxint_gsdens_hamdens_overlap,N-8_maxint-3_gsdens-high_hamdens-high_overlap-mid,25,equal_bitstrings_plots/by_N_maxint_gsdens_hamdens_overlap/N-8_maxint-3_gsdens-high_hamdens-high_overlap-mid
by_N_maxint_gsdens_hamdens_overlap,N-8_maxint-3_gsdens-mid_hamdens-high_overlap-high,6,equal_bitstrings_plots/by_N_maxint_gsdens_hamdens_overlap/N-8_maxint-3_gsdens-mid_hamdens-high_overlap-high
by_N_maxint_gsdens_hamdens_overlap,N-8_maxint-3_gsdens-mid_hamdens-high_overlap-low,6,equal_bitstrings_plots/by_N_maxint_gsdens_hamdens_overlap/N-8_maxint-3_gsdens-mid_hamdens-high_overlap-low
